Date,00116101__00169001,00116101__00177301,00116101__00187801,00169001__00177301,00169001__00187801,00177301__00187801
2015-03-30,0.07172813428003666,0.2481322068722814,0.09439738760066532,0.4161674147732693,0.26903794269764336,0.5208733640273954
2015-03-31,0.07749266867275165,0.2509131376595881,0.09871076891774938,0.4277507153967917,0.2728551939595493,0.5228275576167527
2015-04-01,0.06901671689080428,0.24538801224326334,0.09441772747349444,0.4100344030948432,0.2536147320878513,0.5111669843358889
2015-04-02,0.06804483047877392,0.24211613331213952,0.08683560007273462,0.41736328690200003,0.25763917348071735,0.4827221120154246
2015-04-06,0.0753758110347604,0.24799814173825682,0.08510598018072098,0.41996333030170013,0.25700809113968154,0.4809791034686488
2015-04-07,0.06758120902973762,0.24461260799548493,0.07782027647023267,0.39469238269303797,0.19910468513238708,0.44082199533067734
2015-04-08,0.06733769503636469,0.24789658982700102,0.0806594569993334,0.39104206591329066,0.19069723655483228,0.44175246498544424
2015-04-09,0.06834950298775694,0.249900648647262,0.08151804077824422,0.37425208232116886,0.16828258174045901,0.42973180485721635
2015-04-10,0.06701212879289475,0.24735026185328757,0.08054851717741063,0.37519489124104755,0.16851687214387331,0.430236465691686
2015-04-13,0.06387658128286287,0.2448414656768269,0.07063506724988296,0.3754660802788232,0.16607272510230953,0.4333569375788469
2015-04-14,0.034240141128135115,0.22155306947858894,0.04940185901738246,0.34891047285781607,0.14164193587086168,0.42209780534544955
2015-04-15,0.01745551573589836,0.27433676810633195,0.0802569584192544,0.37163951749719265,0.15673992651268437,0.3847903120266479
2015-04-16,0.05167470326131306,0.2627040111555058,0.08913528260900523,0.3846384649870175,0.15391618807797028,0.3852598853626211
2015-04-17,0.07980257071249064,0.29634526726986127,0.1396815769320273,0.3954309786768369,0.16927587691942245,0.4060341649245706
2015-04-20,0.05103712361994194,0.2632995440521314,0.12435835749023869,0.39992941473035326,0.16614532920429598,0.40647860044838385
2015-04-21,0.06369976453091038,0.247896522142968,0.1066359841501549,0.39980684790228216,0.161687080552513,0.4076838759769525
2015-04-22,0.05765325750586595,0.23031638700503673,0.10345552556951168,0.4061043098809531,0.16638040708870025,0.411475993092363
2015-04-23,0.11058848525054304,0.2454456436149565,0.15943023182688495,0.3673030288501611,0.0798051061734135,0.36978669788212004
2015-04-24,0.1752329433085295,0.24104324100978292,0.14256172660043126,0.47148027496857114,0.2397793708078316,0.3595216404397781
2015-04-27,0.19920451329897823,0.24106341058690914,0.1179658771296667,0.4890355466294596,0.15633395420948132,0.34292533237742984
2015-04-28,0.19774056834575424,0.2362936733548215,0.10918124787823898,0.4693473891113533,0.12154111367615504,0.3210645848308227
2015-04-29,0.1882001562670532,0.23144400352379765,0.11604397624305364,0.4465268874968057,0.1482458696905677,0.2985015008731761
2015-04-30,0.19086906699091538,0.19044257880594473,0.10316039263895717,0.5309221120113985,0.23954162631121453,0.3996147893189682
2015-05-01,0.2027946148832625,0.21810972801868903,0.08510081178119416,0.5788639000557807,0.24999373769230823,0.4262499025498273
2015-05-04,0.24933093553767374,0.23530709799268743,0.14013550897242608,0.5778111516119501,0.24983464651614076,0.42211445829911115
2015-05-05,0.2372407131337569,0.32087098697587463,0.21082027446526183,0.5968514144446784,0.28686502031439925,0.41681555723370345
2015-05-06,0.23143847581275176,0.32161609861361085,0.204810297674224,0.6009181772936404,0.28915960043300853,0.4199455844279929
2015-05-07,0.23120774607076422,0.3198941986783186,0.2053553953710782,0.594595354085457,0.26829845918213346,0.4098678359448775
2015-05-08,0.21695305680463772,0.3124861912686145,0.20609697717211245,0.5885770448418393,0.2976130687535784,0.4225138294609775
2015-05-11,0.20024087794274742,0.2996002117950866,0.1970803907441523,0.5809212891607906,0.2838027390056411,0.4123468675031507
2015-05-12,0.1930924312816474,0.28730350707898133,0.1743441040222801,0.5803300887206142,0.28225679201610465,0.40404206379548424
2015-05-13,0.1964787790804313,0.29311249000815376,0.19037146662647775,0.5787145695221646,0.271085077693247,0.4116765959352061
2015-05-14,0.1785294472148632,0.27476311372835394,0.18680376445748154,0.5976257571770058,0.27446157474513616,0.41264379793484585
2015-05-15,0.17830368676807523,0.2745637925551572,0.18762072180898992,0.5980115618801882,0.27622184727119925,0.4130053086713817
2015-05-18,0.18499962088424418,0.2818087296548809,0.18061966126705897,0.6005064771368377,0.26285792675952296,0.3975709840896248
2015-05-19,0.18452448708059005,0.28431995401941984,0.19479509792330862,0.6321150131822832,0.2834595592487188,0.39698884344656
2015-05-20,0.1915823840791169,0.2753240089459424,0.1939701673527638,0.637087872861944,0.2855031422107524,0.3957068660550223
2015-05-21,0.19158997341223707,0.2812232798842377,0.19357392935530024,0.6310460653114424,0.2934132391648845,0.39281076211634997
2015-05-22,0.19543656686287922,0.2808204702841138,0.18787570997990496,0.627936814996831,0.2959860129270599,0.3988461916524528
2015-05-26,0.22861628103078127,0.3098620570560926,0.1886095872785318,0.6380756644232192,0.4344707031978245,0.5337926673733657
2015-05-27,0.24858661036742288,0.3000694564833499,0.2065524238152179,0.6401510624969994,0.44236911711202276,0.5430497651705389
2015-05-28,0.25092263947883187,0.3077528402789145,0.19321738499278598,0.6393854910560671,0.4502302305526223,0.5533447715333104
2015-05-29,0.2375186477535398,0.30404616582311716,0.19139247524635025,0.6405510904290951,0.45265567425975956,0.5544332491061406
2015-06-01,0.22433813719209636,0.2974646408164561,0.19788573144242622,0.6376229386229636,0.4739734769420502,0.5646580362779159
2015-06-02,0.2167786901481573,0.2809115369681413,0.18731664747472837,0.643947160894051,0.4799490701519295,0.5559760382873681
2015-06-03,0.21542905298751858,0.2776873954033038,0.18231933842183767,0.6426001807587389,0.47724309040712826,0.559228529593556
2015-06-04,0.20906559020587076,0.23803876248157652,0.16015452825896648,0.6262600478501538,0.4488280937654457,0.5614672488057528
2015-06-05,0.18780931378527946,0.241299905199387,0.16904784496024158,0.641910851573073,0.4499385048792381,0.5469262196514659
2015-06-08,0.21879598060537242,0.2467415917903882,0.17956367756138,0.6525854122203232,0.4499102939988438,0.5486658632989332
2015-06-09,0.21992186879869982,0.24727477351522698,0.18132549144422336,0.6493879707272073,0.45800215596564714,0.5599440815289922
2015-06-10,0.22494169302330239,0.25321966692389203,0.19079067463014646,0.6494300486247054,0.45899927852840416,0.5599489524840041
2015-06-11,0.22200848849700747,0.2528276233683464,0.18934887167223644,0.6511739220999588,0.4650553711630967,0.5546212982190712
2015-06-12,0.22605096245731598,0.26029551059434464,0.1910250314753418,0.6456442468805413,0.46546008550101736,0.555830924984715
2015-06-15,0.2253921427152397,0.2582980608199148,0.18812540708844755,0.6474427021171447,0.4624390563719889,0.5580259886526432
2015-06-16,0.25027207741782775,0.23860881913871987,0.18689596744138506,0.7060495821553807,0.46772000409807035,0.5701454490231724
2015-06-17,0.22510269138443514,0.2148488206431258,0.192215631817795,0.7029756260801292,0.46887986489774275,0.5719645901879846
2015-06-18,0.22616003277749006,0.22257425857318436,0.20840772447225556,0.7011594317353418,0.47430414651950137,0.5857286774559456
2015-06-19,0.13791244060531083,0.1315013360128046,0.134808011375795,0.6731750996688931,0.44213860567591085,0.5553996287135307
2015-06-22,0.14127384337498644,0.15016725423958605,0.15141214304104245,0.6991669205718636,0.45694942117030385,0.5612721802379043
2015-06-23,0.1580427682687739,0.13292191211584095,0.1523958532389682,0.7209176215840557,0.46194845575482035,0.5638128377693512
2015-06-24,0.17671066977207753,0.14445081072289592,0.15686185793873297,0.6882041260561151,0.449753504778063,0.5578897146552325
2015-06-25,0.1765516465368456,0.1457417366476699,0.16039148282239388,0.6774175681878066,0.44547841531340276,0.5580680962981677
2015-06-26,0.18872590607576759,0.1858746790246106,0.1918963343963239,0.6772088190238951,0.45134449412740335,0.5772005791434843
2015-06-29,0.23160642645629873,0.23579783678981572,0.2538932156372652,0.6954781859532259,0.47322301391634325,0.6146308518035103
2015-06-30,0.2393482733436953,0.22766932299112583,0.24643879553515166,0.6844854807804912,0.4751059255442851,0.6186533638745153
2015-07-01,0.24584741057783924,0.23015879989429316,0.25165443040174723,0.6817697348470169,0.5111798757969005,0.6426273688722892
2015-07-02,0.23652040982684305,0.2524170896306584,0.268667940110104,0.6803097886058328,0.524274828001268,0.6441424260447609
2015-07-06,0.23835798570274289,0.26147841234957603,0.2608922575429318,0.6788652091711387,0.5157393813899882,0.6344537280536804
2015-07-07,0.2053773419492581,0.17181239867705067,-0.05607395330499577,0.67815631995203,0.4582730744816845,0.6059749051470072
2015-07-08,0.2331525546511472,0.19744693947878245,-0.03659900379262547,0.6973978891150188,0.46804338508796434,0.6120390699342242
2015-07-09,0.23346866658677903,0.20581946840263285,-0.03014593052751632,0.701260943596123,0.45630577698967717,0.6065320809101882
2015-07-10,0.21541783933720896,0.19411352029875464,-0.027972859610621594,0.7049132541351334,0.4488621101306029,0.6239229667040106
2015-07-13,0.23796761131308133,0.20009491435799004,-0.03904004497299309,0.6949634340198603,0.45634527484278303,0.6234949754680065
2015-07-14,0.2048592797479996,0.1645535520507557,-0.08966839844617328,0.6859378871247759,0.44437269994760037,0.6166129059453967
2015-07-15,0.22350734228685917,0.1970660953189265,-0.05647518341814501,0.6663516385470062,0.41848083841263534,0.6080332797484326
2015-07-16,0.18421114031654803,0.20417158016182052,-0.03540282534730291,0.6733283947582354,0.4239550656966264,0.605060546467072
2015-07-17,0.18455960648981018,0.22589769864490447,-0.019557287893492675,0.6601280415702627,0.41241022424880586,0.6011616021678046
2015-07-20,0.1814879992030813,0.238685234847328,-0.033547987576321006,0.6634445199725756,0.3935417690686323,0.615873725312736
2015-07-21,0.18085311754552166,0.23714569038135583,-0.03190009018462056,0.6637186625597332,0.3828523596980981,0.6152199635772712
2015-07-22,0.1557016070351182,0.22948232172439179,-0.008319993039556762,0.6885415108286518,0.41464773378537384,0.6303863836875913
2015-07-23,0.1513515629032202,0.21839290954407498,-0.011571641905510821,0.6916246072591427,0.42251876736872834,0.6326250637876882
2015-07-24,0.15410899271179634,0.2363898845111267,-0.0016108103279045217,0.7219389535938091,0.4128890918714985,0.6646348012426244
2015-07-27,0.16736922712308133,0.2558844788058878,0.0038528945086643432,0.698062409708629,0.3602933062535595,0.6008768631920766
2015-07-28,0.15040310906762852,0.3971625665969268,-0.016803159288989036,0.5688124789138229,0.3340840896204255,0.48662577966454845
2015-07-29,0.1282645891271849,0.4737486122697584,-0.06870606852658873,0.536043879024926,0.3354861886454891,0.42857868947679045
2015-07-30,0.12464212405734222,0.47307301324910617,-0.08070159386615035,0.5391983406055912,0.3040780861854347,0.4202078197173316
2015-07-31,0.12523345004190758,0.4735697892990589,-0.0790004816743693,0.5374772651553713,0.2981771367808614,0.42029392578400426
2015-08-03,-0.002577239103644309,0.3536901766418811,0.15271995234060276,0.5496615263796852,0.1418378835352079,0.3018485843469885
2015-08-04,0.03209654686278365,0.3507098126300483,0.13920319821507834,0.5051448066047756,0.06284578901189765,0.2945741408600569
2015-08-05,0.03739562441141508,0.3510829506982973,0.1386454151706077,0.5089755681054462,0.06620177134729997,0.2858900890913887
2015-08-06,0.0390110600038189,0.3584919744805356,0.1533632902263127,0.5069055412573383,0.06540176925675797,0.29574046365027323
2015-08-07,0.036906548459953004,0.35779573198659786,0.15011647060277827,0.5048754769080935,0.06234051855994868,0.2808192512152147
2015-08-10,-0.040389172683941724,0.3173207343704667,0.0904007868724869,0.5047169572581682,0.13055341458657402,0.3042201262040962
2015-08-11,-0.01787049384080073,0.31968611162367766,0.09181933014826286,0.4985203414133956,0.1346404892403057,0.3061807851149524
2015-08-12,-0.02215038649816973,0.31303672161542273,0.09468516551703204,0.4628444953480956,0.158412185204953,0.29505521531620843
2015-08-13,-0.023001801019994012,0.3157451922579387,0.08845363744922292,0.46206015202712114,0.16034234174063364,0.29647789697552435
2015-08-14,-0.016553584485966177,0.32046046577302234,0.09156425563196244,0.46452167118948295,0.16300327407300952,0.2984677789377852
2015-08-17,-0.018086760962340617,0.3032565627312248,0.08569751445377893,0.4901793813837659,0.1723554200075155,0.309359807410728
2015-08-18,-0.019336068489459457,0.2958594388363142,0.08660927137836108,0.4906694289983716,0.19314291512491666,0.32649566088531956
2015-08-19,-0.03313497416910438,0.28774230576529436,0.07342083149881252,0.4719311539775232,0.16759852820400617,0.2991370079729917
2015-08-20,-0.02404011935202009,0.30094139145959825,0.09606975583257277,0.48036714920099965,0.18410939458020872,0.3169644274282699
2015-08-21,-0.09146917506088638,0.2584131038576243,0.061045724003768675,0.5142318003005496,0.2588087384325972,0.3556284875690855
2015-08-24,-0.08210042080259235,0.2600602643455611,0.07294515527291823,0.532533769333232,0.2955291111200083,0.4208751584103392
2015-08-25,-0.09053172453469126,0.26838948956201103,0.0984842433222252,0.523503084351821,0.27489143334461735,0.4260419310916324
2015-08-26,-0.029696138935538484,0.2942990580598578,0.11631914290100921,0.5924248687059446,0.31690686184883277,0.4525761816333239
2015-08-27,-0.003351662897510933,0.314615529747661,0.13323475340641425,0.616233145186262,0.3374077429534768,0.4675634573059092
2015-08-28,0.0031106282568668293,0.3373691224946827,0.09267929085585144,0.6237130742180567,0.3032518348503985,0.41140920107796747
2015-08-31,0.004292286580986156,0.3357740008289813,0.09733740175751643,0.622679322156681,0.30962023632224933,0.41460894614884397
2015-09-01,0.04577582004198698,0.3579725947503921,0.1209280621817845,0.6466220095470582,0.3412825409273397,0.4371622349115571
2015-09-02,0.07574547438327744,0.3630613202514921,0.13032888337613568,0.6385645626136864,0.35352949764416053,0.44136436817321434
2015-09-03,0.06743740263824548,0.36256951188396663,0.12482682610560235,0.6162671889829888,0.3428174754527923,0.4301033353283027
2015-09-04,0.06456230566369292,0.352923109638343,0.12082428874029454,0.6175125496537317,0.34524878730030517,0.4373120943421116
2015-09-08,0.0820920388671006,0.3653665901382061,0.1415030542650058,0.6325290598489595,0.37292615609714674,0.46774676066191967
2015-09-09,0.0856640694848748,0.3680226223335335,0.1452662570306005,0.6362920567736992,0.3787629271539201,0.4708082015140148
2015-09-10,0.08183248835047033,0.36641726847968237,0.14515800371058243,0.6332961508467806,0.3788768979209421,0.47163787534700685
2015-09-11,0.10663711207972934,0.3743553455772346,0.14352160773115558,0.6345360106760197,0.3799089514442326,0.4734124863561922
2015-09-14,0.08375188991607876,0.36414397201562665,0.13539358392842776,0.6313330662627215,0.3769674544995732,0.4681372647383898
2015-09-15,0.09200185861496517,0.37472136358090424,0.1461811130206278,0.6299117486308685,0.3780555099955796,0.47335628369498844
2015-09-16,0.08989170405416476,0.37416330119352165,0.14282816035859092,0.6278221145428099,0.37467449285358845,0.46835999136497153
2015-09-17,0.08787586280331024,0.3710080332136397,0.14298918546710926,0.63243196144515,0.37183680176250694,0.46676120597140097
2015-09-18,0.08692106016300673,0.371457122058073,0.14361545820776542,0.6335646692088459,0.3732557589448389,0.46628790499130435
2015-09-21,0.07802515999198678,0.36565061395524273,0.12825400236540657,0.6344164915445399,0.3824542076904095,0.4651924354475182
2015-09-22,0.0840698428209025,0.36759498539382246,0.12165846922748177,0.6398341796255683,0.3854917168598542,0.4583012018058735
2015-09-23,0.07007849948953275,0.35540843024964985,0.09393323339571624,0.625530434431437,0.3746753147408217,0.43474272484150983
2015-09-24,0.06792044691433347,0.3572675226758237,0.09879473909814328,0.626055684583567,0.3782915818508436,0.43328287911335006
2015-09-25,0.06586370375665566,0.35690308444475766,0.09719307228146593,0.6262576891678818,0.3763312067054938,0.4329909626942855
2015-09-28,0.07300315129036912,0.35407136378835835,0.0950195908152058,0.6346755506037058,0.38542317091540085,0.4401647549062206
2015-09-29,0.06615285734304567,0.3528131726635238,0.09157285350898256,0.6132796000541986,0.3988773973038792,0.4298972255672081
2015-09-30,0.079169939397523,0.4162196027573068,0.25647053773638523,0.6029904690617958,0.40601234962043603,0.3545623740915152
2015-10-01,0.06393633243494726,0.4030970652531664,0.2396813626730706,0.5946542038946612,0.39843615315873154,0.348750457409854
2015-10-02,0.06667201786578204,0.4169185862397873,0.26141271025676527,0.5904355158935338,0.40528112131032223,0.3698820627789972
2015-10-05,0.07090711245127873,0.4060011783204505,0.25814710696367293,0.5865425031884192,0.40760099616129153,0.37451784800315363
2015-10-06,0.07317222305757234,0.40472741241531607,0.2622739304961592,0.5914115758994678,0.40485988767391756,0.37238735388797245
2015-10-07,0.07160939416262073,0.4039907087265816,0.25883801118595545,0.589515491170267,0.3940510094071495,0.37391251563477734
2015-10-08,0.07461326448152174,0.406861998648845,0.2689688928948142,0.5884107738867774,0.3771830942995385,0.37382722814771396
2015-10-09,0.09540415810168419,0.40717623262990593,0.2513575709837282,0.5640475277385292,0.3995296675119348,0.2590768050902188
2015-10-12,0.10665169550510792,0.4043127959901121,0.2466842374347273,0.5694403785707067,0.40295015385441263,0.25774596182260207
2015-10-13,0.10764890717305102,0.40432711018016754,0.2508204712064936,0.5751571525519159,0.41250451265525645,0.2581053943565561
2015-10-14,0.10414065457016797,0.40584663779454916,0.24666045976478737,0.5670888957627688,0.41790601380613046,0.2517944861030836
2015-10-15,0.1033131763505456,0.4058806730877442,0.24751671269297462,0.5390409965700332,0.43299789194637367,0.24659245996625456
2015-10-16,0.10564352347549767,0.41419813528694266,0.2507559275424712,0.5408398741626524,0.4331996707857234,0.24481561037820165
2015-10-19,0.10750300218309083,0.4040712436164224,0.24677121250186945,0.5392516868176974,0.43392373191492334,0.23988804494074528
2015-10-20,0.09965388723161213,0.40122814741322776,0.23938681077693913,0.5324365652399616,0.41982445318053874,0.23660943696177034
2015-10-21,0.09324297888562111,0.3256787846944763,0.240521103286683,0.5574157043650597,0.41810959878365106,0.2674904671348034
2015-10-22,0.10816731320245061,0.2771206904784375,0.29593581950807285,0.5784317355551416,0.42783901829882187,0.3078074828412594
2015-10-23,0.1236161767177197,0.2799879613302797,0.2957100195701856,0.5771290612526326,0.4168639343319543,0.3075477197214846
2015-10-26,0.13947716055332784,0.28247429055984213,0.2785288039176029,0.574481464085167,0.3815617964646566,0.29917096645495417
2015-10-27,0.23253767480302637,0.3816688423332216,0.1589715107107876,0.5684659637937141,0.44745551645350595,0.3484004269997411
2015-10-28,0.21991997143710587,0.3648527755063538,0.17836184596506313,0.495596603867162,0.49484305713647436,0.2996662888993912
2015-10-29,0.21224657093560137,0.3687634040384394,0.18271478502844063,0.4882519237904113,0.4910510647390318,0.31068714825403326
2015-10-30,0.2120894290791654,0.3637919422479923,0.17248033045138386,0.48697482235142603,0.49169272310416595,0.30354797934598177
2015-11-02,0.2201642102382354,0.3734009314771089,0.19057134383486282,0.492026644932415,0.4962174086510629,0.319611028803544
2015-11-03,0.3098057474966402,0.45117559856181233,0.26002827578184534,0.4819941537417366,0.4843277663078416,0.31743501223343756
2015-11-04,0.3046368751871028,0.40833357193570724,0.2575567213803728,0.4652345263437198,0.4974448413139871,0.3065758563259061
2015-11-05,0.3071149860148341,0.4089768986503983,0.217868432331925,0.47689222429830314,0.3934032291185394,0.286537673712144
2015-11-06,0.3119651008082687,0.40384504205351907,0.2128629041787873,0.4767563819449721,0.39322068881958244,0.28566130398481054
2015-11-09,0.3113150998841367,0.4058858385561276,0.21594368551078214,0.476989208527151,0.39400080278341865,0.2873052100380541
2015-11-10,0.3442880571493605,0.42315569580354523,0.22192739793247812,0.4724525114838757,0.38978280670125015,0.28580500035538886
2015-11-11,0.33951076267318864,0.42734742638405254,0.2094224641844754,0.4721010713882127,0.38950929157171205,0.27166269565968276
2015-11-12,0.33956950945953784,0.4422631620751306,0.21313794196932548,0.46766324685494715,0.3884743058215852,0.2742323498058655
2015-11-13,0.32091320082506347,0.4258065523368737,0.19219321401827844,0.471169470154431,0.3911928588489973,0.2734853351170159
2015-11-16,0.4264953367897827,0.473900987521326,0.2239615733350432,0.44223637540123106,0.36736735158657036,0.2541220655345945
2015-11-17,0.4211269396045676,0.472436847234088,0.21088044753836968,0.4165722326531085,0.33679402479833187,0.19593949019212825
2015-11-18,0.46769310078900966,0.4690722810546447,0.16906994305731926,0.4287971211655574,0.333841192296375,0.18082141012660882
2015-11-19,0.4562487932060677,0.4552746755867789,0.16088879097155442,0.35565487399738643,0.33036910981627055,0.16306620269533031
2015-11-20,0.4419784159037525,0.4293742471642532,0.1240993845736546,0.3165919375050633,0.31311436052699904,0.15485277126084282
2015-11-23,0.44360355446878064,0.43077411619856987,0.1707650186040766,0.3214558704014404,0.30803977203076094,0.15216591287251138
2015-11-24,0.44490810780837675,0.41898496826291476,0.1576790486584458,0.3195208931694405,0.305327399850469,0.15551080315504168
2015-11-25,0.3920016884258608,0.3782589893590436,0.11529256297591989,0.25252071128173537,0.2648601063038897,0.11211753680481741
2015-11-27,0.37545450043602346,0.3638659002701517,0.11388856974843822,0.24213196191838068,0.2698458745607637,0.10884661342104344
2015-11-30,0.3848471358494546,0.36208669912461033,0.11516037868225526,0.26507926095506135,0.26736001119872244,0.11420943830164906
2015-12-01,0.39415301805726494,0.365919719043409,0.11621805447121276,0.24575870791635296,0.25224271816200994,0.10742188963828259
2015-12-02,0.38656120295873353,0.35321039652467623,0.10592191437757209,0.2036437308946429,0.2301554885471605,0.07453673893864123
2015-12-03,0.3841992465947955,0.35549567409501315,0.10112721570163899,0.19837876862913642,0.21811503612754488,0.06842685064737952
2015-12-04,0.40273789367871016,0.3640888665827327,0.1033757733804485,0.23324963834933315,0.23016457293389347,0.07611582750043551
2015-12-07,0.3770496187168671,0.35915519192684353,0.09451778277964322,0.23144763724971498,0.24130954255372358,0.08562520165329254
2015-12-08,0.45764489386907914,0.378127160763278,0.07945571279690852,0.2350530075510172,0.2464704448981961,0.08469358634232167
2015-12-09,0.46363109754616905,0.37681896041557617,0.08674678687321732,0.24112983039367494,0.25778396256427066,0.09037330015780928
2015-12-10,0.46250353425056995,0.370600996182898,0.07930403411432076,0.24180680463285015,0.25628700621690625,0.08974456668415975
2015-12-11,0.4883056821829447,0.3634351801351897,0.11796618609582404,0.21900186249746492,0.2875050317509311,0.08243987396089401
2015-12-14,0.4889553480910461,0.36126296815611186,0.11725713450555421,0.2205046639008252,0.2882975857923516,0.07801420277378353
2015-12-15,0.5156692112557262,0.3762055214079676,0.13505239353267023,0.19362224488438035,0.2764549983303629,0.07400154839762164
2015-12-16,0.49746354755037137,0.3355061308193057,0.1289127694192931,0.1740354439670599,0.2715207646443813,0.059361501976456246
2015-12-17,0.502021623736391,0.31961995951626077,0.12486692654686464,0.2094254180573318,0.29085091777256034,0.07739959913918852
2015-12-18,0.5255821724517771,0.33800439518248204,0.15193143795291425,0.23157345359184028,0.3114174279147301,0.09254614378700653
2015-12-21,0.5317609522567163,0.34870362697655966,0.15348021190396066,0.242930786567779,0.3131209666712255,0.09609615011919807
2015-12-22,0.48186693064778724,0.3095317803814654,0.1441572214401343,0.215746827886456,0.29958138196695744,0.07079474962248344
2015-12-23,0.49556921319476166,0.3156777951186746,0.1468576125547951,0.2555596561209269,0.2819040001335483,0.09276650007379555
2015-12-24,0.48433394560622195,0.3032396143782794,0.15915553131992657,0.23989785164929617,0.30593192633020405,0.1972287979354972
2015-12-28,0.47480472456733375,0.2936888349482235,0.15972156032185506,0.2446448418313339,0.30359082151247707,0.18986920085557235
2015-12-29,0.46108457513988327,0.25714169305564194,0.14799523747216242,0.2422395347857577,0.2966582167851411,0.17536657037999204
2015-12-30,0.4714361497789776,0.30353226695679897,0.15103700988702268,0.24685616615286693,0.2982887134354114,0.18292894939766652
2015-12-31,0.4854689974751191,0.32911851644730156,0.17547562616896578,0.2679940997954857,0.3134773199220757,0.20666999238970812
2016-01-04,0.47715357975791584,0.3468804512559777,0.18478341616134714,0.26838456703661123,0.3168561175343617,0.20662343704567304
2016-01-05,0.49587570412509235,0.3414589783079581,0.1692062507210088,0.29447422440970294,0.33237773090062145,0.19448083333100596
2016-01-06,0.5111631167380052,0.4140061731249273,0.202106883719299,0.3533904158295256,0.28607380640827884,0.322315375048586
2016-01-07,0.5689121733705146,0.48080170745783263,0.3092268509792003,0.4143788450909418,0.37018284324559864,0.40041555285674396
2016-01-08,0.537609715013614,0.48631474365381683,0.3215649710644501,0.40469448629743365,0.3598876196574672,0.405166060823271
2016-01-11,0.5556093843522991,0.4798670354348841,0.314358611184979,0.42859827290345304,0.35242032038744603,0.4245351167665576
2016-01-12,0.5596221165925583,0.48248329952387176,0.30907516384399975,0.4389894419357892,0.33503475178397185,0.4272299382900845
2016-01-13,0.5749563850338326,0.4982710410002733,0.36199057118479316,0.4537161498185734,0.3733042342633033,0.446848341330444
2016-01-14,0.5503100592676994,0.477333456573027,0.33831816262714026,0.47111013510537303,0.3930640443733228,0.4662847682437846
2016-01-15,0.5710942755467353,0.4942645400577699,0.3975800286164418,0.4847857323925516,0.43078552810881415,0.48590665510597447
2016-01-19,0.570972377569489,0.5069005443667696,0.42717279467613206,0.48614448099234575,0.4296062640015869,0.486484082090234
2016-01-20,0.5433237521866889,0.4803778044720647,0.40021518861890326,0.47589744968433867,0.41839634512537716,0.4745638500110165
2016-01-21,0.4687579545548638,0.4704368670911679,0.35960027363498853,0.461897179379472,0.43588763511353434,0.47603313880985043
2016-01-22,0.3845676888356048,0.4045512912098586,0.3559950211650927,0.5431042751674671,0.490260835520045,0.4954978513656747
2016-01-25,0.36038207235885017,0.39388419968852456,0.33650356416420013,0.5441094577271562,0.4995976496732523,0.5037800559325387
2016-01-26,0.36150900251800405,0.3953022779332727,0.3293790155891199,0.6844569568585027,0.4851616974392396,0.5690883894416814
2016-01-27,0.3006731693361325,0.3802175196119124,0.3052973467657065,0.6790795408782511,0.5189851123794249,0.5755793411271642
2016-01-28,0.29380872174203954,0.3771977620487275,0.31118422260170714,0.6804327818109116,0.5060391485416077,0.5666220622761716
2016-01-29,0.31367006893011407,0.3964689579151733,0.32224465698739874,0.7005793559997021,0.5197095231008297,0.5751426680567906
2016-02-01,0.3078177732782401,0.3675323582681531,0.3028205297173402,0.685476824984933,0.5070793822306925,0.574388095891315
2016-02-02,0.3222644385520762,0.43257085951852275,0.32777539384954735,0.7084041415879252,0.5153138086487188,0.6055122744615535
2016-02-03,0.33384440107903013,0.43812637620561795,0.3892402867817889,0.7134205538005136,0.6191648203886284,0.6380104323766578
2016-02-04,0.3372059481155324,0.3854984932381538,0.394151066456026,0.6190477151582279,0.6187670145892179,0.542092858705342
2016-02-05,0.35193806048518816,0.3889002865261854,0.4157543384386509,0.6212825151357501,0.6278836308762541,0.5345497417142039
2016-02-08,0.32988187333557495,0.3888050474176455,0.42312528976309954,0.6198959417468144,0.5924180619056935,0.5248585768199397
2016-02-09,0.33043007887977904,0.38904318092365237,0.4309602001026094,0.6086826690402918,0.5902291762881053,0.5304453257454048
2016-02-10,0.332786277249684,0.3578429957536705,0.41353434544518336,0.6038709367923016,0.5791277939619428,0.551198258752915
2016-02-11,0.3345790997107884,0.33884972687855514,0.4126743987366766,0.5799106966231653,0.5765313676955232,0.5349428887858652
2016-02-12,0.33473617707049563,0.32235316684182513,0.3953906355185203,0.5741336399876945,0.5704729280068771,0.5533589733454033
2016-02-16,0.3278334934242832,0.3147123391439981,0.396420818441479,0.5927526831506785,0.5634953576564474,0.5470507429570325
2016-02-17,0.30616955790546746,0.306862093217386,0.4112841205952436,0.5903878394950145,0.5820612922694577,0.5449180993027851
2016-02-18,0.30150875285858486,0.30637345822687856,0.4095379531601759,0.5731263829988882,0.5563066972778716,0.5519425807972298
2016-02-19,0.29829229273528357,0.31236076058032897,0.41806429221668534,0.5758650971208407,0.5543866497129808,0.5324859530207785
2016-02-22,0.3066913795283887,0.3115503527329424,0.4269356414150951,0.5732764998779546,0.5773361534711795,0.5528872864249541
2016-02-23,0.3019899992246478,0.3224782978427714,0.42708769600457835,0.5811344047432676,0.5766752304695106,0.5561557170293402
2016-02-24,0.3097974153859612,0.32676318733807175,0.4237011602971996,0.5849901347702045,0.5688279645167292,0.551661562792236
2016-02-25,0.31111742111383794,0.33085066044029804,0.4262213548083844,0.5864016715271899,0.5697635634312901,0.5519754381961071
2016-02-26,0.3109440038048394,0.332916615435748,0.42804711692617364,0.588841509129438,0.5650453453328375,0.5491776229864966
2016-02-29,0.30942546231102735,0.3252758486657492,0.43594000462611326,0.5914092435324965,0.5710028537114012,0.5374354815503335
2016-03-01,0.30938162643228173,0.3267132874535868,0.43706761340719424,0.6082724567578977,0.5980234755788428,0.5567591450339849
2016-03-02,0.3079586104716426,0.3184920032137249,0.43429157383393086,0.6077214420015014,0.598885568394764,0.5611853700161399
2016-03-03,0.3093698101313676,0.3136134620524666,0.43288320502486216,0.5984861579650217,0.6007991704223783,0.5583357382041013
2016-03-04,0.29823200955237406,0.312169711864721,0.42618196293542276,0.5991572818621768,0.6066377662927763,0.5581558994097928
2016-03-07,0.28957850033963384,0.3194731760835327,0.4351432080113458,0.5949264056478313,0.5895711358385389,0.5629149888418208
2016-03-08,0.28825248772325845,0.33267971511609745,0.4417619964741649,0.5901493288883918,0.5901679653634345,0.5667250080295375
2016-03-09,0.2842404736793285,0.32911606046155656,0.44380126975809486,0.5900285862178197,0.590246523038138,0.564132336062888
2016-03-10,0.2736500436617624,0.3285021811861891,0.43581958537465043,0.5919585450715238,0.5794886783209489,0.5700974056834852
2016-03-11,0.2845474895867311,0.346809297013503,0.4321787137050838,0.5955140230184464,0.5809415052217501,0.5722175165009561
2016-03-14,0.2869643892550661,0.3406783759027055,0.425950687667354,0.6100899102201031,0.5878802200351472,0.5720206076649578
2016-03-15,0.24223589641784712,0.332605803981873,0.4174612465611941,0.6057231891224084,0.5771060167942417,0.5715758367713865
2016-03-16,0.25596874627335525,0.3385471390044415,0.4230764288511304,0.598462490404731,0.5750821040038204,0.5682933643932733
2016-03-17,0.23683343874690574,0.3268129672754196,0.4140296681892795,0.5926815977727038,0.5708308772855515,0.5644760983062159
2016-03-18,0.23190087869010198,0.33004975332040104,0.4153066814935374,0.5867014187917319,0.5688630287071781,0.5651884186100654
2016-03-21,0.2375095141076194,0.336784072847709,0.40646979498095837,0.5865927087737993,0.5700103139887982,0.5643639431376637
2016-03-22,0.23334012393506462,0.33335999339014283,0.4043199602729381,0.582262529372137,0.5656555994013016,0.560494898667607
2016-03-23,0.23925994666901024,0.3437493445722929,0.40877603836219484,0.5823280147628833,0.566425786772607,0.5621032874824293
2016-03-24,0.2416421103058228,0.35086389253803435,0.4082821109903739,0.5790346708377526,0.5679542969446904,0.564554123682155
2016-03-28,0.2436807635874241,0.3510309733115477,0.40854643044409217,0.5815597596169323,0.5690266961536566,0.5644727468713909
2016-03-29,0.25069612294201504,0.3555538249209656,0.41240181191420716,0.5868282773585141,0.5764978955883882,0.5700016496443964
2016-03-30,0.2395471670250922,0.3472599939586414,0.40727912522772136,0.5717049630837444,0.5653055317090415,0.5654241728607508
2016-03-31,0.24080907556865103,0.33879146511265357,0.40471017468359777,0.5740957098937571,0.5637772656923912,0.5656973981343325
2016-04-01,0.2390018654045511,0.3362276234750577,0.4054370750610563,0.5693727816772464,0.5704719259196259,0.5653514791656259
2016-04-04,0.21242250095280582,0.2978116932905475,0.40251453911837004,0.5383263369972703,0.5692467837289241,0.5528669733015972
2016-04-05,0.15708794353785535,0.25451650825853384,0.36664175952181693,0.5003933695732603,0.5351961086778938,0.5211926140835181
2016-04-06,0.16470588308437903,0.2387446724975386,0.36007282882993447,0.507339185046783,0.5401117636023199,0.5172372794991783
2016-04-07,0.16980569601396472,0.26835202296951916,0.38001828912098956,0.524644760566622,0.5499745557775879,0.525876178289
2016-04-08,0.1647579716794151,0.2713267665893904,0.383397080988811,0.5285531268748817,0.5562113200221145,0.5259408628961771
2016-04-11,0.1358564556815696,0.25038057611587383,0.3516809570585429,0.5127038922592156,0.5305002275529326,0.5072517485229854
2016-04-12,0.14924312382186997,0.2571454430115645,0.3620657871549018,0.5057372027942082,0.5078718200236175,0.499485231732524
2016-04-13,0.10445841688170832,0.22424597162685375,0.3035472735976566,0.49307587570663125,0.48614026609358135,0.48279626402001063
2016-04-14,0.09923320139953663,0.22029031972520347,0.28232794058528266,0.4902331746969253,0.4850934129916924,0.4710328415829263
2016-04-15,0.10636172070048222,0.2198987692563194,0.29377788140831873,0.4878075681641946,0.47650228355111285,0.47129824739909015
2016-04-18,0.1350882666566585,0.23136756325185812,0.3428371880535025,0.4840596596235332,0.4607497624378411,0.47147980128757344
2016-04-19,0.20589635213446292,0.26871278175771096,0.35890237124249164,0.4392151461884275,0.4571424207801297,0.46204278052461656
2016-04-20,0.23528682673043247,0.281863827222725,0.3843963789011451,0.43079307638096476,0.4453526284297481,0.45500055576556203
2016-04-21,0.24799986535975754,0.30783921970197864,0.3816709983376351,0.4368049926588227,0.4385522941885475,0.4465712264737529
2016-04-22,0.13661113741148032,0.13175871986127807,0.14752098633550545,0.44625659513914767,0.384768462944838,0.4350316654200161
2016-04-25,0.15275877596020357,0.13570219956873583,0.1319876280202417,0.448370067796457,0.39605925092144983,0.4383310259902037
2016-04-26,0.1284805566066332,0.12600538391571572,0.12650218102097122,0.38496527197771124,0.36113766665332175,0.4186280247199209
2016-04-27,0.09715064139207745,0.13294054537798058,0.13178523011748536,0.32586760904575024,0.30826085647303814,0.41486110077644817
2016-04-28,0.09145367275794833,0.11585524356026614,0.10628811331939035,0.33603852934465855,0.2778942908149941,0.3732874989215847
2016-04-29,0.08918627269489422,0.11996331596573198,0.10275885448664099,0.34442225798765136,0.24528049931485968,0.4137797433496089
2016-05-02,0.08881917402393898,0.10870221724492277,0.11080616172329107,0.3697513777188076,0.24325885455992838,0.41984076139040233
2016-05-03,0.054511677187271686,0.0978970860405119,0.08229950938148516,0.3560696657592703,0.1418810266964462,0.4147692843281355
2016-05-04,0.062054724399221536,0.09470682026055718,0.06468151808865125,0.3622432383347864,0.21511311375864214,0.422250156563283
2016-05-05,0.06146329542299991,0.08640963778048992,0.05680126880901811,0.3679870344083365,0.22347040640642588,0.3953196471418877
2016-05-06,0.0576267875243041,0.10381384528911161,0.0690000200902105,0.3894229100077102,0.2361442256020229,0.37778399345939456
2016-05-09,0.05709818196675636,0.10935211924930305,0.06961824521351542,0.39848374713533496,0.23161908325408206,0.3622745230397118
2016-05-10,0.05690357419537824,0.1207892772085448,0.08286361488452962,0.40948849944539745,0.23467014749987272,0.3209057032202495
2016-05-11,0.06569203263012663,0.13540145092649156,0.08349076437506839,0.36720659530126537,0.2589212644491678,0.3557658011702333
2016-05-12,0.0689743307950243,0.13634322020959752,0.08232756698632997,0.3690292142898423,0.2555492010430846,0.35936407245128027
2016-05-13,0.06808487544082209,0.1399360569519578,0.08447721554981627,0.4031874395096261,0.28389687583014545,0.34362212016797555
2016-05-16,0.07407936459314707,0.14221307246106343,0.1013245552604309,0.4287560526484869,0.33523361374263594,0.3976597346540189
2016-05-17,0.07027017530327671,0.14306260814163008,0.1007676989058467,0.4301480458547459,0.333071874795919,0.4037625563596095
2016-05-18,0.06082514222320012,0.13744266427833127,0.09446991420235762,0.42007762243361213,0.30993102234565983,0.3907942767356587
2016-05-19,0.06035382706877549,0.1384130562890401,0.09989111779362783,0.41217177674398503,0.3289053385558045,0.4107803209684226
2016-05-20,0.0630521616342579,0.14076432178165135,0.09331613057903444,0.41378400382727193,0.30069120595254356,0.3848736894768369
2016-05-23,0.0679640139235293,0.14271760382847729,0.09851083579777947,0.4161482349245783,0.31613011484117726,0.3938576399729975
2016-05-24,0.07352484069741427,0.15396099688892356,0.10292219251052076,0.42945094068399,0.3351369512112091,0.4297461729529655
2016-05-25,0.06945068659635797,0.15880027075262892,0.10672963177672064,0.36247086126428324,0.2407352303970898,0.3574807922086471
2016-05-26,0.07074925212999503,0.15993660561977419,0.09959498855811705,0.36275589560443705,0.22916611715985474,0.35215130341866235
2016-05-27,0.06552517656652766,0.16426925389720473,0.10718921056119768,0.35941036349807154,0.22251755392739325,0.3618004289840077
2016-05-31,0.07838669919985625,0.16921865415221737,0.1332183066359422,0.3494216061141005,0.20441952925968732,0.3372573010420478
2016-06-01,0.09106061851014961,0.15837753931586648,0.12409916371328615,0.3503707048889446,0.24249562483765943,0.31946010571764977
2016-06-02,0.08785665781257622,0.12332825739538993,0.0910645057763135,0.33665006613400555,0.22850520460023574,0.29075439742076603
2016-06-03,0.08722597707941808,0.13848596259505194,0.0933949274648631,0.33082906101954695,0.22641451309455696,0.3071216935190913
2016-06-06,0.0935891792357987,0.1541903693036669,0.09633714276925202,0.34170752536953697,0.23216609214994083,0.29777667560182847
2016-06-07,0.07788313834749166,0.12143131686845778,0.08009259945455052,0.33172494414950204,0.22356182932455637,0.28033955835832836
2016-06-08,0.07565810923711853,0.12126715086568149,0.08066632391504823,0.33167716710515355,0.2234042056818259,0.27976338776646065
2016-06-09,0.10800534091277954,0.12587676251172594,0.0693709568518459,0.3347734615911541,0.2296379467269184,0.27628399590091085
2016-06-10,0.10480755284909551,0.13806540826036173,0.08406286571615618,0.33639750546396696,0.22756879444589811,0.3093536010315448
2016-06-13,0.102996472542312,0.13501913842545182,0.08213899687638516,0.3463144228417978,0.23136970441592922,0.31225242847255036
2016-06-14,0.10144672818594634,0.12510617107238547,0.07537183509026654,0.349028444530555,0.22993647037502943,0.29530310694201917
2016-06-15,0.10303830975964526,0.12297494278411686,0.0800020762667881,0.34932877451293454,0.2241860090884299,0.2954683029105055
2016-06-16,0.11033019304829142,0.11958425675069823,0.08207497139781182,0.3459958844673381,0.22828466177666784,0.295355044245578
2016-06-17,0.07396706968913264,0.10129712814004026,0.06997998489026724,0.3455860483505367,0.22426681996606648,0.28554317010125824
2016-06-20,0.07545131825810233,0.09012576121892606,0.057965884788106964,0.34302267147424115,0.22121808064548773,0.29759647219452634
2016-06-21,0.0826395814583945,0.0897217331480024,0.06382712557853192,0.34198698928383714,0.2259278776109888,0.2961888426168136
2016-06-22,0.0805573969828934,0.09464324192365889,0.0760214799723512,0.3110837292723932,0.19502295237061462,0.2739605226493042
2016-06-23,0.08802917674681254,0.09857340265607296,0.08362070969783947,0.326291349346799,0.21780682139876514,0.2935023024453825
2016-06-24,0.11275710168176144,0.1523758203185946,0.14338718019410113,0.3930750570182905,0.3076397613949851,0.5210684790138
2016-06-27,0.12332715715785057,0.17304213205266292,0.15911296491549626,0.39421983938767163,0.3291986647248944,0.6056736927673413
2016-06-28,0.14435278615063163,0.1819845500280504,0.1740291749443517,0.4327238298617425,0.34032329884284096,0.6320800411088889
2016-06-29,0.1376687191216227,0.1817766288747939,0.1602523304254728,0.42873405233008277,0.3461671139511766,0.6132377938261776
2016-06-30,0.1346647212136228,0.17524260396776745,0.157382990161102,0.4382553419922715,0.35032326525394253,0.6178800557045272
2016-07-01,0.11530141446608708,0.1580641355577102,0.14130086485459878,0.4200569755963784,0.3343773461303457,0.6073838558426305
2016-07-05,0.11761229014557693,0.16369472399247306,0.1472907726092161,0.4226368237436644,0.3389093248759868,0.6202732254344854
2016-07-06,0.1182983695245086,0.16338704876427088,0.1475826260873069,0.4196260987785871,0.3393013114294002,0.6189336267966966
2016-07-07,0.11635187408881041,0.15661611320320085,0.146878056972725,0.4206647205287947,0.3606799882857849,0.6293693855363681
2016-07-08,0.12170896828775311,0.15723444366379644,0.1538900280589172,0.416369398674506,0.35085966298311333,0.6383313319808619
2016-07-11,0.12082999978578067,0.15434439040455944,0.15487879365160812,0.41737915656893493,0.351668310805444,0.6413449218594103
2016-07-12,0.11805772365344956,0.1561925946529359,0.15734962560287438,0.4277586948379115,0.36665603987423134,0.6498980448129722
2016-07-13,0.12396538427148597,0.1569729944034794,0.1583405120159988,0.4414535010700947,0.38910602280152423,0.65032469227212
2016-07-14,0.1195659899448223,0.16039487354112228,0.1582578282735444,0.4454024422821733,0.40535855029701395,0.6514209802031299
2016-07-15,0.11844453343858832,0.15857793962960784,0.15807912816012934,0.445851193979384,0.4046007105814604,0.6497583404479049
2016-07-18,0.12167313644793633,0.15204619443356043,0.16390482944305745,0.43904602552983346,0.41188016445954084,0.6633213795551993
2016-07-19,0.256432632353295,0.3053093089137579,0.4011697805769696,0.43906695341291774,0.41054901399307375,0.6613535114663318
2016-07-20,0.2647777031901679,0.3334606407542686,0.4705755530567517,0.4388432622074943,0.4133084460189963,0.6647359394015566
2016-07-21,0.28341354340894936,0.3178117780062403,0.46530836241406837,0.4503471002869817,0.4238357087394795,0.6600799299823026
2016-07-22,0.31329808330924247,0.2865964890284546,0.4764066955498357,0.5778050524115443,0.5257268929645702,0.6508513932158997
2016-07-25,0.19312217805074164,0.23544902897346212,0.413700745511829,0.5423565580406886,0.5594958896332806,0.6683816299335708
2016-07-26,0.17414174165026397,0.22904897183013773,0.40972587180899706,0.527193103787804,0.5416886439037493,0.6618344446231084
2016-07-27,0.08889161668487837,0.30725350643116983,0.38549475225970514,0.4408422072897289,0.4992576729267271,0.7941019495290751
2016-07-28,0.10568658930097573,0.31048711561319314,0.37656627413421767,0.44320823943741794,0.5163745911530961,0.7986059341919168
2016-07-29,0.10282788497096454,0.3102347262672722,0.3761261203293401,0.44466178927599675,0.5075485671810887,0.8085497596105593
2016-08-01,0.08410096532186895,0.3070498807111878,0.369751721982392,0.4469401327363721,0.5058886090173614,0.8102018676138232
2016-08-02,0.11201561076687631,0.35764701404198757,0.3953021101292871,0.46550407323978044,0.5233837938497489,0.8045007084839295
2016-08-03,0.10999306273223838,0.3540198515351108,0.3965462508419582,0.4722812178776946,0.5220485719449766,0.7981851371501777
2016-08-04,0.11102220314521481,0.3642774010352573,0.40244304720860646,0.472360022527295,0.5199894654537837,0.7967974593252876
2016-08-05,0.1120956237052524,0.36481702858571835,0.402742740918356,0.47696784146874865,0.5241633610303124,0.7988182084100888
2016-08-08,0.09518445937815015,0.3593689083849053,0.3976175465535632,0.47944834028845557,0.5162230259274803,0.7936142595950099
2016-08-09,0.09485750412094554,0.3601571605832204,0.38927664858531463,0.4792588193117314,0.5144780573256236,0.7893082112837735
2016-08-10,0.084929149507976,0.3582260375217964,0.3841779211104708,0.4682233572127905,0.5030086435014716,0.7848473878151105
2016-08-11,0.08273440512412349,0.35732983615237446,0.38133093857788886,0.4638727001614541,0.489973225969482,0.7818952577654465
2016-08-12,0.08227875277757292,0.3565878732546852,0.3817047797674804,0.46263473550568757,0.4952000632418681,0.7839742466644657
2016-08-15,0.0829419692720589,0.3559304183990066,0.38431811944669864,0.4624908523942946,0.49923850317672563,0.7827812416405312
2016-08-16,0.08273096696981669,0.36272564701998283,0.39918191986690627,0.46057066149425985,0.5207190572031665,0.801540486623306
2016-08-17,0.07508241973546066,0.36132274837498146,0.39352989787131815,0.45955253284361763,0.516705998118333,0.8010494973076651
2016-08-18,0.05902656878263033,0.36225722935066634,0.3897280037404284,0.4428830286590801,0.5033676276830658,0.7970617311309417
2016-08-19,0.06739569220213364,0.3656159275312439,0.38637111368362287,0.4509989266663975,0.5040100916561807,0.7977781056366914
2016-08-22,0.06627057266314375,0.3682470183946729,0.3998344659619521,0.45614501407277774,0.5157155732892803,0.8033312195830128
2016-08-23,0.06961546481715067,0.3611857029799199,0.3891186492535499,0.45922169210893626,0.5223849799121805,0.8017967962551613
2016-08-24,0.0766220110510253,0.3701544852669257,0.3883585004400285,0.46849234690505687,0.5202152567827613,0.8170542472377912
2016-08-25,0.06000515519016983,0.3821160590268182,0.3891031655503901,0.48691567764453897,0.5215335572873944,0.8179999074793137
2016-08-26,0.04219198807166452,0.4010458168195025,0.3797162787284486,0.49772428371902944,0.4338261734057938,0.7249062861756121
2016-08-29,0.044724290364962324,0.38897697272871895,0.3788486799843058,0.49800876451531084,0.43593344353316427,0.716435906100529
2016-08-30,0.03987273947120381,0.36544436758891985,0.3835664972709456,0.492251899786247,0.4370889173596414,0.7228180981975595
2016-08-31,0.04017040579006895,0.37089863866061523,0.3863408181181206,0.49174134337948944,0.4370393459392275,0.7309648407521249
2016-09-01,0.03645311926434375,0.3739048115971938,0.38574826715876087,0.4909387324750845,0.43524178907071004,0.7324686667598058
2016-09-02,0.03877491237082538,0.37138664466190136,0.38936171492448085,0.48408032943622015,0.44417665773951737,0.7362733939755152
2016-09-06,0.024983913233204518,0.3576482105436338,0.373254895326117,0.47751204433006267,0.4361054820735207,0.7300565200336285
2016-09-07,0.018436765640783056,0.3321598906411214,0.3512043717686372,0.47288763669536305,0.4359400559368118,0.7304511832989082
2016-09-08,0.09564640904724198,0.33942997331737,0.3373755457488355,0.47385744813591724,0.41956432588543413,0.7296662860033166
2016-09-09,0.13026891633877125,0.36888556068917766,0.3582556830640404,0.511788370279966,0.44929027240035885,0.7402463230854756
2016-09-12,0.12467942021975753,0.37727001150343487,0.36560910789202616,0.518728719798911,0.4453723105137334,0.7392164461989871
2016-09-13,0.18116205515483408,0.41227431756596467,0.40146997503761545,0.4701783499422294,0.4045692839024708,0.7458904963333414
2016-09-14,0.21161415129287,0.4238270104845673,0.4017457476508506,0.45810780886735697,0.3788272526620183,0.7434666640111218
2016-09-15,0.19201525195376629,0.42401818712190054,0.3952191785501664,0.4602883109682908,0.39999630946271375,0.7444645256813951
2016-09-16,0.1817623751066479,0.4275509891829157,0.38785398167782464,0.4632965705072505,0.3956691261460955,0.7414059199112053
2016-09-19,0.17309017070640995,0.4119809742533281,0.3789236711449119,0.39176800360956604,0.38998470993952145,0.7058138324377525
2016-09-20,0.1225019796278442,0.3483053954043874,0.32086644880622106,0.30890311951156735,0.30126278563081077,0.5800031203485442
2016-09-21,0.10284799791613905,0.3310319047275333,0.30156797424327075,0.25921948997304495,0.23856207644585523,0.5207605654809472
2016-09-22,0.07503700952950391,0.32009641908932046,0.2889914729806735,0.25767964396105675,0.23071697940455674,0.509959752909599
2016-09-23,0.059470243728741795,0.30532262165054636,0.2857546549607533,0.2779393275514231,0.24089470276081554,0.5362466488638546
2016-09-26,0.06181583476164926,0.322923476743406,0.2968405634156936,0.2670750049015913,0.23480542754693914,0.5359795301382302
2016-09-27,0.060648884974990144,0.3276915995770537,0.3001093694915172,0.26569287037584666,0.23399926688570621,0.5375019272098005
2016-09-28,0.05147652984886454,0.3170021969626669,0.28811927647257035,0.25090175661745734,0.2155317246119203,0.5125135748203649
2016-09-29,0.04622072301981964,0.31701246794028193,0.2821833233775106,0.2597504452286106,0.2359544168032351,0.5156082227649146
2016-09-30,0.05064886271826225,0.3302428561327092,0.28625840013384807,0.2629287287154262,0.23693125803757847,0.5166463055773707
2016-10-03,0.04910749907926324,0.33266910167401853,0.2819037288733019,0.2659720003121723,0.2395648363040259,0.4999532946444873
2016-10-04,0.049577601486821644,0.33210733237033674,0.28406250271393874,0.2663735312563164,0.23935673412337877,0.4999034157914464
2016-10-05,0.05047066654141296,0.3054830883428314,0.253700360718744,0.2610609278602893,0.23523716941726486,0.4956357387094838
2016-10-06,0.04958786512147391,0.30493794464383117,0.2437776445091876,0.259612306519228,0.2252734912559242,0.491029266135944
2016-10-07,0.045566213688890446,0.3089822519366043,0.2522307773655366,0.252649424884726,0.20670686950502803,0.49121152556443437
2016-10-10,0.04779334163058134,0.3105824995490473,0.25050055809318217,0.24545671809453226,0.2029102286626141,0.4965197789363707
2016-10-11,0.03277315756687563,0.32882940939185934,0.2939802681608719,0.2436024784676664,0.19978410209914338,0.5074355158919701
2016-10-12,0.03400601347490199,0.3330769719500688,0.28858452659942957,0.24518797887523047,0.19790000978626565,0.512989606375932
2016-10-13,0.03779632941027794,0.338298966817076,0.29747825550306334,0.2500087432935516,0.20495515305040957,0.5112068062355826
2016-10-14,0.0311799586976538,0.33362084206642745,0.28425202969235547,0.2488727575252045,0.19824585879275544,0.5130310329226871
2016-10-17,0.07752914416651065,0.3650094459934684,0.2574840634241704,0.24873076508310174,0.21708439892938322,0.5170627508141227
2016-10-18,0.18252657418246798,0.42874258788911307,0.3633317107816299,0.2505349926174582,0.20022542051409725,0.5178492606487647
2016-10-19,0.20138087543059632,0.42581317819625264,0.362053995619561,0.2568050931388496,0.2023449100160629,0.5164503784042905
2016-10-20,0.2992273071588299,0.4119403415672182,0.37093018710783376,0.3188249516164844,0.1851253226297873,0.5153595857319311
2016-10-21,0.3108738223062853,0.39857169269959497,0.36245537205791073,0.31570848216857916,0.1938588890540773,0.5180732149222564
2016-10-24,0.32091436067773516,0.42678483219906277,0.37153388219208394,0.32540510941048806,0.19863643722753052,0.5243811467121504
2016-10-25,0.35052568175716814,0.41570049230615136,0.32980605102702215,0.325882999177703,0.19401234829717762,0.5218726888452123
2016-10-26,0.3391058838502,0.36085874489199693,0.29564104617559567,0.26976507034275404,0.17296983827574228,0.46917130872148777
2016-10-27,0.3491251635755234,0.3739970949004096,0.2978815911516593,0.26803221469361316,0.17950942185375113,0.4790355755558036
2016-10-28,0.34600424652082584,0.37407293475956493,0.3003842775660143,0.27092721799809183,0.16738922025360486,0.4701231346335231
2016-10-31,0.33884492415457634,0.3679610005498857,0.2944739640236232,0.25182588267354566,0.1510884008257884,0.46120569781833026
2016-11-01,0.3460529793892419,0.37045799110341254,0.30564052035510986,0.2494158807176537,0.19948405024149904,0.46959377741767433
2016-11-02,0.3417836026891009,0.3534938270286431,0.33472412080979336,0.24863673108359008,0.19250508603330532,0.45091472584199693
2016-11-03,0.33895881365694736,0.35026676881175245,0.3359771059746578,0.2784162886677052,0.21055022132179058,0.46526788686122894
2016-11-04,0.34563199183590276,0.333099141784763,0.3103635023496678,0.2628720919762246,0.19088590148460152,0.4723342987793216
2016-11-07,0.3666893734836702,0.3679017512476954,0.35005340822673936,0.28812783178093454,0.2210576522260978,0.5025484487226067
2016-11-08,0.3574325168466884,0.361171109024579,0.34148712834027745,0.2773772090896405,0.21200733742263017,0.4942014132034004
2016-11-09,0.3580252851960762,0.3409925674477975,0.33873665203602016,0.26925135567624375,0.2118688181253579,0.4786774673421583
2016-11-10,0.4200957160829519,0.293058127152374,0.29742395374938174,0.23179475015091042,0.18257733730053216,0.4814579412073177
2016-11-11,0.43308708007040536,0.2961556835706322,0.28715041562957233,0.2412823754713068,0.18397075732286816,0.4753577551833153
2016-11-14,0.41271951742045915,0.2928401287702176,0.29427870369074144,0.18210139530100486,0.18884843924878164,0.45980002349180915
2016-11-15,0.42074058546550275,0.2982205594880828,0.30357684856307293,0.184547537092666,0.199741153913719,0.4611160133121161
2016-11-16,0.47148295278365926,0.28707443958416407,0.3499117088422456,0.18366250322627523,0.24228108062281045,0.45564637786847667
2016-11-17,0.4382401901478934,0.28130799191915024,0.344153068424716,0.1783325544806616,0.2382795552191332,0.45480847239971645
2016-11-18,0.4377896215256838,0.2760146002554256,0.324304922515182,0.17730408784011514,0.23605659969727624,0.4566526185753771
2016-11-21,0.4500296332847839,0.2804338546369019,0.3167775607813602,0.18278432123780036,0.291323493957521,0.5319813061169455
2016-11-22,0.44735442420805255,0.26607055708160826,0.3173840071229058,0.18297131429355215,0.29023885252956544,0.5281761530361943
2016-11-23,0.44237750433001827,0.2680860803021636,0.31472061643325916,0.18243946707216838,0.2882029266769356,0.5284618640237821
2016-11-25,0.4414825746420366,0.2633600317360706,0.30982724627248526,0.18481405498776773,0.2908811362275558,0.5269446359989955
2016-11-28,0.4435041448696311,0.2623412470304912,0.3073132065898056,0.18710211696491919,0.2936725478365211,0.5262184832828218
2016-11-29,0.4402079262745836,0.2669249438719834,0.3044877163283852,0.19271495930922405,0.2900813882187797,0.5316029912569858
2016-11-30,0.44107219408635717,0.26442714330234995,0.29444056540981023,0.19377471471868546,0.30155244022788175,0.5145857933458107
2016-12-01,0.47660625949830204,0.29281140656899773,0.374237423800347,0.19259738562114823,0.3110698821622927,0.49061843778202474
2016-12-02,0.43106044264089743,0.2807749861545101,0.4026849084719698,0.176814200497247,0.3289946024192654,0.4898208086313078
2016-12-05,0.39734203744733426,0.23010924591195075,0.37671204383105494,0.09420029234695541,0.2862013182586569,0.4549112414726279
2016-12-06,0.41139812901820827,0.23903355177730376,0.4500850136952076,0.08041921642662297,0.2839341125362389,0.42892468690982016
2016-12-07,0.46509338430408453,0.2113420811528069,0.4164804864529947,0.1609896412286603,0.3545521102506855,0.4228597656485368
2016-12-08,0.45741962511765594,0.24283177709046555,0.43586153390804316,0.19712044112892116,0.4096884034632344,0.4286003793164069
2016-12-09,0.5001381102766383,0.24650261456556416,0.45012058641363184,0.18213163446965316,0.35823615244058005,0.42449945389700117
2016-12-12,0.49179708965167257,0.2493177424278948,0.4189677570320186,0.17054467290182185,0.36512134176142746,0.4071206420922744
2016-12-13,0.4725079400054183,0.2639102976357287,0.4088894490501963,0.23161324704094893,0.382164266032199,0.4223156711480564
2016-12-14,0.47237878675513995,0.2804745321719375,0.40623156204601163,0.2524751635083967,0.3733655557652288,0.4891708489406352
2016-12-15,0.4748487428971761,0.28170152520073066,0.4153049768102896,0.2620558217643904,0.3899935700782325,0.4535496495523603
2016-12-16,0.47333526122561814,0.2992261679909042,0.4239026410797729,0.23795837887397278,0.37731536543590344,0.46975107147428685
2016-12-19,0.50125911758745,0.3220228409297404,0.4237935415827082,0.2009821516805851,0.3665017702013692,0.4659887802350397
2016-12-20,0.5072961865136327,0.3015688222774494,0.41892017887254346,0.2086568346011809,0.3679744529442228,0.4654718250428136
2016-12-21,0.5072943784485441,0.2974650761186491,0.4170067372718197,0.20808762662507996,0.36755241007803424,0.4632960678627973
2016-12-22,0.5078957026359815,0.29602932592034736,0.41618720451465874,0.21124050527101174,0.3693906072597178,0.4668082579769504
2016-12-23,0.5186994661225076,0.29808648897270706,0.4114962322305563,0.19245161704371722,0.35924656630739715,0.4599162486419171
2016-12-27,0.518660340506876,0.29604373936160866,0.4054533666276451,0.1890876911803305,0.35460898671727265,0.456280898193515
2016-12-28,0.5214166355162093,0.31192684715544666,0.4132346054015398,0.1851176939395991,0.3537888747994608,0.45182229931836987
2016-12-29,0.5232044555073302,0.31227133348628755,0.4137551067462172,0.18466970709524594,0.35363274625707963,0.45169555507079123
2016-12-30,0.5320568892974779,0.3568068562949863,0.44449382951954064,0.20414210660301207,0.3635912096007748,0.44210554435532395
2017-01-03,0.5294280673491424,0.35630143388617175,0.4401284771206876,0.20326751182163666,0.3687952957819625,0.43733588773563137
2017-01-04,0.5368344273391823,0.3260758663508905,0.42981304783934615,0.1955070535856165,0.36716525453317606,0.4412785801957219
2017-01-05,0.5382718254375816,0.3339479308848551,0.4321953672638606,0.2201752049362895,0.36949773002253944,0.4470700425107153
2017-01-06,0.5481872693101315,0.3038341152558354,0.40339685170941053,0.23328834326750128,0.3967122354774375,0.4226362251210024
2017-01-09,0.5468808489053909,0.2974514552460328,0.40363535076393675,0.2126680077432879,0.397529941717643,0.4157083272460535
2017-01-10,0.544616585137102,0.28130673746374874,0.3960324847674159,0.2088031170215964,0.3955477418821,0.40746799742874057
2017-01-11,0.5307730590734089,0.28611735403781174,0.39026738760054364,0.21897495822942944,0.3985080400584005,0.41063046069507214
2017-01-12,0.5330494832789158,0.2975781686793163,0.3872703412478851,0.2238739280750156,0.39968927649996233,0.40988550368899596
2017-01-13,0.5331713595187461,0.2885342309889581,0.38440526125613705,0.22076772171914946,0.4015558415911548,0.41470016181972413
2017-01-17,0.4867988303256136,0.34318570695062933,0.418248777831325,0.17885510176903802,0.3719338773210906,0.45179633361770327
2017-01-18,0.48905820436573166,0.3571411866753505,0.41693445219122577,0.17589223412241703,0.3709428886861817,0.46636416375099254
2017-01-19,0.4910507817842483,0.36010682683278444,0.4251085549673145,0.17623726148986613,0.37060546392886723,0.462207988091829
2017-01-20,0.48052302645888756,0.3264269082995475,0.414165382595521,0.1566131134756244,0.365634514618107,0.4558561482141201
2017-01-23,0.47959739924135186,0.34417680294715314,0.44497602977342476,0.15979695865937035,0.37273158367503123,0.45351311770246083
2017-01-24,0.4584130154930114,0.3466997114584104,0.437335243665071,0.14342775568824567,0.3680001648937899,0.45055000208540796
2017-01-25,0.4285591703526898,0.32943267149395106,0.4350383570220907,0.11535874598975596,0.36686343826317,0.4599128190960917
2017-01-26,0.4325379030651446,0.3221311337030166,0.4302631668174066,0.10454604308471188,0.37983418289849896,0.4823502197232393
2017-01-27,0.4319940842956221,0.3204062179113377,0.43032500226227843,0.1049723771295529,0.3809414957841144,0.48218659382251955
2017-01-30,0.4256679416505884,0.31289148072149764,0.423509555222988,0.07289069466887456,0.35010576838604673,0.4696149246459049
2017-01-31,0.4351849156880159,0.3145325790294656,0.40625484226443453,0.06897155410136595,0.3525199268871766,0.47746245651602576
2017-02-01,0.6024201152461754,0.213969298405842,0.3407826617077523,-0.11050317890788514,0.23957316187085004,0.47372571583995265
2017-02-02,0.5952882710466919,0.22926262568638542,0.36164948015749,-0.09333175575409086,0.25771671804474666,0.45861122498076984
2017-02-03,0.5856283545475295,0.17904780254414882,0.3331477718477791,-0.1346555050043308,0.2383916328035189,0.43390459061211456
2017-02-06,0.5791163607141205,0.16220491521348587,0.2732167103307939,-0.13211340797396617,0.22451972599861472,0.44798967538252416
2017-02-07,0.5643853725847886,0.2115556942888171,0.2568924914650339,-0.14262567106348356,0.23008263260410802,0.2802946304905905
2017-02-08,0.511023256400422,0.24754089481680802,0.2850364235615171,-0.1177882710433939,0.26374576741671146,0.2337004785112171
2017-02-09,0.5117114868384981,0.2239053811871384,0.2808972559783945,-0.1238955578770005,0.2626076506412129,0.23746359796677305
2017-02-10,0.5480482710864064,0.22435130577681092,0.28112893768263514,-0.04480522476494979,0.2698134836501825,0.25676663628390417
2017-02-13,0.5410693786913536,0.22621805571674397,0.27293303877065794,-0.06168291473504412,0.2621337490656936,0.2408152298794935
2017-02-14,0.4802838103804525,0.223935382524794,0.2310879732036388,-0.05671473659144604,0.2192341914083192,0.24308285251913775
2017-02-15,0.5231299914321095,0.21152189021560672,0.2234792401766994,-0.05317326544912973,0.2230963842276199,0.2316949493170912
2017-02-16,0.5300354045351622,0.2277134831946752,0.22944673697058787,-0.04931283958226938,0.21720435689201975,0.21755767861626313
2017-02-17,0.526843134050198,0.22547085898989475,0.2411970714145736,-0.058728395133917664,0.23988064122186115,0.22950672410247303
2017-02-21,0.5254843018552589,0.2547324202387973,0.24077985326069323,-0.051592682867844304,0.2402189453600009,0.2417094075293452
2017-02-22,0.5299683488687494,0.25391449530159,0.23748346205878454,-0.04800750928904669,0.23896392051649587,0.24259890721236638
2017-02-23,0.5305951524010183,0.25873970278235275,0.23867657611107343,-0.03930273737426609,0.23296620574166396,0.23562800181616578
2017-02-24,0.5323202763069097,0.2579287165731666,0.23680322949557844,-0.041687233075748606,0.2281538433050555,0.23409097615355062
2017-02-27,0.5155607082765683,0.2436392106622978,0.22991039927840276,-0.04028549569570247,0.2279599135772806,0.23427048011673327
2017-02-28,0.5141814380642138,0.2699104056162205,0.24574474966533771,-0.037801936725591866,0.20097635167413072,0.25099481077100727
2017-03-01,0.4987669087975556,0.2750004541704803,0.1982791831570926,0.05249853827000109,0.18660553835403967,0.29812973702741313
2017-03-02,0.5123226986865742,0.31145769125897355,0.2272535341790198,0.07714760356811633,0.20405001461435118,0.3204044545856414
2017-03-03,0.5045525299426199,0.3020122049472804,0.25678604747616257,0.09106550360433886,0.20456118117460362,0.3136564017563429
2017-03-06,0.5095071337366848,0.2946329386092434,0.15923828951574137,0.09269860416366736,0.22058222425995216,0.321470660256435
2017-03-07,0.5099546452153496,0.2957349564608826,0.16548641493227206,0.08453420577933553,0.20892328039021307,0.29309809312911517
2017-03-08,0.5021315986494411,0.26515617557922905,0.13962614945865032,0.07274021379549558,0.184683522661566,0.27320005771926303
2017-03-09,0.51038733146917,0.26511456260063604,0.13932405964074074,0.07307720102203152,0.19313412970131089,0.27256733448111015
2017-03-10,0.5242606382337633,0.26306978241970075,0.19135977640881335,0.08322382913284147,0.1624941747917797,0.30832972084758153
2017-03-13,0.5421831457609809,0.2605866201710357,0.2031165585911309,0.09325742075991005,0.14147542675539607,0.3163879949247786
2017-03-14,0.5439032250057373,0.2615465209255452,0.21264144794809733,0.0937073399127837,0.13948990377436338,0.32315973703232315
2017-03-15,0.5353591415574718,0.24619089696809127,0.1841664655585232,0.1099560154418343,0.15616586229786156,0.3519859281198772
2017-03-16,0.5349510812029461,0.2358667879511729,0.183341425888556,0.10699184985150725,0.15712813313851223,0.33230060635566167
2017-03-17,0.536019298163758,0.23305236062800333,0.19649714211267902,0.10267815375663795,0.16874916730129574,0.3339569232235087
2017-03-20,0.5502985172820505,0.19513062040075355,0.1899783499747976,0.0884711789257669,0.16699493924915731,0.33205737688613757
2017-03-21,0.5623217976287647,0.22364626593000828,0.22036918491253965,0.13363455878953026,0.21099434218601032,0.3788766329686945
2017-03-22,0.5722271218287908,0.22434548892522158,0.2290427827707588,0.120429993840262,0.2038684662225786,0.3687489963082448
2017-03-23,0.5753614239261392,0.21887413427275618,0.22451452639466865,0.11504691236288431,0.1984416447164162,0.3714533045572555
2017-03-24,0.5754420750259841,0.21202571552606597,0.22669656580897515,0.10985640376143932,0.19467392003403572,0.37465664499869555
2017-03-27,0.5695517862897138,0.2057797809144525,0.21109099617027524,0.10505573347963998,0.18511221547720388,0.37222247077286014
2017-03-28,0.5517480128635922,0.2056340624679885,0.21133337409861436,0.10578022244159037,0.17547175698404716,0.3726013483270787
2017-03-29,0.5471895332862077,0.19764504552853038,0.20158314437913835,0.08938565550032805,0.15693841219156762,0.3624070111949753
2017-03-30,0.540076391439775,0.20389304689160423,0.20138619834572036,0.0807232965260097,0.16459398413379223,0.36267795785061474
2017-03-31,0.5287323344193237,0.2028334809984545,0.20397579788114456,0.10065760993087874,0.17550974080595563,0.34469527961879465
2017-04-03,0.5309659491969272,0.19779703242454597,0.19695201422571654,0.10752213080595495,0.18238942394024646,0.3557635825302373
2017-04-04,0.5214082401851339,0.19735165872180463,0.20754719853568177,0.10299428682946393,0.15799018488616054,0.35702413270751465
2017-04-05,0.5186482591721583,0.20115622126972743,0.20616003444065295,0.12700565813054693,0.171413314244936,0.37748793237611733
2017-04-06,0.520836824748254,0.19527974689058786,0.191370981798993,0.1288561945353667,0.16823788706568432,0.37663853398315716
2017-04-07,0.5196618914322493,0.19955860323246322,0.20294266307782122,0.1296335743396424,0.16053854103080964,0.3685348079635597
2017-04-10,0.5159229377416575,0.19382650186555858,0.18872511831671168,0.1253150151973733,0.1522908936971132,0.3651702389185504
2017-04-11,0.5079838471099927,0.20024092643697583,0.19363115619113644,0.11723736795803424,0.14994051376421455,0.3621284014529029
2017-04-12,0.5428859087778256,0.1699964665186617,0.1301741744531267,0.13627324385310668,0.1813751019359614,0.3243806663413117
2017-04-13,0.5497082112584611,0.16313191833004057,0.14107886083215476,0.13776912500155578,0.1951034923644437,0.3054266181127702
2017-04-17,0.5485532460153336,0.16902276783357378,0.15300207040117297,0.13707384425505184,0.1996007804866806,0.31435279603120914
2017-04-18,0.5435638798462624,0.16990223845027075,0.1612963354912984,0.13690247783094264,0.2008410015447082,0.3138451612907021
2017-04-19,0.5464667029194268,0.16956245414069873,0.15316285352254977,0.13207303892068092,0.18412086451541004,0.3152410768502872
2017-04-20,0.5640757218383893,0.1625014148951489,0.15043076438662456,0.1509189164705347,0.18981564306913346,0.3152483062098433
2017-04-21,0.5815783154356462,0.16983030355413584,0.15326703648475404,0.14969396178345123,0.18152239611244989,0.30838920286610433
2017-04-24,0.5828091797118063,0.17539979516059592,0.16095977201398282,0.16186146200961665,0.18993778689640067,0.3201812008936385
2017-04-25,0.5855299854550777,0.183097341186442,0.16083916538047574,0.16545713952242716,0.1898790618577031,0.3182093307227006
2017-04-26,0.5848207065200398,0.18299712983335406,0.1593349194611044,0.16450104243596048,0.18661443531033542,0.3192870337442576
2017-04-27,0.5809095537447048,0.18535962379867005,0.16104900221299745,0.17301842018204588,0.18649184003863017,0.31367403305297986
2017-04-28,0.32104654325899856,0.26818681352821205,0.21287309226656898,0.3336453995231839,0.320471871935945,0.3211768205099434
2017-05-01,0.3360401344197994,0.2758919160844375,0.2175031240143599,0.35879624506792474,0.3752303748131931,0.33887179210700596
2017-05-02,0.19004225637574113,0.21585266368692207,0.0662684329702742,0.3549029988009869,0.37996903090577555,0.31453965329072003
2017-05-03,0.1519606776656356,0.22338812512749276,0.14167399647552023,0.34206314148185385,0.41913011996758015,0.3204934762702964
2017-05-04,0.16952104956416805,0.16794416616897662,0.1577400383237119,0.39225590585171305,0.4048985110552123,0.4252455335427148
2017-05-05,0.17126130399226913,0.15984270310306717,0.17553643000295976,0.4174356598996488,0.40067364184241094,0.48509092405911214
2017-05-08,0.14238698927213683,0.15611767710707988,0.17830294953342224,0.4306988713535574,0.3643234295581096,0.4769892360863608
2017-05-09,0.14969618945629623,0.15229904319512158,0.1891544601782425,0.409896102170772,0.36426371974567134,0.4428779251705412
2017-05-10,0.12473444738859281,0.1488782723769137,0.20536257120370127,0.41977618301210284,0.340763817158812,0.45358857964235477
2017-05-11,0.1378380329769719,0.15287758014397462,0.19886435576510378,0.41444149639743627,0.3408123776596208,0.4523690073289699
2017-05-12,0.14554043563785976,0.14213065413372766,0.1979939674353358,0.37602806175213577,0.33134302207001637,0.4660108691990305
2017-05-15,0.13764980907486887,0.13759837208926023,0.20755979066716176,0.3716365778538275,0.3249824238713644,0.4717814214237036
2017-05-16,0.11025419352243926,0.1374007284309934,0.23232934234355523,0.36943216966885806,0.31647573020805414,0.4691229370653235
2017-05-17,0.2440083361489301,0.2181672008168647,0.32393736911557125,0.4571203971817199,0.4496151828231061,0.5305744300871157
2017-05-18,0.24372247742462705,0.21600133713725486,0.33158981908864577,0.4365547876744337,0.4709274595044447,0.5152629798905395
2017-05-19,0.24656028712496691,0.2202892798855965,0.23040973570346135,0.43279744464269454,0.3055489225924477,0.4048202185696533
2017-05-22,0.2401863026708885,0.21398274534895434,0.21553157872287268,0.4353198161551565,0.3106351504145068,0.40951696858071535
2017-05-23,0.24677187770741243,0.22430677166036322,0.22450411881395477,0.4369585221361483,0.3120612137911077,0.4109033692052635
2017-05-24,0.24502028340686677,0.20978114605013035,0.21255846966239594,0.43515390121181025,0.31420133760904967,0.39787571782942716
2017-05-25,0.22691060163865845,0.18564370357572363,0.20172517356139594,0.37277322730998447,0.2905483744956284,0.37820454673525117
2017-05-26,0.2099607636079302,0.15488225777495399,0.18137042998270478,0.3618085047214264,0.2829592080156975,0.36559595194012284
2017-05-30,0.2230916002108178,0.16182350627346273,0.15815998245569923,0.35901979557893543,0.29647064278383267,0.3688323229828136
2017-05-31,0.2201029840291778,0.16243289000269062,0.15914405991991473,0.3542760950283254,0.29779727604951917,0.36379025290372424
2017-06-01,0.2185249838306731,0.15429291983849985,0.15795238409415618,0.3545859395198325,0.2988745402493162,0.35988533114299026
2017-06-02,0.2186525227450428,0.15500573515893495,0.1555584160921388,0.34399070592026165,0.293433925031695,0.3621051809330097
2017-06-05,0.20128283188563345,0.14217401380577016,0.14042767210065643,0.35635658224229105,0.3105615458912971,0.3732117218973368
2017-06-06,0.20081238897132409,0.15311224223368652,0.12700358038908408,0.35642676418211927,0.31019443377605,0.37014354705511887
2017-06-07,0.20679179317444416,0.15146812834303564,0.1224303380770216,0.35476067241321035,0.30737781826888083,0.3705409115103174
2017-06-08,0.19661664297530157,0.16430425077621374,0.11595943876161219,0.3417544464047777,0.30603247857934124,0.3616577646126037
2017-06-09,0.2387897328677325,0.1740774010500527,0.15167749854265608,0.29781258004679173,0.38368556291377587,0.33894713372495927
2017-06-12,0.24097287692305808,0.17885816385369413,0.14243705137271898,0.2908561624303616,0.35296954595485674,0.34724311978544925
2017-06-13,0.23611864767337729,0.17973530413707564,0.14142421223504048,0.2930168843978344,0.3478079885840516,0.34948738870391743
2017-06-14,0.22238217295704318,0.21232675048745603,0.1500698407679256,0.314924122204854,0.3591423960482377,0.35191240205459623
2017-06-15,0.21391054115749247,0.19288302712694988,0.13503746210232268,0.29183897194225566,0.3440253614072791,0.3174114486339804
2017-06-16,0.2063783599504891,0.1954718471816678,0.13298387592072736,0.2855858307559751,0.3463498792203394,0.31520339539035336
2017-06-19,0.23222224468148434,0.21269851237546522,0.14114930465466893,0.31310643562979107,0.34644186978001545,0.3164125464566681
2017-06-20,0.20906233136833863,0.1921967251768506,0.12463892944375896,0.32171153978398476,0.35367760381961594,0.32167105154659775
2017-06-21,0.21736031354713503,0.16110372459470435,0.125636810009034,0.31624832996183266,0.35670595988417475,0.3160551940363137
2017-06-22,0.22232650241057633,0.1648794336333922,0.12774596457022874,0.3216134362256951,0.36960819202060724,0.3176425968503435
2017-06-23,0.21987717138689075,0.15052487415927132,0.1264216653201707,0.32363238726040716,0.3699212013157213,0.31620415779694383
2017-06-26,0.2221728072139153,0.14307135602755477,0.12989600428622927,0.3255614607573023,0.37154171721934676,0.3140910387085313
2017-06-27,0.24149952474936034,0.17396185001271333,0.15233131753698423,0.34711829873657873,0.3903867447379247,0.3404687183571804
2017-06-28,0.23291218403517244,0.17353075757589975,0.1523423930774065,0.36666881853371647,0.39484995919715904,0.3352394568741122
2017-06-29,0.2570602377058914,0.18800934309632616,0.1670103828260187,0.38653374195760737,0.4173786626566028,0.35224321988517615
2017-06-30,0.2568540066833005,0.1924817454915483,0.1693464313145753,0.38316415620850114,0.41248210615052544,0.3398350290635258
2017-07-03,0.2578329431559427,0.19081651402935867,0.18024802946963783,0.3800004296839816,0.41482276489197184,0.3317863721927614
2017-07-05,0.2620571010858981,0.18321435335271688,0.2079812874523754,0.3775015868889578,0.41686527327897915,0.32553348672355475
2017-07-06,0.26386956419837876,0.18448189689707922,0.21340750407034131,0.3885003861250149,0.4200032524523134,0.32972075618206886
2017-07-07,0.2703105483569515,0.19217042561797876,0.21593742683465245,0.4075457919618358,0.4257375762561824,0.33331189562699465
2017-07-10,0.27513278106941336,0.1750302453816915,0.21318692833464187,0.4096537343278856,0.425915508198429,0.3303432397920176
2017-07-11,0.2707078853711617,0.1786664796219365,0.2082604718099942,0.4128560742958652,0.42361311316104355,0.33289583204792067
2017-07-12,0.26721582768780605,0.17783440659987915,0.21024272162730415,0.4101381533745974,0.4210103441899817,0.33631553207739834
2017-07-13,0.24299921218112294,0.17215855143251219,0.20808540163067102,0.40950699182221423,0.4176003693052774,0.3363779657481099
2017-07-14,0.24634251867582455,0.17700436805559142,0.21434104508092186,0.4145691436326965,0.42603244405949703,0.3393523442855517
2017-07-17,0.24146103416202316,0.17112765471967412,0.21589997058527854,0.40763226317943063,0.42247935105488676,0.3316173731716489
2017-07-18,0.2385509779905908,0.17097341367351304,0.2139685340522144,0.4092953225846766,0.42270949119565004,0.33491687578100915
2017-07-19,0.23774856019834673,0.16997105131337276,0.21270674029336395,0.40391258571971755,0.42191123668306796,0.3360057827852606
2017-07-20,0.23145756238325774,0.16376975076411632,0.2118658497743873,0.40001587392226046,0.42426814950153113,0.3388321338457973
2017-07-21,0.23050454208663104,0.16307402968223303,0.21111113809663662,0.40009265479380973,0.4238638066629557,0.33915215891629946
2017-07-24,0.23448428263860593,0.1725053651720006,0.21228605280539137,0.40451458400190665,0.42448226798584454,0.3455274526542213
2017-07-25,0.23275706083654377,0.1569911672819035,0.20845644357318643,0.4165669602022127,0.42498198324950737,0.34842302461125996
2017-07-26,0.22934707952175537,0.14336968682581114,0.2101629711256796,0.3983368768704917,0.41802219694093945,0.33562914248519793
2017-07-27,0.3742082941687563,0.14698004566280098,0.34559389058347123,0.40614865537930134,0.43169539359853204,0.345165833971321
2017-07-28,0.37752221055048746,0.15702251778129353,0.34617510041937444,0.41704669234103947,0.4312543626778687,0.3425884466670006
2017-07-31,0.379098940263725,0.24702485555785197,0.3488254061317753,0.4981255496838146,0.4325560430143637,0.4029720979793366
2017-08-01,0.3821292137791156,0.24960283526560983,0.34912361961702887,0.4831597924318725,0.44189809196860375,0.4143940031171343
2017-08-02,0.3212602673514452,0.26882097559683116,0.35747153635713863,0.38042057928928036,0.34775206000021713,0.4242213907359915
2017-08-03,0.323310336107304,0.2840823032471062,0.3588248860217426,0.4119992348352415,0.3501452855976363,0.45066958775066673
2017-08-04,0.33629222402375597,0.2915244891762833,0.35510959589850394,0.4056444911527063,0.3539175283214386,0.44807086897069676
2017-08-07,0.33983365569538415,0.2764437455355338,0.36165524347705985,0.3729200822503651,0.36002242098123016,0.43421875028082424
2017-08-08,0.3276463978842273,0.3009262956776631,0.36768559140377344,0.3902759274959932,0.3565176288127598,0.44587161094096806
2017-08-09,0.3231847465071292,0.30780823294433485,0.36914087678418583,0.38016715126879636,0.3549554499416265,0.44893492768579324
2017-08-10,0.3984223971745517,0.35395678673747877,0.38861966046155905,0.4372554688796429,0.37686209668072607,0.46229393021698334
2017-08-11,0.30334088953463256,0.2196160748134281,0.33112380310992184,0.3510284162894665,0.34195630269765065,0.40912826936986046
2017-08-14,0.31935773682475715,0.24570410938083997,0.3312505088078068,0.38553000376003216,0.33454914643155087,0.41955648251606825
2017-08-15,0.32336157536276505,0.23330019400834714,0.48667611946752337,0.3707633428715256,0.5051104175289717,0.4740766499916656
2017-08-16,0.3373547500858042,0.244399211860848,0.5361032248758443,0.3663024284734102,0.5061754957133386,0.46874233181337915
2017-08-17,0.34823716813647676,0.25645833140108804,0.5423786233501373,0.3952768354653802,0.5247371464591419,0.49379356826351717
2017-08-18,0.3479968332314974,0.25721484923270793,0.5413847604850883,0.39883109980475745,0.5215543349617969,0.49224805678278166
2017-08-21,0.3480450240162011,0.25242000695284833,0.5255207850519178,0.39826353636114015,0.5167883842520619,0.48402098212383016
2017-08-22,0.3485760867727026,0.2527601210027374,0.5265808169479623,0.41721206281579426,0.5232450667181527,0.4904663592439054
2017-08-23,0.3478582522691204,0.24277200650200031,0.5218733914255458,0.4182912220352482,0.5230028214951636,0.49235121872818427
2017-08-24,0.3493486613798303,0.23899985963124012,0.5263702800418323,0.4060512054920388,0.5196605968777765,0.4892231338834057
2017-08-25,0.35197086859242116,0.25435362465336286,0.5017301403335453,0.4086006536452225,0.5013947442460321,0.4862381109074401
2017-08-28,0.34913855462352755,0.2503839130743356,0.5029760446513118,0.4166904344870568,0.46839275593443525,0.46189536084966437
2017-08-29,0.3610511405977925,0.27043259790281193,0.5282604186830802,0.4083541537463059,0.45819239091136515,0.4501386129070906
2017-08-30,0.3661987729293144,0.26948762005569027,0.5487462677443975,0.4062654923238193,0.4553350567133747,0.4606611654054248
2017-08-31,0.3644072139114623,0.28536771622811036,0.5583718637315236,0.40627797025464124,0.45775518328786025,0.46557800519240305
2017-09-01,0.37399472275991846,0.2615076097064498,0.5625613464404013,0.4175214362890533,0.45742057259573876,0.4751733643129084
2017-09-05,0.33604462718796096,0.2742475337046065,0.5349814290697403,0.4570331919691353,0.36141244342886014,0.4817761226600894
2017-09-06,0.3306057133406218,0.2739442342530675,0.5474048490436741,0.469243640867365,0.4078274652282616,0.48692501291434637
2017-09-07,0.3387481017079219,0.2765384433616672,0.5454653120608824,0.4705328674540139,0.40732655013916946,0.48631574970105534
2017-09-08,0.34899997808335653,0.2783330553594286,0.5351478229355255,0.47001511140771407,0.3876883199462893,0.4850286701444682
2017-09-11,0.3531751984616204,0.28703839243866497,0.5381021511483055,0.4853397214231788,0.39917025790239613,0.49656322139910203
2017-09-12,0.3570339732618714,0.2776721017511255,0.5385827403408318,0.4951279934937764,0.3949968839590248,0.4970000989455212
2017-09-13,0.3281885123664367,0.2581791570057825,0.5332026127949319,0.47387519971155523,0.38590857336624246,0.490846140292927
2017-09-14,0.36695053417712714,0.2932575000121764,0.5808641396751469,0.46449228116565633,0.3818981616799317,0.4836446019381075
2017-09-15,0.393669803353045,0.38077749988961584,0.6090374134415085,0.4761138693488153,0.36547330473072454,0.47167483719924486
2017-09-18,0.369865614413737,0.37335533019091305,0.5837716220377316,0.47424123077049873,0.370859367599219,0.4668278322778957
2017-09-19,0.37251990827463555,0.4060578594743732,0.5881466838818619,0.48358501149997796,0.36973491109997103,0.4655058773054723
2017-09-20,0.31298184529518314,0.38743056761443856,0.5674021532143535,0.4897503922104566,0.3665532370046379,0.48344644323790564
2017-09-21,0.3018503185708418,0.3508344186476682,0.5409781234034161,0.4599228356393062,0.3406510271166908,0.44780276302110217
2017-09-22,0.3173936427560564,0.3618935762899407,0.552831730808468,0.4259623513423616,0.3338734744461406,0.42832950430119815
2017-09-25,0.30580166080910737,0.32574385760165436,0.5438791770663479,0.4062607990243755,0.3161252910555209,0.39547868746825937
2017-09-26,0.291317853645364,0.32213879434072284,0.537547410932737,0.408038372735887,0.3219292387878253,0.397811228493903
2017-09-27,0.29221585947424744,0.3344384543450093,0.5333700298771996,0.4130658596295138,0.3224358696736726,0.41500885577733954
2017-09-28,0.30561222968008406,0.37303581499211214,0.47480182719660613,0.4129168719920585,0.3315649308182637,0.4387523391286969
2017-09-29,0.3006624283101664,0.3688121477252577,0.47197204398834675,0.39821738519968664,0.3283897170948908,0.43430176560937106
2017-10-02,0.29177577690482076,0.33596515091102297,0.4643044733166944,0.36637845247126644,0.32100696456942723,0.41071156647990864
2017-10-03,0.2857563929653959,0.354630256306377,0.4710043976596078,0.3732181929328673,0.3219206971157893,0.4161102336956608
2017-10-04,0.28730436034009493,0.35213959573689746,0.4690922439510074,0.36906806149875826,0.3185305069418283,0.41522199327320725
2017-10-05,0.28916266842480015,0.33921349244087856,0.4466015330143158,0.3642006622308805,0.33991627383687767,0.38599870149064763
2017-10-06,0.34171119430979296,0.3711274874110905,0.46836562774936114,0.3602904131776105,0.33986606955622367,0.3841325503637881
2017-10-09,0.33483903007647686,0.3540302590885755,0.45461449311327673,0.3526847688689209,0.33245769472010167,0.37310580007117844
2017-10-10,0.3349936278208005,0.36634245495063666,0.4501736440554988,0.3497639049885914,0.3434131120882612,0.39529530940808166
2017-10-11,0.34298472827789106,0.3682234944317407,0.4652432612631639,0.35155717951246157,0.3441134213685026,0.3988532962534163
2017-10-12,0.3341341339120983,0.37561566629254334,0.47129195153813985,0.34190560775103507,0.3381682264383763,0.37427048477689945
2017-10-13,0.3412358667791124,0.37411353364736255,0.47794504000449306,0.3385824700606897,0.33797055600289067,0.3720913659645142
2017-10-16,0.33786601600376864,0.3748022231231373,0.4778929073143226,0.3349708545517586,0.32180414859626866,0.37061809635676385
2017-10-17,0.3281162911819495,0.3726107488330591,0.47434397687027735,0.33274465423062133,0.31286432072710035,0.3682014066867973
2017-10-18,0.33049649643570667,0.38102872188944503,0.4811912995519391,0.3269831737793669,0.31169225908631976,0.350536596926105
2017-10-19,0.33082179673191103,0.40404388549316045,0.4577869693529916,0.34860681307022234,0.28400124057371456,0.34931338811808743
2017-10-20,0.2959910612171398,0.39376893987892897,0.41275135452951145,0.34668972609713333,0.24609140314808098,0.36380366269483577
2017-10-23,0.28839033733764724,0.3785566009385527,0.3829608055762096,0.33860832925137313,0.2441894419898065,0.3791562031232142
2017-10-24,0.28461970546211496,0.3706705438411553,0.3766312541058149,0.3349692639198604,0.24051687206371453,0.37445422558831754
2017-10-25,0.2570081994360342,0.2892517029818847,0.2701464525929903,0.3290986423138661,0.23490259062151164,0.37227431627860796
2017-10-26,0.3477017881825772,0.2725668141833673,0.2382225631932666,0.412564477060427,0.4197675407895046,0.3775579416635033
2017-10-27,0.2936444963523231,0.2731382196704776,0.2210690179209847,0.3467023822221579,0.4395477144258253,0.3433439005308372
2017-10-30,0.19173577517865897,0.2910118768568962,0.20807026301384626,0.31626084379922587,0.4273452594254051,0.34572031319368074
2017-10-31,0.18213428899251813,0.3215695855306079,0.19986002486062585,0.3598638320121263,0.4212686206683216,0.37963680847307363
2017-11-01,0.19683336407736005,0.3147377786195992,0.18987629444163726,0.4066612670111912,0.4435173330968017,0.35527700351144
2017-11-02,0.20405326012714403,0.2516640142195513,0.18087868915008382,0.32952163658272804,0.45048220794485655,0.3149744912779018
2017-11-03,0.15171322023686568,0.17293194428913045,0.11952056463589043,0.1799276938218871,0.36094974174380967,0.25027825950806654
2017-11-06,0.16937684360513958,0.1610541969214615,0.06516091443759797,0.1833223606301236,0.3205975690228694,0.27172450429944506
2017-11-07,0.14618528368774694,0.13191980878183596,0.049737996667331946,0.15904431983139583,0.31196032514487415,0.25919774426314557
2017-11-08,0.1271773461131355,0.1397002068286301,0.040897063703007455,0.17625668959033405,0.3068522473407491,0.2711594250645404
2017-11-09,0.12643607161174947,0.14472124868221772,0.0794835694134468,0.1787668412165302,0.3136741962245166,0.27018826349497865
2017-11-10,0.10145923760633242,0.12075615497379173,0.05714859636183248,0.1263667979526894,0.2527051753416308,0.19946846276609517
2017-11-13,0.10597235857747464,0.12474762554143372,0.04852563342730688,0.12654930566105485,0.2441289018425084,0.19530220675007123
2017-11-14,0.0970404028783805,0.12543819364750217,0.05857450185750827,0.13755526166080137,0.2649124228713483,0.20057940716334333
2017-11-15,0.09162207301481481,0.11852377335665065,0.05366266295374984,0.11142697738725546,0.24758455953888478,0.17725866728129974
2017-11-16,0.10026109103085999,0.14222555102472378,0.07912969596258375,0.13487883012558335,0.2707682574623867,0.21820419743437994
2017-11-17,0.09666774565115373,0.13159129218983717,0.08040864062856398,0.15924258245292322,0.2671482078886696,0.2222895198329775
2017-11-20,0.09755932320738249,0.1310534162124827,0.10058441365388204,0.1501845567096217,0.285131006694865,0.16232721462742572
2017-11-21,0.1080397837890023,0.1355316289520017,0.08352214502824488,0.15741457335548814,0.38603962425067734,0.20786956234219092
2017-11-22,0.10915578319936324,0.1363179309630789,0.08234280853199041,0.14917623470602245,0.3884572030375222,0.21064817823766166
2017-11-24,0.1077957306017963,0.1075219930300539,0.04103519663472774,0.14801049918387624,0.38756552385238136,0.17963919096370157
2017-11-27,0.09929805248876873,0.08453437335733348,0.030556660649080886,0.14403465592728834,0.38153304400873267,0.15802204977800757
2017-11-28,0.10925801176415376,0.03849301198193326,0.049258971046231045,0.10940739989789788,0.3870475196730463,0.12012586566634159
2017-11-29,0.1247218178266534,0.024210118472111936,0.12974749569399388,0.0850536579103124,0.36745254161414703,0.13129070939358314
2017-11-30,0.12806384048715433,0.026096664380510386,0.13040082911159703,0.09280579081139194,0.3667601335263764,0.132504551170405
2017-12-01,0.12760317119858605,0.036813750596994835,0.13762340561571973,0.10406476742797326,0.37281160238259714,0.1648531578003114
2017-12-04,0.1281251889804503,0.09749706379889006,0.12278617702659783,0.11609403189856259,0.37743196980762467,0.1465989902202907
2017-12-05,0.10949561471090548,0.07449022290954722,0.11391567398982885,0.07747543642372012,0.36623575832924576,0.12634624271171754
2017-12-06,0.10300566350724086,0.07782855903964388,0.11463336365272346,0.09183097736914281,0.36437497809543934,0.12468991607002101
2017-12-07,0.10226587254039075,0.08018547315381648,0.11770544511582492,0.09377349600075091,0.36429118022701495,0.1358542226563692
2017-12-08,0.10606150149480033,0.07759679210021342,0.12125889552106797,0.09446408489369615,0.3618671006598818,0.12613008070429851
2017-12-11,0.11599515892802376,0.072420424553045,0.12628328126376737,0.09611075267615199,0.3599400790888092,0.13452087583270267
2017-12-12,0.14656256183107094,0.06139123980861157,0.13240532079756503,0.10062829377847615,0.36130761517586046,0.13487789069395315
2017-12-13,0.14869451968401717,0.05431711082773781,0.13149231636138933,0.09903355883906323,0.36069309027226987,0.13555729779828352
2017-12-14,0.20242357715351686,0.0633529184026252,0.13812076953606123,0.09210387739854145,0.3654114210301957,0.13156368492345852
2017-12-15,0.19552093598246686,0.08299277854959075,0.14572946655735147,0.11655117232916666,0.37737258327474477,0.15450998632826315
2017-12-18,0.22477177799128528,0.16048523996904926,0.12536862802512125,0.16898657311711826,0.3676546556593364,0.13962934722240852
2017-12-19,0.20123007166834736,0.16357337674660738,0.107868169199464,0.1607793287761305,0.3699361036519605,0.1342043369644428
2017-12-20,0.21175763519366222,0.16675274116364985,0.10974768713249679,0.15323902733670905,0.3686763049112111,0.13188605918311286
2017-12-21,0.20616774941240262,0.16864321508438215,0.10350548959988032,0.15448065685054843,0.36516364063632584,0.13273140779889786
2017-12-22,0.20993880503052248,0.17203297053225627,0.10594058843250559,0.15607195927519948,0.3654325135731122,0.13353877127111582
2017-12-26,0.20531434176515112,0.17344460889962848,0.10533948866248335,0.17990832552949984,0.34558914009991504,0.13362804473734233
2017-12-27,0.2045375316166445,0.18063074648873184,0.10708728038403671,0.19782059158183435,0.3453843977196321,0.13484157075573663
2017-12-28,0.20369490867142293,0.1727824410780727,0.09499472230040233,0.19655105352214183,0.34448856778614034,0.13419569563330078
2017-12-29,0.21340111788092322,0.1740017285270201,0.09579470270971042,0.20106455273392126,0.34610882254982445,0.13327682013378186
2018-01-02,0.25296644970212484,0.20643394731966433,0.12703435275199507,0.22488496745635192,0.35066423829680443,0.1525235879880516
2018-01-03,0.2418023184120836,0.21979475004994903,0.15088966850117472,0.22136879940895687,0.34629867859441227,0.163009192783553
2018-01-04,0.24260596137041815,0.2476147184862506,0.17423268587175583,0.22414410192555792,0.3470843543505836,0.18203005421777957
2018-01-05,0.2347122124233804,0.22947236598845377,0.17827829811176282,0.23778197919205482,0.33842127922596543,0.17299779889534805
2018-01-08,0.22221319831347053,0.23138227222364707,0.17739336225659624,0.23362143976452893,0.3347269773613086,0.1718023236273773
2018-01-09,0.23088490385694657,0.22269228837706073,0.16874974713669758,0.23899667828071022,0.3356528102778233,0.1706949838564509
2018-01-10,0.22869386916090664,0.20250529588747906,0.16649233050573523,0.24097230897672922,0.3349601844900061,0.17445875706970965
2018-01-11,0.23145112373901314,0.20950230593178715,0.17205108886307421,0.24660598053858415,0.346546910576839,0.18554247547672234
2018-01-12,0.22780586651598966,0.20744130931030297,0.16624002284533557,0.2505719381495435,0.35538764597110006,0.19103047779822274
2018-01-16,0.2285833983376422,0.20986475785210468,0.16829512711430733,0.25875204338181057,0.3627162864557064,0.19808030739838084
2018-01-17,0.24315827109579416,0.21407874358005244,0.17345882290334363,0.24376504558463574,0.39406123836128476,0.20740367287811248
2018-01-18,0.24017934036477412,0.22375422760091015,0.17386705630836266,0.24594072947802406,0.3957793614982388,0.19895528323652809
2018-01-19,0.23990734437862202,0.22888167152661246,0.1857547574234472,0.19446343622500653,0.3796049260433451,0.2298845978978109
2018-01-22,0.23358166654200632,0.2259403461570431,0.18673394315751135,0.2017697338507737,0.3625303843175234,0.22001394487349415
2018-01-23,0.22534504775863753,0.2553851555917525,0.24165126807225262,0.2034937283836911,0.3638537324156533,0.21414997255253204
2018-01-24,0.24591081027597153,0.27852276531383047,0.25727962821879935,0.23194006603791936,0.3696624910689757,0.221542515163146
2018-01-25,0.31522891889461613,0.28901795192006735,0.2645367499458377,0.28773988741203155,0.3508534420584852,0.22300192596975366
2018-01-26,0.45928986953059137,0.2910510830584295,0.2953573182299267,0.32136851805236766,0.35966248744296514,0.22776883732391284
2018-01-29,0.4120638457519175,0.27603576672371355,0.2847595677502411,0.32921968020945797,0.35966799280880585,0.2299434808862127
2018-01-30,0.40960327097563204,0.2803588085247236,0.2909748380059057,0.3141578124052435,0.3664655783846836,0.23914483315045287
2018-01-31,0.4035040161512395,0.24609348410581341,0.28797073448088617,0.382289330424141,0.36852958312691075,0.2568926335670553
2018-02-01,0.38437703035172743,0.24221823264140427,0.28323006795234235,0.4648586564798485,0.3862091148586557,0.2607811336949515
2018-02-02,0.4405348097257368,0.2942160172603615,0.3431260963803563,0.48793935752046774,0.4246937991291079,0.28188949452451106
2018-02-05,0.4839561124432146,0.3535527584697399,0.35830450492317373,0.5243855213858248,0.4367322434667096,0.29975648598083754
2018-02-06,0.46547172498821343,0.3573071563678876,0.36397250702323597,0.4394562769639376,0.46121750149181406,0.28246548286561457
2018-02-07,0.47057895177085485,0.3571051811088476,0.36215512098694996,0.3992558087664971,0.4680966957948411,0.2665302675374106
2018-02-08,0.49130891444514624,0.3851417232393521,0.3825036194223404,0.4550168404218123,0.5036423550659168,0.3438364299910608
2018-02-09,0.4917126589598808,0.38315512088761455,0.3906919876598318,0.4498530194675858,0.5096295765510922,0.34397359492980717
2018-02-12,0.5084680738685808,0.40282130372093483,0.4014269585329338,0.4973291167810917,0.5172630381471613,0.3612335804933503
2018-02-13,0.5095064958690719,0.40310476942123735,0.4030104717008682,0.49687966246769943,0.5255855024542146,0.36570497970696114
2018-02-14,0.5187078956904103,0.4176978167518236,0.396720884747053,0.507500015966414,0.5140563640280909,0.34741976816516845
2018-02-15,0.49661120535908987,0.4190466769554261,0.3884197413985461,0.5232497750782497,0.5360600007511485,0.3701909241672479
2018-02-16,0.49581841828493584,0.41528946688775736,0.38663041876544474,0.5264745190424517,0.5361947996235238,0.376355408157211
2018-02-20,0.4958725862898873,0.41470082907189104,0.3890300033874992,0.525775091520379,0.530565939312328,0.37445342107472956
2018-02-21,0.5003227171849757,0.4191754923478016,0.3939898269380446,0.5335234336858259,0.5328833757827564,0.3787742517628735
2018-02-22,0.5014691507972764,0.41788633455220847,0.39524241295883555,0.5302988040661498,0.533577048094635,0.3781651758598246
2018-02-23,0.5098727948640565,0.4248207101360362,0.39942546960257613,0.5435420961707569,0.5445447353437066,0.39226612822280454
2018-02-26,0.5170676669680315,0.47772743162169495,0.40924671487141223,0.5703360074130139,0.5500322360080173,0.40548379819605884
2018-02-27,0.5033096652798728,0.4684937538317796,0.4738233893784543,0.5695444562690353,0.6526658405342838,0.5626149225424074
2018-02-28,0.5022017588949734,0.47598831816359555,0.45444419900634775,0.56747769319031,0.6513079297257427,0.5500621785098444
2018-03-01,0.5058867661519051,0.4752769902592785,0.4562378508830236,0.5842004110723069,0.6651066582891779,0.5543101388702018
2018-03-02,0.5055947022545049,0.44449384993570656,0.48663090616449434,0.5841385309847846,0.6722716747215168,0.5764524065977098
2018-03-05,0.5060801356314648,0.4451076532002857,0.4808139063871705,0.5829892843166433,0.669894693654434,0.5861622963029808
2018-03-06,0.5072621251920993,0.4336724582888794,0.47561132759561386,0.5741311122867525,0.6693058882860068,0.5899410842290465
2018-03-07,0.48442995612473844,0.42091197766878075,0.44002097783697475,0.5753728603695694,0.3875079941484481,0.3635129940415793
2018-03-08,0.47036120882464044,0.4362430323105432,0.4378588032091016,0.5221397772709744,0.3855246383320544,0.3671290086565349
2018-03-09,0.44185911358433005,0.38279247082622736,0.4335210186567753,0.5349390808527595,0.4003399482972411,0.3694075335623089
2018-03-12,0.4301384333244905,0.3844660509656128,0.4340387483379196,0.5343466270636557,0.3922168026433605,0.36910564412133834
2018-03-13,0.4248864102448947,0.3885557196068497,0.43224922686255707,0.5368951983246787,0.3994480623546703,0.3693623461238808
2018-03-14,0.42979497396856237,0.39624666790297447,0.4310917825530718,0.5418733929894349,0.3993409066069735,0.36998092912997205
2018-03-15,0.4271507281800752,0.3921081241560615,0.4282266438007799,0.5376659952782303,0.39542405642462847,0.3631272823088929
2018-03-16,0.41387526652460704,0.3553237939896097,0.4665824778290987,0.5196872800274424,0.4075236437708506,0.3718132203946578
2018-03-19,0.41315603586617333,0.34652848558261634,0.46812472081692813,0.5365764456183637,0.4063413282078312,0.3835872462596444
2018-03-20,0.41046358073291567,0.33685923099637016,0.4663402212141056,0.5358868232542572,0.4063381991274144,0.38345981469946894
2018-03-21,0.3933263436790908,0.3393116756276203,0.46514674819001195,0.5167246985123105,0.3989914966943126,0.38465869555857485
2018-03-22,0.40813861264658735,0.36392519325028394,0.47703612278928725,0.5247177357969375,0.4111707154784409,0.41355013488876363
2018-03-23,0.42164068924542464,0.3787032670136018,0.48568403844281804,0.5468948843909532,0.4313581223501827,0.433577365187736
2018-03-26,0.360701723286014,0.35234775615159164,0.4543963276864814,0.5731446112514008,0.47152789961935326,0.45861557231477545
2018-03-27,0.38382319455530817,0.35835270867868696,0.47711163660247846,0.5741419481603125,0.49520034663825635,0.46188807926035624
2018-03-28,0.3826138227694941,0.35890513010100494,0.48253409592782603,0.5736853900638998,0.49990205196916737,0.4559975142768985
2018-03-29,0.3653503224670708,0.36053700053793974,0.4795730472034428,0.5708958735138688,0.494794207295353,0.4503640098043925
2018-04-02,0.3766397575124198,0.4043886088675495,0.48581221648709766,0.553363372878199,0.49795141862031667,0.4583235664946105
2018-04-03,0.3795963965797144,0.39284904716109265,0.47744222585537516,0.5567993280812148,0.4998965077562312,0.45636195347786884
2018-04-04,0.4003141324063703,0.4044328603249225,0.48041058127408764,0.5522216727908745,0.514125495711713,0.46640533002308027
2018-04-05,0.414283034917883,0.41553154426038813,0.48208893827655336,0.5551457513827024,0.5142766855363168,0.46250197933941145
2018-04-06,0.43972563486193156,0.4523945995675715,0.49860587327930067,0.5770025583365989,0.5207846757460222,0.467521714875307
2018-04-09,0.43751527922439765,0.4577039532497441,0.5006959931920025,0.5850847880239513,0.5231760798110567,0.4692780217937011
2018-04-10,0.45220310069881386,0.4781423911853729,0.5121878802731457,0.5945434328410035,0.5312691151532838,0.48024075393678145
2018-04-11,0.45718016259795347,0.47454772821946384,0.51911217912977,0.5900950612397818,0.5284742508226865,0.47502923535613617
2018-04-12,0.46106349981997147,0.4742985270171555,0.5212130511177394,0.5904468862155469,0.5312360042591886,0.4792259765745166
2018-04-13,0.45093664047716964,0.4736980579757034,0.5236980872710313,0.5866681834360683,0.5244945534057651,0.480979170430977
2018-04-16,0.45535630853905673,0.4771820802975082,0.5305274849171028,0.5880104429700075,0.5247823239268529,0.4815661521642384
2018-04-17,0.4670888721151195,0.471194861622269,0.5335903993198062,0.613250628314997,0.5353874255209541,0.4727217491061709
2018-04-18,0.4706021859785958,0.46151166154795553,0.529772810932718,0.6058685182730267,0.5417045894350675,0.47695105382755404
2018-04-19,0.4810698816043228,0.4653433154990028,0.5317710599069103,0.5893421531617852,0.5429043617156769,0.4767301896857978
2018-04-20,0.4686464733213146,0.4627769131676485,0.5301980177003349,0.5705480334856055,0.5402941489034091,0.47318282937968514
2018-04-23,0.4617930919521116,0.45784316167969036,0.5289516863478362,0.5667517224773981,0.5431219220417876,0.4739654255043026
2018-04-24,0.4624387866994099,0.4410392581685706,0.5155962273471008,0.5717554193741634,0.5480719133118452,0.4924399745983064
2018-04-25,0.4837132620725707,0.4407721426217624,0.5250658997328432,0.5722421867766864,0.5457932497413033,0.490774320692318
2018-04-26,0.41743043024751264,0.3164066755697236,0.49057390221370933,0.5668517251191555,0.5444348417703886,0.4756003118694999
2018-04-27,0.4235202685237823,0.35525062307160427,0.5049519351822563,0.5674953838461189,0.544125153107288,0.47808229756907283
2018-04-30,0.4154885778953755,0.36963191423805625,0.5090762560883674,0.5603093726914884,0.5350809473587445,0.48045371025672384
2018-05-01,0.3802840278865668,0.36894192780843743,0.4904377023616992,0.5709574181960053,0.5136812820509034,0.4753468033458238
2018-05-02,0.3108122421847349,0.3426274264248714,0.48319974188534165,0.5219596047536776,0.45580501159879644,0.46689538167910055
2018-05-03,0.3144268791223826,0.3418257579454893,0.48097607635636874,0.5474024069746423,0.4378600914870149,0.4564157569553459
2018-05-04,0.33952650097152637,0.35108196009286713,0.4840920080952663,0.5716506557051375,0.42784317264863697,0.4718835810205039
2018-05-07,0.32034689353150075,0.3254078738491843,0.47033952964738357,0.5444997008058267,0.39481157206870937,0.4278273303567022
2018-05-08,0.31960155469070367,0.3258334774290043,0.46974429989090266,0.5453386735586359,0.39424989721300924,0.42939594661632446
2018-05-09,0.2968456103756571,0.31245424219249385,0.4676974983917541,0.524079365299723,0.3863077053292626,0.42362280202080904
2018-05-10,0.2994205212355157,0.3153694379298285,0.4672800891796145,0.5269873897140037,0.38514988263407257,0.4224208962864962
2018-05-11,0.28965688968007436,0.2940934397675146,0.4757738824166421,0.5139961509661254,0.390723418035097,0.4306962048563514
2018-05-14,0.29483552455187056,0.283503506715647,0.46728409379207186,0.5020064612775018,0.3717823316560832,0.42550019815085705
2018-05-15,0.2844492755672056,0.2925869405705088,0.4688066500464388,0.50105677336809,0.363888639442441,0.4280960001118622
2018-05-16,0.2930553176376307,0.28057685726964826,0.46053790721833593,0.4963105967813212,0.36375712032364044,0.42820266256681616
2018-05-17,0.28967550572023004,0.27748393202630944,0.45419586212448365,0.4929963564605401,0.3602006636537202,0.4264297254945802
2018-05-18,0.28549581309068495,0.27510837638296465,0.45713237172179944,0.4946722347929154,0.35789205425896015,0.42259404213447266
2018-05-21,0.27777109957359314,0.2653994873677083,0.45283384341395655,0.4856654159617481,0.34606785670235873,0.408469643112858
2018-05-22,0.2647016696266211,0.2618958527796202,0.44896970728366975,0.4844074217785401,0.3416558947042646,0.40630483787248195
2018-05-23,0.2672983344222616,0.2632195014400966,0.45269196723826916,0.4810226409287199,0.3426934152870656,0.39970360463979
2018-05-24,0.26435929175400813,0.2582181895247671,0.4599777874362763,0.4800962907995794,0.34424104997050337,0.40238790379233924
2018-05-25,0.2550505260578854,0.2445411726983712,0.43373995948708666,0.4635711732688107,0.3201283879004297,0.3848259777425771
2018-05-29,0.2596179021206296,0.24448758258429426,0.4416976515406839,0.4611871703717244,0.3207016255359282,0.37741744189804827
2018-05-30,0.2527394421525359,0.2555942199355918,0.4341238587025594,0.4553871092821882,0.3208503513559788,0.36645582165502016
2018-05-31,0.25353475738438075,0.27100701677822964,0.43802777007268867,0.4622436788253071,0.32192608240368836,0.3649786589252781
2018-06-01,0.29228992803072223,0.29862947793013717,0.48789156994779714,0.4732411958713326,0.5679593259088858,0.5565194338911745
2018-06-04,0.3079837983465598,0.2841374561733739,0.4956138942288743,0.5076387883729911,0.5729985738216034,0.5685558742004246
2018-06-05,0.32640945112265235,0.323759911865623,0.5120875562021371,0.49775522232704406,0.5688807631559428,0.5662826555297319
2018-06-06,0.33027250932310803,0.3342136849492944,0.5094566452766138,0.49777499946264697,0.5742324042170891,0.5694474889330726
2018-06-07,0.33150454655247474,0.3193871930244719,0.5364673940141904,0.4969278119436628,0.56541909407617,0.5562633456853764
2018-06-08,0.315654098809084,0.3151134351493393,0.5434496230056689,0.49002440958310983,0.560837218900469,0.5585788506281241
2018-06-11,0.3103917493769178,0.31864292920402687,0.5441141236237934,0.48756226545485226,0.559122818718964,0.5596617736035383
2018-06-12,0.3099619084637822,0.32394670479697957,0.5431346902604872,0.49682970560741835,0.558994853997409,0.5708382160073427
2018-06-13,0.2969211959616542,0.32334756960269245,0.5379754923886562,0.48086566086067783,0.5547344000821421,0.573570349466529
2018-06-14,0.29781311606785926,0.3279828663215749,0.5413112949100914,0.47944513856275045,0.5536488907905324,0.5756347689243517
2018-06-15,0.3088980465034444,0.32659493752721075,0.5407447351003927,0.49153017177234953,0.5737031368178209,0.5730013932159415
2018-06-18,0.28573114771287283,0.2702869994993298,0.53727462641535,0.4767124925231825,0.5530608475932294,0.5201317665093718
2018-06-19,0.27996184039820227,0.24210588215335033,0.5227046019147558,0.4425128293746611,0.5316391974608216,0.49516750767714907
2018-06-20,0.34950477289811344,0.2702383462365618,0.5947859495007867,0.39565453081930846,0.4642192604601966,0.4556526595282718
2018-06-21,0.3180700764574951,0.2797937361379731,0.5866291460599682,0.3901351055970607,0.42115359080724596,0.4640162140152295
2018-06-22,0.3077963497507588,0.27996697531776693,0.5769911794161389,0.393007549707202,0.40901655118352387,0.4766348621797183
2018-06-25,0.3279818795425352,0.30383360659607134,0.6019455463978077,0.4081163252710827,0.431527347228727,0.5056694391983545
2018-06-26,0.32529800477914494,0.22915288175829285,0.5855291780926929,0.4270104937920931,0.42544475530854237,0.48461424878060216
2018-06-27,0.328591352659297,0.2666560412255179,0.6041093320500309,0.41683505353906564,0.419644188848197,0.4917447387565578
2018-06-28,0.32547608419408447,0.26223005037873226,0.6041135095616762,0.41444010194792763,0.40775826155044936,0.4816122989230972
2018-06-29,0.3242116810765683,0.2488998660535832,0.5937158211294995,0.41107432204781474,0.4049678963797197,0.4854612228846986
2018-07-02,0.28652782076841143,0.17630676902645961,0.5835195024601953,0.34275082925134415,0.3879477497707196,0.48357508671527927
2018-07-03,0.3030316305217885,0.2007122570669764,0.5951184625871637,0.33772654425885934,0.38031788258844323,0.4756186636004004
2018-07-05,0.2872118035159861,0.1739712770575651,0.5819268529601788,0.3093733860506531,0.35755632723894554,0.4363856322481449
2018-07-06,0.29978681763835413,0.1951046545541664,0.5900545743072458,0.32197121963932557,0.36584866886513057,0.4475393807371621
2018-07-09,0.29655766033576964,0.1938049566757458,0.5873612716453107,0.3363167735582865,0.35818011703475733,0.4325638613197736
2018-07-10,0.30101232747759293,0.18227996110686423,0.5822618537558295,0.3403846785850189,0.3681562914179463,0.4194546986479843
2018-07-11,0.31060814514256674,0.2016538265580551,0.5877153216547104,0.3593004522036621,0.37868459954649814,0.4352374073388285
2018-07-12,0.3006081045870199,0.2056990491351476,0.5638897861535265,0.3686712895015623,0.39015793308047636,0.44436148868859526
2018-07-13,0.29683791551093813,0.22653978759382515,0.573435410186168,0.3822152565092289,0.39350422651814937,0.4399316889971209
2018-07-16,0.26807648691437275,0.22686738711026733,0.5643430896948028,0.4060192594897455,0.3863723975007086,0.44589817578121593
2018-07-17,0.2547605078861362,0.2239293655436776,0.5594981508785466,0.41201575504998345,0.36788223497522393,0.43917855006634443
2018-07-18,0.256912769407422,0.2187269652954885,0.5566667118272363,0.4006080494937898,0.3602976026405659,0.43952402072876007
2018-07-19,0.2524911891545569,0.22446333630219684,0.5869363501552625,0.36629561958976287,0.30649527937998844,0.3612971690984051
2018-07-20,0.26523211604495467,0.2578483696928269,0.6002711813988157,0.3675381347095409,0.3071420635311061,0.3546820825489607
2018-07-23,0.31555549139321726,0.4362368744323867,0.6152085576908563,0.37495681424531224,0.31022441071200313,0.3957581740401341
2018-07-24,0.30364022319826756,0.4580613126930878,0.6245764618191814,0.3628995926631216,0.2992002739486915,0.4126259984069446
2018-07-25,0.3293382634435849,0.4463757891399924,0.5926518408365256,0.3825541599367108,0.3218097077373154,0.41622174002146567
2018-07-26,0.21794837561299363,0.4491537423029983,0.48042798643397533,0.3388928706585795,0.3156728620149243,0.4077938736064476
2018-07-27,0.27794385882687034,0.40859104864996987,0.4232959554795119,0.46528056362577486,0.4783805992327928,0.44188539232599394
2018-07-30,0.2710105677821859,0.40761658207083523,0.4064116319527324,0.48763295083354335,0.4876094778318867,0.4973988880626377
2018-07-31,0.2436325036532372,0.3384574861937511,0.3599882852158747,0.49698362064289736,0.5054375249518555,0.496306088260136
2018-08-01,0.175899027683261,0.3385110897246985,0.3530938804874234,0.34618951894559363,0.32179337357401516,0.49968894862898794
2018-08-02,0.17937903794906818,0.33759143345386305,0.35440498119052755,0.4053771932174165,0.3668435913665835,0.5303650925305723
2018-08-03,0.17311970750430244,0.34227411050981127,0.3391659658470654,0.39654187059772905,0.3630050113632814,0.5117904116988656
2018-08-06,0.1747416326743155,0.32496106226752475,0.35286763265452276,0.3802656935433501,0.36002407710583634,0.49590113778183464
2018-08-07,0.16613323844265354,0.3276782903439269,0.35249848098213843,0.3712180982730388,0.3518330705784701,0.49811902497038063
2018-08-08,0.16965517180406373,0.3439066377553584,0.3636303621737144,0.3692340713392226,0.3494878382830639,0.48675622491519116
2018-08-09,0.16503747103217342,0.31167786767529765,0.350644925070152,0.3782491888861882,0.37036802314146866,0.4899652141565016
2018-08-10,0.16126892337148796,0.32590783931827694,0.3536181321959902,0.40246982086186806,0.3725065495125623,0.4787691297864887
2018-08-13,0.16402526148414703,0.3129508465197369,0.34247660012569325,0.39836843102473257,0.371370113739775,0.4823007714718902
2018-08-14,0.16666132456380578,0.3169264290067033,0.34274231653700254,0.3948980215161846,0.38389687000802963,0.4979917119718664
2018-08-15,0.1678915754437272,0.32837396723823953,0.3509293408223943,0.3892362928823276,0.3831931388511638,0.5136588168624051
2018-08-16,0.14899788812026254,0.3118282798908116,0.3276791695603615,0.39800687474945345,0.39473641387330927,0.5210985192308977
2018-08-17,0.15793738952210862,0.3192007554050218,0.3237607649040068,0.42299751116976053,0.3702710236983243,0.5189849474125439
2018-08-20,0.15772210621738236,0.31858543502204073,0.3256475483261775,0.42352568990729866,0.3550377599942599,0.5152815526178057
2018-08-21,0.15465592092724872,0.3247531166565116,0.35115246123445737,0.4102291790945584,0.36823593954970957,0.5269563754580768
2018-08-22,0.147927530969768,0.32247703518070514,0.34584298256878243,0.41224718010266737,0.3603957792531422,0.5326215710832228
2018-08-23,0.1491800024375348,0.28416962989014394,0.3302030976478279,0.423066204879204,0.3595922061141508,0.5429471965487697
2018-08-24,0.1428227581129014,0.2860857440949326,0.40242635378388136,0.41912242085360873,0.2378941978241501,0.4079550713013131
2018-08-27,0.12904607470964308,0.2813952874695481,0.36390144246891465,0.40422422985757195,0.20932773683571074,0.37220394158677106
2018-08-28,0.11921463037909129,0.2803635935764484,0.35506544989683664,0.4005128267458472,0.20881831457157182,0.368765730522197
2018-08-29,0.11868274745636595,0.2896223545193372,0.3568551025241732,0.3791762126768038,0.1982434708332802,0.37086670046268483
2018-08-30,0.1121117051371282,0.2885061899524041,0.3611114528337228,0.35700998105750437,0.19176077883317313,0.37558904000093335
2018-08-31,0.10259604742733663,0.3010469848449967,0.33921565755730104,0.34937175341406446,0.18521661516970808,0.38272252926918116
2018-09-04,0.10370716435839603,0.24321652817885317,0.2966161015873419,0.35504363602414063,0.18999600074119646,0.38385857188700107
2018-09-05,0.10600236374125588,0.23738916858223522,0.28943857185341804,0.3641808547772576,0.2039829642557866,0.387221207118423
2018-09-06,0.1292328769254843,0.2480982640559358,0.2911324068196646,0.37642972033978384,0.20407103604451277,0.3871454034068529
2018-09-07,0.14844399705267172,0.25447696355391186,0.29137923751812966,0.38405616587814617,0.20189082983973827,0.3856729039976731
2018-09-10,0.0905887959022982,0.26362511634366065,0.29418188001721934,0.37747589731259995,0.1920824114068043,0.38537556565891
2018-09-11,0.08319067184223385,0.2656835455121235,0.29389850524869643,0.3777328308626839,0.18411771372036434,0.3880788783957152
2018-09-12,0.053356192088133574,0.2829359873045536,0.27526803697603064,0.3697810473990914,0.18861799213274652,0.40746244905424406
2018-09-13,-0.01943548764631308,0.23945394240172788,0.2657498636964642,0.39033113230977706,0.18773520586731884,0.40476540079694634
2018-09-14,-0.04874798416222311,0.26477939800415634,0.2580162136283816,0.3664030323394958,0.18709560638187156,0.4032252400216714
2018-09-17,-0.044874700184244866,0.24492337084234256,0.24671207887118826,0.3625614140068704,0.21561454147904877,0.39718485044740653
2018-09-18,-0.04425484846632259,0.24077297648071297,0.23873259855662476,0.36048776185930903,0.21207891481845428,0.39658967009166635
2018-09-19,-0.07696325390540348,0.18841379301390163,0.20023378273706333,0.3288440857471619,0.17565560294313062,0.351403000190979
2018-09-20,-0.08363586784004357,0.17770530328228915,0.19043123986946053,0.32266785683574833,0.18096936603405842,0.3649942439071679
2018-09-21,-0.08275474614985834,0.15126268792392236,0.17707895075788457,0.3371516735834767,0.18137720118836842,0.3510815329756409
2018-09-24,-0.06834470815318235,0.13105760136473424,0.17310482235932764,0.31818124540818904,0.17703588645532128,0.3535700606284363
2018-09-25,-0.07657956090727326,0.1426581291738415,0.17217931900472705,0.30358734241361446,0.17998493393279652,0.32626684214857543
2018-09-26,-0.06604559965743884,0.15587713090835617,0.1746645631767563,0.3112514445734169,0.18193704416981693,0.3271519627863863
2018-09-27,-0.0842763205781987,0.15318566816623805,0.1728704144724103,0.2971311522416656,0.18147520666175354,0.32493382727427383
2018-09-28,-0.08594189995911042,0.12517833897160008,0.16957489892487052,0.29368197480105396,0.18027859771476917,0.3235800311341103
2018-10-01,-0.1022889713933083,0.11496778548352071,0.15970440373598732,0.2860895398556235,0.17251790728508437,0.3212622922166627
2018-10-02,-0.11639236077786036,0.0913078214034174,0.17210620409204122,0.27340476063454633,0.1710887796854515,0.327934106664114
2018-10-03,-0.12638030651110013,0.08458678643738363,0.1679844307363941,0.28049299668756406,0.1706984941865005,0.3301395964744711
2018-10-04,-0.117199587713169,0.07764627667243326,0.17045855290397127,0.2698997658399052,0.175504403818142,0.32647373468323704
2018-10-05,-0.1041841971478153,0.08058335652572243,0.16907779924512362,0.2681915639049523,0.1536695879673006,0.315329483442918
2018-10-08,-0.09793114776372666,0.10076445149134955,0.191062017743081,0.2726177442540937,0.16012168883031466,0.3347214678092869
2018-10-09,-0.08861314557439799,0.0952872398419921,0.18248483602997578,0.2561421634656195,0.14282017421792484,0.34167278638587684
2018-10-10,0.04362134391988394,0.19411206755215507,0.25693925867682826,0.38480771942632797,0.2605143615467812,0.42738143535883255
2018-10-11,0.040401382111850834,0.19373956644998863,0.25556313071470355,0.402418844143112,0.2700184754641231,0.4338610417175573
2018-10-12,0.06979315727129753,0.21092626633564496,0.2688172094791211,0.43098427824788466,0.3301344823958864,0.46703370266920896
2018-10-15,0.07311822014788757,0.20284179161222826,0.2710270704332695,0.4277286069149715,0.3455360229792471,0.4736058543087945
2018-10-16,0.10196654323574586,0.25839702622257016,0.3033994667929687,0.4513400824905037,0.36856724401398605,0.5143024439689837
2018-10-17,0.11316206514712585,0.24845072256401007,0.29405441020778783,0.4651724104380506,0.3723696673076658,0.5087612139946547
2018-10-18,0.13486477088650872,0.2680762040867473,0.3137425631879039,0.4840721988944705,0.3872288230763236,0.5185512846963827
2018-10-19,0.11582272865080254,0.23342773031210323,0.3642780084329027,0.48647229658412866,0.3678790779428149,0.5268314970672174
2018-10-22,0.13326538958755965,0.2608716301575442,0.3920264241015439,0.4731264384697131,0.3526046437231441,0.515017040923146
2018-10-23,0.13710376717550268,0.2613301516833516,0.4065007219794332,0.47228645570806904,0.34336818007143755,0.521638082922958
2018-10-24,0.20914128425868458,0.3858219161806549,0.47477651733874027,0.5371459713127744,0.4004990416085071,0.5802733408837912
2018-10-25,0.12861772768367025,0.3046038904778549,0.3484849311062187,0.6030686639988125,0.4839507379595591,0.5864467109967588
2018-10-26,0.15082636052916168,0.29957451538956636,0.3720583478800597,0.5720472172422366,0.4829604299032259,0.5696021461833689
2018-10-29,0.16784890816695391,0.2997123374194355,0.3733881192330362,0.5744995780005165,0.4789528383760038,0.5751585644799575
2018-10-30,0.16589603356239982,0.3096251949385286,0.3696906619002777,0.5664500214458004,0.4788475105802123,0.5753883673147779
2018-10-31,0.19491554815221893,0.3311433681392501,0.38021031032816943,0.5966752401256595,0.493446595368227,0.5827536086603206
2018-11-01,0.2182880154098537,0.401695798116184,0.41230908397811966,0.5907009749972745,0.5035666792051111,0.6034822144068034
2018-11-02,0.19716700910359883,0.3619201552153431,0.4151883860338055,0.2161267466029893,0.4572515704074082,0.5119005180890568
2018-11-05,0.20201477523224448,0.3675433203877312,0.41556955211122165,0.22633132687093757,0.4522163571984722,0.5167724000333762
2018-11-06,0.20469836170268146,0.3762172427341456,0.42003325598118235,0.23227047400503814,0.4545287073180929,0.5151888232084486
2018-11-07,0.22578092140760098,0.38195147924181516,0.4320332520729657,0.24267799461077846,0.47202142420688775,0.5214012318075929
2018-11-08,0.22969901164983206,0.38338430342556884,0.42459224618920627,0.24700586090822235,0.4724915614856791,0.5132040359414088
2018-11-09,0.23816079476758842,0.3898630133276978,0.42973167793333006,0.2412052716750766,0.47874481424609044,0.5068580384672835
2018-11-12,0.29087072115337675,0.40666750454852446,0.4541486602912371,0.2604391063269607,0.5118616260494091,0.5288589464913561
2018-11-13,0.2875803157988021,0.41098609381792145,0.4541655701891411,0.25343673176733045,0.5129931149859688,0.5291952030140747
2018-11-14,0.25626892768833515,0.3821364824636793,0.4409600611452993,0.2723514344312053,0.5136324092524923,0.5282345140381107
2018-11-15,0.2641096725017839,0.3891959967475544,0.444599998746525,0.3004786311829123,0.5261171492156205,0.5442504773613236
2018-11-16,0.25388026209865744,0.3927567380135871,0.45202853661748493,0.3049192501328264,0.5243937574119432,0.5426204025595792
2018-11-19,0.2831000066845185,0.4039851173806674,0.4652751384686735,0.3247913970260281,0.6707786641250557,0.6558669325526527
2018-11-20,0.2614746607445505,0.3861274985523974,0.4756701532789686,0.35156746406063794,0.6742930972951215,0.6697333932044337
2018-11-21,0.261785676362134,0.3722501088797469,0.40394532120580817,0.34988595405755407,0.6082154248585943,0.6647969804862909
2018-11-23,0.24564452411609253,0.3752205667061304,0.39579364411275947,0.34871047576285896,0.6169565558982532,0.660006307265217
2018-11-26,0.2558024650282697,0.3784987661908348,0.40433690201281386,0.3650722011179811,0.6279919181034836,0.6571716970132853
2018-11-27,0.25353159490540295,0.36824181106333526,0.4063750751464727,0.3690608911680762,0.6288249871652759,0.652925638064097
2018-11-28,0.2539373603196269,0.39794508120080324,0.4301372400686852,0.4035661307204695,0.6317197242102809,0.6558732685737133
2018-11-29,0.25450451597627566,0.40013067090352855,0.4395682309233672,0.39827628411172555,0.6306175054098367,0.6588863984956205
2018-11-30,0.25173420575052624,0.3972752270140918,0.4394023649445694,0.39401011578223066,0.6313606429317274,0.6571772071358084
2018-12-03,0.2951961211875723,0.41311609234982555,0.44952846389607076,0.40851682024383446,0.6362497456711849,0.6632623056811578
2018-12-04,0.3571478586335042,0.4600468249336404,0.4834386790563097,0.4457207945685753,0.6598274474980953,0.6837122760519443
2018-12-06,0.3557806541612307,0.4573217376399591,0.48356020650178344,0.45503291126624257,0.6662336208607538,0.6814831683433086
2018-12-07,0.3919469099977069,0.48988085429601763,0.5123287551191895,0.4790641273940938,0.6791553148179796,0.6988686776384179
2018-12-10,0.420512026603122,0.5016078651936531,0.5215203954874282,0.47141552619517274,0.6857815111593185,0.6959485719177568
2018-12-11,0.43595356111572925,0.4967895683919975,0.5295791257315252,0.4755011665166007,0.6863818081112397,0.6976934254851339
2018-12-12,0.44003943564565845,0.5007919699029586,0.5366206814938747,0.47639124291115753,0.6805502747098647,0.7031517431546386
2018-12-13,0.433828243746154,0.5029564915068834,0.5407794674865917,0.4694524478149015,0.6712021057602149,0.7042346816105843
2018-12-14,0.4268368408480956,0.5040326398319329,0.5348493360780231,0.47400618149651313,0.6770328445399497,0.7084585709203299
2018-12-17,0.42714462292347566,0.505149117074652,0.5448047000754319,0.47203164121745506,0.6737825954099188,0.7062403364675613
2018-12-18,0.43318647735094595,0.5094441399126992,0.550122547484962,0.47374772504671026,0.677363798518084,0.7083349906079718
2018-12-19,0.4374677931612079,0.5354168053057933,0.5554090222587093,0.4956529840480505,0.6800305443967485,0.7119219128885623
2018-12-20,0.4356999755177373,0.5391444542503174,0.5544442557903141,0.51334170466455,0.6814948013851474,0.7309514736565674
2018-12-21,0.44616055961314977,0.5486895875832996,0.5611087433717237,0.5299569274875198,0.6885248089387496,0.739206750857504
2018-12-24,0.44319765491884794,0.5412751121014601,0.5601350491546356,0.545066483201603,0.6905568075361447,0.7336444791886954
2018-12-26,0.4845805383156365,0.5730367609461618,0.5861836255740744,0.6062750141132308,0.7160537839360184,0.7548955631827297
2018-12-27,0.4824908680694224,0.5687518316704676,0.5841344464041339,0.6058019777284036,0.7163819834762342,0.7556661342947177
2018-12-28,0.5035999307366477,0.5822000785595778,0.5866487078871744,0.6058203401791856,0.7206596971415793,0.7570784525679262
2018-12-31,0.5129839900351985,0.5867399144923764,0.5898959532268628,0.6074040682185029,0.7218972615696146,0.7575265135721807
2019-01-02,0.5127338278207034,0.5871956463487153,0.588971371654143,0.606650548162255,0.7210206737696075,0.7564105787960697
2019-01-03,0.5413876648594471,0.6069774430055327,0.60610916776828,0.6344856148175763,0.7249755993682283,0.7679611116433837
2019-01-04,0.5701167804391345,0.6279420288959093,0.6248029309599183,0.6549400470304692,0.7465761865336388,0.7782799015385319
2019-01-07,0.5606399089336391,0.637705425589948,0.6427348916172737,0.6625421689303841,0.7554984903294965,0.7796010346390022
2019-01-08,0.5452177297150619,0.623538889432638,0.6285216426164267,0.6432502091570307,0.7443402150172872,0.7672873627843118
2019-01-09,0.5366890772799133,0.6233339555196661,0.625713796966062,0.6465069934830842,0.7473441430571485,0.766792554163595
2019-01-10,0.527599528127213,0.6098214904960007,0.621575265917225,0.6447660202150961,0.7365336708124911,0.7635279871541857
2019-01-11,0.5263840076910968,0.611892850824414,0.6234196912848613,0.6415112579298318,0.7347830222350299,0.7629336920840833
2019-01-14,0.5156642538623603,0.599003523016018,0.6091972693707092,0.6338870335456417,0.7303187789450745,0.7533856174415549
2019-01-15,0.516205376368739,0.5982117913401083,0.6114350293518291,0.6307644483106418,0.7286464648792561,0.7541537556172409
2019-01-16,0.5064294084694951,0.5977654028364886,0.6105980764476836,0.6228012843737932,0.7225819410609085,0.7503753199136228
2019-01-17,0.5506360779808989,0.6056046938678256,0.6039025149076598,0.632781793150375,0.7433609287503354,0.7506869653869827
2019-01-18,0.5509002156980746,0.6108626066839274,0.6029472292572337,0.6340193788264215,0.7408978021295688,0.7524413809183508
2019-01-22,0.5549974594213191,0.6169562029884574,0.6074817156744796,0.6405914560221125,0.7486118566586207,0.7538270556022267
2019-01-23,0.5437684433210733,0.5924716160736095,0.5829161069672384,0.630254200634172,0.743725651500087,0.7328736318062578
2019-01-24,0.6348623148296708,0.6536134688136078,0.689344406520554,0.6294538922021475,0.7383971973635556,0.7322192935442423
2019-01-25,0.6483208692289736,0.6675449674369199,0.6830867020139831,0.6347592975223486,0.7508046534097075,0.7415757591147731
2019-01-28,0.635508591838836,0.6627417623246982,0.6787861967767406,0.6333868529432262,0.750665520055755,0.7421093935884121
2019-01-29,0.6327455621968691,0.6625836966497578,0.6759246962255353,0.6337102856301128,0.7502682253932464,0.7427662747838107
2019-01-30,0.6737239236935516,0.6110130086247324,0.6661264824885751,0.6114127684086305,0.750916804140801,0.7376604386498334
2019-01-31,0.6755794337716322,0.5842643005841117,0.6496225298388297,0.6118612132277486,0.7506699330400393,0.7267908410201177
2019-02-01,0.7002708320141349,0.6351572284001163,0.6491080795568166,0.8056491665688843,0.7695073705754053,0.8021596281158055
2019-02-04,0.6853531013459928,0.6335905668386965,0.6437779024705331,0.794734018830207,0.7711161537892365,0.8013059006511875
2019-02-05,0.6704272742430345,0.6266094702098809,0.6426463380729717,0.7942741620452848,0.7707085374774001,0.8017769321081438
2019-02-06,0.6640637932935954,0.621851112277189,0.6358951209476745,0.793647418924293,0.7648556955697232,0.7996546632657425
2019-02-07,0.6662323913189854,0.6051240902262233,0.643072744287646,0.7762121481595201,0.767514777315968,0.7902979693403526
2019-02-08,0.6659839754935992,0.6053390721146432,0.6476218478417713,0.7760558743747388,0.7636231369631157,0.796227702025341
2019-02-11,0.6476066668209506,0.5941568980683941,0.6321425494834085,0.7711534413350906,0.753779796609062,0.7914071592597799
2019-02-12,0.6497209649708875,0.5872272790827345,0.6243072507683141,0.7766148400221747,0.7541100673713451,0.79457062351721
2019-02-13,0.6802374510835187,0.6173503434482667,0.6416589955863987,0.7715078102975829,0.7533965210521728,0.7937639463028376
2019-02-14,0.6783271778663078,0.6135194064745728,0.6387790301571379,0.7647858623123306,0.7481600900654031,0.7880654180740817
2019-02-15,0.688585511515949,0.6211863087494157,0.6389270100876066,0.7642536384070087,0.7512290238277382,0.7894666180997162
2019-02-19,0.6769953114198646,0.6101908410147764,0.6196847252746784,0.7574625312423849,0.7415217970872274,0.7895894242553794
2019-02-20,0.6954569411288356,0.6195037345441697,0.6242181466519348,0.7470340742420054,0.7359168825370953,0.7806920361975189
2019-02-21,0.6973096923401172,0.636638009645804,0.734292906046326,0.754050041563345,0.820900870397401,0.8126322558564341
2019-02-22,0.7154747717208569,0.6370915481858753,0.7492499406563291,0.7612478622434895,0.818773167891694,0.8185315246905308
2019-02-25,0.7141691255434494,0.635685823156519,0.7527165093489063,0.7596089994253046,0.8265092303659393,0.8284001927479038
2019-02-26,0.7188779853634678,0.6537137038050008,0.7541966610447202,0.7569603728363267,0.8270499087940004,0.83384892725131
2019-02-27,0.7238788955400497,0.6629155965067068,0.7512078967691584,0.7443218237572758,0.8276200217894993,0.8307008307596868
2019-02-28,0.7237583604040195,0.665230811441621,0.7521592363439081,0.7533494337546326,0.8341983055360488,0.8300717768265496
2019-03-01,0.7229599447821132,0.6666003537179458,0.7458116069883918,0.7560315164185479,0.8206226949114734,0.8216118495178739
2019-03-04,0.7100082345798844,0.6626375387095254,0.7476124162220338,0.747462308739513,0.8132619567726996,0.8195232950613935
2019-03-05,0.6901598089717573,0.6288731839067112,0.7158938994589206,0.7295309192735087,0.7969385108900395,0.80293525016524
2019-03-06,0.6902898777719564,0.6374082869303859,0.7156944000229164,0.7272439032592024,0.7987083925591729,0.8056981193497991
2019-03-07,0.6763698983699302,0.6098235727721483,0.6943070472097093,0.7161178707102348,0.7921046593098431,0.784558959976026
2019-03-08,0.6757426996010313,0.6143519523585931,0.6925989927210721,0.7172480524267196,0.7922502964143875,0.7923309528257801
2019-03-11,0.6809977669593333,0.618940553651823,0.6938481580209208,0.7175904030771321,0.786908504581938,0.7918236435828382
2019-03-12,0.6828434942666167,0.6145295290586882,0.6939507204382093,0.7186896586444017,0.7957379488021462,0.7883710886724278
2019-03-13,0.6914396598058875,0.6096661673127128,0.6905039295934637,0.7265631749657938,0.8045036554509283,0.780928583769412
2019-03-14,0.695514235346405,0.6164342281178727,0.7030808168427481,0.712651303480351,0.7946221184531973,0.7765639009374569
2019-03-15,0.6966289778105371,0.6151793415118291,0.6916166907500878,0.7124810779596019,0.7990702053046176,0.7778421166684205
2019-03-18,0.6937725980298616,0.6143704514687028,0.6884017732790914,0.7087528176549936,0.7996453437723883,0.7795897033069416
2019-03-19,0.6259262596231878,0.558620628981628,0.655453876978026,0.6967742924115319,0.7914128011565488,0.7737000466386232
2019-03-20,0.6233095252687088,0.5588643179821762,0.658757747070775,0.6868276826052042,0.7818501780784585,0.76683425669872
2019-03-21,0.6229820808651859,0.5543892356889505,0.6561026662606908,0.6750976339409799,0.7738590949892762,0.7551833388296452
2019-03-22,0.6311298120516244,0.5807437441557887,0.6669658003918466,0.663991282633513,0.7737918098309539,0.7689927403300912
2019-03-25,0.6194899243933021,0.5720100645423469,0.6573691367356014,0.5974414121299192,0.7299815315341559,0.7144626149947295
2019-03-26,0.6190201048807823,0.5908381050216922,0.6631453501195997,0.6111168523993459,0.7304616732405528,0.7134778758699771
2019-03-27,0.612315558464638,0.5914340885862092,0.6697853143047002,0.6090493042823358,0.7158853765802351,0.7122439189045864
2019-03-28,0.6115065379451434,0.5871811990413622,0.6682797427551013,0.6057755772253808,0.7153612606510729,0.7072689620215985
2019-03-29,0.6127965436627446,0.5869774318069745,0.6683593865486792,0.6082587571848423,0.7133456552819867,0.7096523259185878
2019-04-01,0.5865210150612455,0.5383783740552129,0.6160023864414679,0.4674591312089606,0.604518286975133,0.66567383446536
2019-04-02,0.5423961504110272,0.47478890982896416,0.5686422492308761,0.3892007278312324,0.5537584585834421,0.6131998520615795
2019-04-03,0.5604274624394052,0.47695933706532834,0.5447688317131074,0.40141230540316036,0.5854874657568689,0.6032040952529313
2019-04-04,0.5641495894632894,0.46876975808955607,0.5430956671693902,0.4018218244572426,0.5847960896017697,0.5758489947790056
2019-04-05,0.5808690742254873,0.4770531404541312,0.5654423579069842,0.394126129094532,0.5787133694331745,0.5690486039475612
2019-04-08,0.5713588211070518,0.5060056539596728,0.5643552059541604,0.4106503688835196,0.5751567571308986,0.5900424785575241
2019-04-09,0.5866561606132445,0.5169880018029183,0.5621982576454488,0.43802842295217426,0.5761742270831989,0.5914245639826401
2019-04-10,0.5911767719868714,0.5177223054546609,0.5656713213737427,0.43485148846687804,0.5609516832174951,0.5997774623359174
2019-04-11,0.5949723714195917,0.5170501308043447,0.5645949335541064,0.4338160875784512,0.5536719097136154,0.6003324742162828
2019-04-12,0.6087061144782677,0.5068196383071857,0.5618524826528112,0.4300616456981707,0.5617473655441607,0.5874437734513566
2019-04-15,0.6087344162175957,0.5054391369450858,0.5585725341450323,0.4314737015046119,0.5612901702734132,0.5861495310853996
2019-04-16,0.6060034819888056,0.5034856860333371,0.5625497976580173,0.4325236180644862,0.5811513980826698,0.5720269264087419
2019-04-17,0.5751980862056303,0.4865067031503083,0.5464463834501556,0.37034496536064543,0.5043459724080819,0.5611536798929189
2019-04-18,0.5751179199764126,0.4869500384356786,0.548826318339949,0.36999385919534367,0.5067112632779851,0.5546418039802062
2019-04-22,0.6016168254905122,0.46099347597321344,0.5766940677764578,0.3844391207742688,0.4944072344261597,0.538750015255749
2019-04-23,0.5835711351872954,0.41273666854068847,0.5565250898963107,0.3576426820847433,0.45302033951306653,0.5172365452981106
2019-04-24,0.5706139000734649,0.39944012180934285,0.5495172402976318,0.3489711421184631,0.4426837030327431,0.5105516527998858
2019-04-25,0.5663803524068354,0.40692155094038,0.5506764240081192,0.3638377889806785,0.44363462155618955,0.506655655719413
2019-04-26,0.28511831497937773,0.4491657713955026,0.45989285081342224,0.36583450254176475,0.3078773331125742,0.5083444195495227
2019-04-29,0.2836639460408625,0.4531265897789119,0.46318389730621917,0.36531052330362446,0.30720575537514544,0.5084014629389504
2019-04-30,0.279636008298144,0.4539402148295999,0.4626371595699532,0.3661162759091226,0.2869728122855522,0.5092164841203268
2019-05-01,0.20697095082258354,0.4649858770431903,0.49452481880923815,0.2667094747547043,0.10263269672540277,0.5318211747122314
2019-05-02,0.20557258489876643,0.15403008768901721,0.47994070497821534,0.2530161257597793,0.1043715992445861,0.40154958785961836
2019-05-03,0.2013071855782836,0.15342991517361118,0.469407996402077,0.2633558555682119,0.11684227503240377,0.4134887376763872
2019-05-06,0.200643378958097,0.19014898117050424,0.46768573220310417,0.32685566201384825,0.1075392303379336,0.44753599657057896
2019-05-07,0.23466178185171524,0.2008591989002386,0.4811280089699544,0.3514118547491181,0.19378628526252742,0.45990350444061134
2019-05-08,0.23093783088984085,0.19080283678220128,0.48183598218931434,0.35613167458612593,0.19354989303441159,0.450737303892924
2019-05-09,0.23083337869739082,0.19637433092863504,0.5138076756860241,0.3590396339733896,0.1862791545632348,0.4371005961212887
2019-05-10,0.20425069571052515,0.20154521034567172,0.519822712457641,0.34735402662246023,0.15938787676156332,0.43954751500309897
2019-05-13,0.30579350668420485,0.2631980030588779,0.5683526382906179,0.43170181655239137,0.3491097712029457,0.5029762913918939
2019-05-14,0.3228039694121577,0.2655912629616113,0.5836252250936795,0.4371128337043032,0.36589216143402353,0.5008436239817541
2019-05-15,0.32370404825839516,0.2665639149952262,0.5809884144110048,0.4396099248528212,0.37329564191231035,0.5027928928993364
2019-05-16,0.3208459449090581,0.2692391491682558,0.5819210681612521,0.4370149114716928,0.3644833322882263,0.507921471408563
2019-05-17,0.3240483151954389,0.28043467083925,0.5858372596974036,0.4406678254931739,0.3686808925338922,0.5182712437729775
2019-05-20,0.3410201708645181,0.26951028427106627,0.5928828929590091,0.4094782235314676,0.3936856153969105,0.4992978166750347
2019-05-21,0.3478197976552106,0.27949142321173337,0.5964573631224583,0.4232561396372934,0.40496203898103234,0.5134971282980968
2019-05-22,0.3438175979446433,0.27213584797311374,0.5957262914285303,0.438580649168219,0.40217615620193226,0.5092298205912307
2019-05-23,0.36447971958635317,0.2847954991972748,0.6195235403414323,0.4491376084860397,0.41818358306216935,0.5217322381928855
2019-05-24,0.36528790044687953,0.2845625650636261,0.5791796495019031,0.44651269854482817,0.4009013999955277,0.46863700909898326
2019-05-28,0.3281411654945192,0.27761887401791074,0.5460192255214588,0.4417781006513335,0.41766937055768993,0.4842065120386784
2019-05-29,0.3337334768345735,0.2813555594523543,0.5362408750789026,0.4447175473035385,0.4221316960043402,0.48183079049260175
2019-05-30,0.33271208239824385,0.2812949968275737,0.5417355325704933,0.4447538285476369,0.42537822125008434,0.4825170868697989
2019-05-31,0.33917218935893306,0.28617737526230563,0.5441096847614403,0.4566810187106564,0.42996176657411156,0.4860918503081956
2019-06-03,0.33309005583196916,0.284328561918622,0.5201773254144108,0.4429842919209726,0.43275149849179434,0.4330489862628281
2019-06-04,0.3785014726692516,0.335018538183454,0.5461711019809165,0.4864769931565586,0.46704439248577767,0.4683955557747762
2019-06-05,0.3518898962209451,0.32790613141621894,0.5406089049078391,0.4740420383976498,0.4684475139727915,0.46236928990778836
2019-06-06,0.3629403737167347,0.3200170554022059,0.517611293469506,0.4736262104279415,0.4636376750070729,0.4621091253821859
2019-06-07,0.365864824039656,0.32557496153361604,0.5163496556846934,0.4798526453010299,0.4846113298145541,0.47529556205057716
2019-06-10,0.3813265264738381,0.32889626215043866,0.5149254748964929,0.49187683479098954,0.48405356576683184,0.4633841222395759
2019-06-11,0.36624394662209064,0.3089677159446262,0.5204080858513446,0.49279003548155403,0.4759336154362934,0.4495956282802736
2019-06-12,0.3702041023796021,0.3116777624597929,0.5197871967179076,0.4948934854275314,0.4752974359004365,0.4462080811586604
2019-06-13,0.43405249572044313,0.3252944211741276,0.5511022453149503,0.49470698039980304,0.4795400854516044,0.4389535521853476
2019-06-14,0.44258090487440815,0.34162008531118143,0.5609586118200128,0.4976254419887348,0.48546848247786484,0.45580868413565984
2019-06-17,0.375701420971147,0.3092502122431108,0.5350527437052919,0.4804824874518135,0.4556187536768053,0.43986947766249573
2019-06-18,0.37128458368843903,0.290023809558021,0.5283122838558301,0.47621068146477563,0.45675807017471637,0.4305296445407213
2019-06-19,0.3666703223785276,0.28659231195172796,0.5240687579120893,0.471179660361432,0.45086512510443477,0.43581903820560136
2019-06-20,0.3575235993179977,0.2811569684019992,0.509350097225474,0.47620070843097895,0.4597248019781179,0.43968003251859056
2019-06-21,0.3718746705838462,0.2810939200585745,0.4886849442437185,0.4776733146524329,0.4707486304877571,0.44161725644807875
2019-06-24,0.3716623869881146,0.28051707388942165,0.4851724614112769,0.4786422302458584,0.46979935499830633,0.4426941942210636
2019-06-25,0.37461118886328937,0.27438833439590693,0.4840462371996786,0.46763454474124105,0.4809135714635243,0.4198893527584178
2019-06-26,0.3862183287945023,0.26204172775983053,0.46392117419837103,0.4645996349539554,0.48191331510372404,0.3951734441301662
2019-06-27,0.38090812325271245,0.2683289576233913,0.4697872710263934,0.4674198811075438,0.478297292387796,0.4002938600395394
2019-06-28,0.39000071787829016,0.24173492606609867,0.4692058923861864,0.4594607468765052,0.48013611897011405,0.38601811297728134
2019-07-01,0.3992413266022152,0.24921652273329878,0.4804119003629407,0.46651697271577414,0.49700387512958927,0.4029249585887115
2019-07-02,0.40052819816389273,0.2497770340520615,0.4819888285815476,0.45175515138687633,0.4963814423437455,0.39063830155107465
2019-07-03,0.4115353959993629,0.25234220130150203,0.48197311868178006,0.45140910524389866,0.5005319227632594,0.3952686894163195
2019-07-05,0.4145617914585235,0.24423650031526467,0.4939555641552075,0.4504969300848149,0.5008549277272083,0.3968368545569763
2019-07-08,0.3965527347989502,0.21785736824866694,0.479777624854792,0.46769776178709477,0.5068026787297892,0.3984855044126954
2019-07-09,0.398190907757496,0.22487255479546403,0.48429759791425536,0.47323648636121046,0.5136044145224592,0.39931041865113936
2019-07-10,0.40119025709523704,0.22730028116086454,0.4861233108154266,0.4764591756464574,0.515404688051663,0.40201870742430557
2019-07-11,0.4075015405959494,0.23955916507413252,0.4865660928800247,0.47924372651406416,0.5130755196075346,0.39634513399873583
2019-07-12,0.40868190562935824,0.23425665008136812,0.4885077270529503,0.4818991055548307,0.5137741743623111,0.3966409158009493
2019-07-15,0.43163802073322094,0.23216917627022265,0.47507957572517723,0.4921052213264064,0.553343205535919,0.3971313780826345
2019-07-16,0.43222264868208304,0.23762397402328417,0.4797558075225917,0.492114518227138,0.5525145824180314,0.40102477433444533
2019-07-17,0.43288075868128945,0.24454565844913184,0.47492103983017714,0.495984369896862,0.5520833227232592,0.4109515017532492
2019-07-18,0.4297281958450473,0.2514512800153438,0.47999377576417734,0.48897429248773755,0.5460915414179466,0.39853856321688946
2019-07-19,0.43594932082033505,0.24456064198971653,0.4830125339456902,0.4784086025967652,0.5533345698404752,0.38700592768412334
2019-07-22,0.4303645909803431,0.23198296115421987,0.48357223894132745,0.48507012737191857,0.5515033916293981,0.3883441588772352
2019-07-23,0.43375783424077907,0.2363092073519302,0.4806200344581954,0.4947554708435879,0.5535398238680512,0.38012540836628445
2019-07-24,0.4330031256252166,0.24412620752697925,0.483829792902125,0.48345272551398183,0.5456112140993742,0.3982957842134556
2019-07-25,0.43681019250944,0.24609970774280182,0.4905273439105556,0.4894820413960725,0.5646504176628977,0.4006156697954708
2019-07-26,0.5358100233957162,0.24200210198902292,0.4751306073413216,0.5518905723911061,0.6768941306094083,0.3909870454064911
2019-07-29,0.5524000961259095,0.46433579134275627,0.4977090794718057,0.6401223167558143,0.6454167653300764,0.451619499570947
2019-07-30,0.5561667398580041,0.4703520582807332,0.5000293277333225,0.6308737477011036,0.6408169547354248,0.43304357723317877
2019-07-31,0.4196511435118756,0.41692408104720374,0.514309601217099,0.6160548888984504,0.5975850813962582,0.42569133065034565
2019-08-01,0.41329406509155703,0.41111126246179214,0.5094572547941978,0.6083879599918053,0.5897546095831371,0.4176142884679002
2019-08-02,0.4183373112444192,0.43131638904048664,0.5087881612654513,0.6268142095861512,0.6061249783679781,0.4499083092224001
2019-08-05,0.4588069792485498,0.45231006718650296,0.524858863821102,0.6287094401515706,0.6178378986634173,0.46765859544978367
2019-08-06,0.48840293232245724,0.43281552328851897,0.5183079178164978,0.6152358405998681,0.6374609562678426,0.4613438793882349
2019-08-07,0.4356596813334404,0.38487651081669827,0.4790708209328969,0.557864082091633,0.5868836548948909,0.40271878473111283
2019-08-08,0.44479587089317413,0.4279320281125861,0.5608004087254679,0.5731371553154276,0.5936608791453507,0.4440843409662876
2019-08-09,0.4409247026128195,0.423347283579455,0.5634701525363155,0.5776883227513243,0.5876707152815684,0.44257003941200873
2019-08-12,0.44108590938844183,0.43243949012396077,0.5686445962504009,0.5778737259101313,0.6006854398521274,0.4531781561406365
2019-08-13,0.40030188885622714,0.4183951124869139,0.5534199508393434,0.5910675815563309,0.6075972687493192,0.4618252706646366
2019-08-14,0.417956358987754,0.45506723067907406,0.5651582111200036,0.6453532816580059,0.6187075389157931,0.49510326682020955
2019-08-15,0.41466021606327186,0.45272451238282296,0.5645661228806305,0.6386876826319156,0.6101910936881357,0.4863449482447249
2019-08-16,0.4372403022191382,0.47943171731252554,0.5676114252404174,0.6395781264476111,0.6239319048724393,0.5005938320207348
2019-08-19,0.4239010136328774,0.46767565534401884,0.5574150387271877,0.6298580793964808,0.6203100542329751,0.48948488490037556
2019-08-20,0.4246126050601423,0.47212939656819697,0.5793497276556001,0.6319851046939944,0.6337065710368629,0.5183408564201346
2019-08-21,0.47066380675606273,0.5000562634295141,0.6045770709792874,0.6353521444482182,0.632392674902399,0.5143203538508733
2019-08-22,0.46653909942418054,0.49417287471031546,0.6123383126192004,0.6324602404424815,0.6360769149357163,0.5192814649201368
2019-08-23,0.5149582659626637,0.5154717200190966,0.604362033012982,0.6442073038298529,0.6076529324007091,0.5201425838482965
2019-08-26,0.5143301594858006,0.5147094175905931,0.6047837671857845,0.635678073233367,0.6144549167490106,0.5242975675105864
2019-08-27,0.5169269156757417,0.5153872395768307,0.6213224589884938,0.6545326695644308,0.5921630528016792,0.5528520117168483
2019-08-28,0.4862874453592877,0.47491482624451054,0.5158051974283607,0.6246854108283031,0.5000039977730965,0.4742174563939753
2019-08-29,0.4941883916806998,0.47835519586539277,0.5215090010119935,0.6428380129202949,0.5039264368849216,0.49347393956388497
2019-08-30,0.4885007990393894,0.5002768591005271,0.5401296819495908,0.6469016687258912,0.5049305864264158,0.4933366432162646
2019-09-03,0.48904022948077286,0.5004675541042701,0.5397461525075672,0.6502851772176024,0.4903611883857277,0.48995229255429634
2019-09-04,0.4819486289108927,0.48688595972998555,0.5358135943745128,0.6555622545131199,0.5012238298685384,0.5146660436902222
2019-09-05,0.49562303327442947,0.503692012164924,0.5354194489828566,0.6605944409824485,0.5205060888962928,0.548948464149505
2019-09-06,0.49377067341503744,0.4950839117663236,0.5202946391999232,0.6604167663716478,0.5182429718804779,0.5611957812153111
2019-09-09,0.4941957549962507,0.4988324850106445,0.5180889996336777,0.6594630107693527,0.5184569255995134,0.5657038851083451
2019-09-10,0.48608406263732606,0.47851829547535074,0.5093652547749951,0.6657967331427221,0.5008385081498895,0.5272543978933266
2019-09-11,0.46807895529882426,0.471985393153921,0.47412062158155566,0.6661750162305121,0.5319630520745484,0.52736334121039
2019-09-12,0.4514175426195793,0.4594391219443008,0.4606075521821449,0.6526885892178932,0.5161672779785964,0.5140522621535631
2019-09-13,0.4358512831957381,0.4521498381237056,0.457838396967704,0.659784540204671,0.5321678664689575,0.5154555983979423
2019-09-16,0.4404477215583125,0.4558207069819772,0.4737713283818117,0.6553066986763018,0.5318919463347944,0.5100886349249476
2019-09-17,0.4392718860604991,0.4522511477685123,0.48550256614599957,0.6508939100592126,0.5358017230724578,0.5109187929779097
2019-09-18,0.43361565094727605,0.45152120481128927,0.4917327183226715,0.6500290018045836,0.527230438546277,0.5067076631938622
2019-09-19,0.4308442551107297,0.454467235736936,0.4858545070461139,0.6627259423713349,0.5036286349068009,0.5099946876442024
2019-09-20,0.4197162908827745,0.45719253288107414,0.49296248604236054,0.6729527756562891,0.5083200064225567,0.5067067683270389
2019-09-23,0.4238318151861064,0.45677080704431194,0.48295790910665226,0.6750674935549158,0.5120715296808456,0.4985206049898122
2019-09-24,0.42411065203704235,0.46955569429708477,0.4903956450178835,0.6819407275372489,0.5102274307517178,0.5126455386989761
2019-09-25,0.4144289566334202,0.46250254555191944,0.4812751154250489,0.6838089432835992,0.4874353654264102,0.49949901275736736
2019-09-26,0.4142604652244779,0.47604013361788156,0.47903702147632515,0.7096294726209724,0.47973792353412176,0.5187338804424952
2019-09-27,0.41729062225044883,0.4818867846571189,0.48787604233929577,0.7100910657928277,0.4788215572288925,0.5145518801396316
2019-09-30,0.41866403259488705,0.48304971018429965,0.4880318711937913,0.707391837683944,0.4901555568353546,0.515905257512771
2019-10-01,0.43748378385297554,0.5290196726437135,0.4959812587349262,0.6858675034111265,0.48433160411809717,0.5238694634176866
2019-10-02,0.43858553373149545,0.5286836175682738,0.49417103613779684,0.6786168458275379,0.4928273762948235,0.5229989872199446
2019-10-03,0.43742110715822163,0.5309900296031511,0.49386659840998515,0.6802198543857269,0.4926624824041515,0.52291568840043
2019-10-04,0.43562512926553715,0.5289500136119915,0.5005706393126629,0.6912479315541474,0.5057770254649308,0.5496624471348164
2019-10-07,0.43513963391059096,0.5253754297102219,0.4994422592952717,0.686474524957569,0.5035950823703298,0.5321081440426738
2019-10-08,0.4371150631928087,0.5377848834686451,0.507549265652425,0.6919516359915573,0.5073284247604265,0.5345289912242444
2019-10-09,0.437515639821107,0.5381527211020829,0.5063048002036469,0.6968037580344236,0.5101735884673566,0.5351991299596132
2019-10-10,0.43548541978986566,0.5364346301173475,0.502896585891587,0.6983522303193722,0.49514691207283695,0.5212673794385678
2019-10-11,0.4602714422992344,0.5470485857073708,0.5293821554681619,0.7017704123323018,0.5147185474109777,0.527498967867008
2019-10-14,0.4522724806429096,0.5414835279096435,0.5256092371178304,0.713134649624242,0.5084220470494377,0.5327665108680033
2019-10-15,0.4501143606438793,0.5407409157274826,0.5244890837529987,0.7002545306610213,0.5070581601073446,0.5289006644456544
2019-10-16,0.44741273262760467,0.5371279101741087,0.516499361933135,0.6943795023901107,0.5078038298668528,0.5111335453813778
2019-10-17,0.45043790226489666,0.5369334676859557,0.5105010879274037,0.7198082567913788,0.5161502355834454,0.4937848728758343
2019-10-18,0.4482657438055882,0.5356062270363234,0.5042652929964642,0.7157877479597464,0.5013685600328409,0.49049353654763445
2019-10-21,0.4563057636658278,0.5351864317146904,0.5133561935011788,0.7163558747357868,0.5075766891595825,0.4963551880602473
2019-10-22,0.4615962978248978,0.5344624531483925,0.5130630921470234,0.7158421988929121,0.5252605985423214,0.5034885750094439
2019-10-23,0.4621246557727398,0.5326229668824335,0.5152183735268427,0.7223720038898828,0.5271318954772273,0.5129376112674975
2019-10-24,0.5588210763371966,0.5687195210029162,0.5027129083478469,0.7294498623522406,0.5495091831781509,0.5021754297375913
2019-10-25,0.5577066971680366,0.5704357507926899,0.4962153166544196,0.7296437595477977,0.542484890065381,0.4963109970974395
2019-10-28,0.5575724720311078,0.5695835731565938,0.49789583417353206,0.7203931087592801,0.5247945945024618,0.47532673589667374
2019-10-29,0.5337242514570831,0.5410815319817157,0.481180100036186,0.6829827347151018,0.5045825095637776,0.450208440548821
2019-10-30,0.5265918651050733,0.5685252806411362,0.48010918372625006,0.7155186393348566,0.4992463479019415,0.4469733742954875
2019-10-31,0.5310952137301576,0.5734317125066032,0.4713345003717681,0.7210010078259255,0.4819653353222267,0.43796456027136516
2019-11-01,0.5960218737401035,0.5940113534580161,0.3597538113763202,0.7234794234373566,0.47588743656805654,0.40777011294653664
2019-11-04,0.597520745366476,0.6069403800519713,0.362319688142365,0.7175785948565095,0.476307670080242,0.40950807974557896
2019-11-05,0.6083194908480214,0.5943635522789814,0.34661707605455044,0.7140873373786593,0.47223366209512474,0.4006185343600003
2019-11-06,0.6657411399678901,0.6121215934517814,0.3592611249018235,0.7128348631182103,0.45878422801006385,0.38918434977797706
2019-11-07,0.6301484378545528,0.5542941755029813,0.3102419874100073,0.676907588902329,0.42329116718099863,0.34040162315932304
2019-11-08,0.6268691004474798,0.5466940899554401,0.2912274844417734,0.6740467249461378,0.41524005777316364,0.3216776814703745
2019-11-11,0.6104206358330219,0.5088184998510052,0.289457524028311,0.6544501724825272,0.4126547433172649,0.31957531825978625
2019-11-12,0.6070133234781088,0.49850854671999406,0.2910434934772119,0.6559733510224226,0.3853334938460428,0.2835954387572022
2019-11-13,0.6115513978793475,0.47043714763083455,0.2991385502141277,0.649250297190018,0.38711754768606554,0.28240926100154756
2019-11-14,0.5916146928282183,0.45244332677243115,0.302079875242974,0.6477253248266044,0.39389216984387104,0.2901340347239217
2019-11-15,0.5922921954210899,0.4520133527610407,0.3021417758054925,0.6452074903931893,0.39837799985453987,0.28506585938009
2019-11-18,0.457315523363605,0.34817723797440203,0.30488510216734366,0.6079341630638033,0.4144985878231058,0.2734598461797335
2019-11-19,0.415767055564439,0.319601196321213,0.2964126473198797,0.6052468118344475,0.39105417395376807,0.2579918369252864
2019-11-20,0.42050496140161076,0.3205064980851799,0.30081156919653645,0.5999846061404871,0.40559676370843023,0.27251304011933636
2019-11-21,0.4276288430856831,0.30438676972831946,0.39444154718450725,0.5957584241336156,0.47760069371951586,0.2911801659215791
2019-11-22,0.4204317960501747,0.2853756041739102,0.37603231086910716,0.5860974789775937,0.4633273702292915,0.2682203251310261
2019-11-25,0.4261148175452148,0.29316347474328674,0.3793113108812211,0.594270601984902,0.46705089812287814,0.2741134628823386
2019-11-26,0.42137311900795027,0.28062530804106495,0.3517116859118249,0.5809797425062138,0.44288306127752436,0.2505037141343334
2019-11-27,0.42985358285624786,0.29409335004967413,0.34855341251816124,0.569682862434443,0.4344464565453989,0.21746553598444582
2019-11-29,0.424717136799364,0.2876990202508258,0.3377195034975327,0.5575938425865602,0.4167064427691573,0.16454022442251207
2019-12-02,0.43584979749917196,0.31423655433160985,0.3810183487499284,0.5541210181133369,0.44336672582275105,0.15115986948017762
2019-12-03,0.42538045854087103,0.3309770031919105,0.38175635151138787,0.5690391372518131,0.4385381257443064,0.15398669906988158
2019-12-04,0.44053216916666,0.37257233877677104,0.37291700961713864,0.5667252456824318,0.4616818106958666,0.1981067433568622
2019-12-05,0.5024410835999129,0.3957743791634422,0.4443132406634937,0.5586902596040516,0.4011844368905355,0.16038419970786086
2019-12-06,0.4952165557880079,0.37930296617422493,0.4376573188716923,0.5837024658103703,0.41328257980945554,0.17168706000835143
2019-12-09,0.5464332568953478,0.39650446082625657,0.4543147776656174,0.5700921300180936,0.3970908550537695,0.15823884286574677
2019-12-10,0.5469005114658748,0.40001869665865175,0.4507961886892384,0.5758946551612018,0.39579716391517167,0.15760725994243271
2019-12-11,0.5445807590203228,0.4009932052501605,0.4501245151749691,0.5844122061540452,0.39690249773651165,0.15702054382859948
2019-12-12,0.49406789828104763,0.465718856854075,0.33738015329919635,0.5641772980413099,0.411483848868224,0.12941152517350873
2019-12-13,0.4468099244055081,0.47522344902303165,0.32416042658935323,0.5350932175424138,0.43104177873709515,0.13791935244282735
2019-12-16,0.4521894608061188,0.4717006456353824,0.3414849481713129,0.5169137905922059,0.45025589173437136,0.14297418563944345
2019-12-17,0.45252306525667924,0.46270876633680524,0.34246792228652356,0.5202083715711777,0.45065310257228863,0.16337777999802122
2019-12-18,0.44818238590980775,0.43537796993421707,0.2988869710317653,0.5171256635297253,0.43461516788642757,0.11641474860273829
2019-12-19,0.45438054644095577,0.4505741077600974,0.2955119404661074,0.5052973060154733,0.45668235961076936,0.1411170117347694
2019-12-20,0.43533845894792833,0.44683910129642623,0.2853063130630915,0.4995526056401232,0.46853842193752887,0.14343002616224668
2019-12-23,0.43642231388238756,0.4289530827863649,0.2428834685072075,0.48534534966587695,0.45182835982301806,0.1253331501935748
2019-12-24,0.4388067184092314,0.41874252476640605,0.24340294461623294,0.48525155683344096,0.4405274186728181,0.1182453753282068
2019-12-26,0.4255271714829633,0.40844783293343634,0.23302840269877872,0.5019649832709154,0.4329485684885958,0.07789859073486814
2019-12-27,0.405867031786565,0.4064666760328729,0.2063926314352062,0.5054071976422831,0.39563365882081664,0.06057158317700858
2019-12-30,0.398976087267901,0.40999666791216605,0.2192043332198228,0.5049092249725772,0.3885895751866089,0.06806348960364772
2019-12-31,0.4086827670796523,0.4178639052813848,0.21810774992265355,0.4677503341051384,0.3789666630620869,0.046483923944238704
2020-01-02,0.449686619981987,0.4423990492512667,0.2610153484618071,0.49608410069741726,0.401645201087427,0.0749502879765962
2020-01-03,0.4383317379691438,0.42088441124670173,0.25415104302497105,0.48763799229376825,0.40236901586282303,0.06859031667950444
2020-01-06,0.4356166064055301,0.4296924040219023,0.25034714042590966,0.4475621451347754,0.3977970349466209,0.029708920021517867
2020-01-07,0.4508985574739247,0.408641622858676,0.24171882311396908,0.3854680600186485,0.43777272217626034,0.06406062429681458
2020-01-08,0.39188179377748533,0.3938238525805113,0.17604552672437226,0.32060265413287486,0.3955380635833723,-0.0019534740129281184
2020-01-09,0.41235693300335025,0.4125119487490238,0.1858880972716364,0.3218909558296395,0.3966543871509155,-0.002149119979050534
2020-01-10,0.4127442312184642,0.4264806908514796,0.1862319761465536,0.3437939593513124,0.3943752851640897,0.00852769452076174
2020-01-13,0.4088223486120047,0.4336834970425692,0.1853948767799611,0.3623909069101195,0.3658140775643846,0.04667338408811055
2020-01-14,0.42101250946110286,0.44273942417995293,0.1987342277025607,0.38440571753804703,0.3799357878433934,0.06955727488880771
2020-01-15,0.4202977750037253,0.4377118818581498,0.18336845715070801,0.38996727315573987,0.40914405113244284,0.038824118460428936
2020-01-16,0.41199552094631786,0.43152842675520287,0.17657474113086738,0.3837579719541347,0.40468139746261345,0.03386749086341422
2020-01-17,0.40972097030627613,0.38273453609389707,0.15610685792051138,0.33986043466893845,0.39616420256303153,0.03882976509463219
2020-01-21,0.42245000079837597,0.3874226023933996,0.16012263936363788,0.34957383967807043,0.3764845775520177,0.027731357691945423
2020-01-22,0.42342799025626027,0.3903937098855412,0.15907682917537389,0.3477113432037843,0.38924805507332955,0.04238093219624828
2020-01-23,0.41613318055881915,0.37590328155263253,0.16222125328716505,0.3384980707545467,0.39142009945723,0.05010834533219983
2020-01-24,0.41891153778615514,0.3842481867230261,0.15854232698147633,0.3417626483734184,0.3899591522544198,0.049189102707103416
2020-01-27,0.423750263637918,0.439522378214865,0.17036456904198657,0.4872388547471191,0.41324587468985774,0.14168398527392004
2020-01-28,0.43525633383396806,0.4434970791932818,0.19199883173195345,0.48753182183626587,0.4510560346574274,0.1566479382909148
2020-01-29,0.3195481979226553,0.44128894258972834,0.22010798540913276,0.43736341640603965,0.474741284679673,0.1941001239791846
2020-01-30,0.2887233559207557,0.4108499426682118,0.1926297164799768,0.3906146842917349,0.45951979275873234,0.1646802249393784
2020-01-31,0.3572261894599531,0.444802920248361,0.22064956518583348,0.5136161260048256,0.4719412327953278,0.21168137123492523
2020-02-03,0.34798843201352064,0.44872351919942627,0.22582968437254453,0.5253665129548458,0.46498597386931023,0.21132623408068196
2020-02-04,0.3680472404609273,0.46063041257693593,0.24182402272277098,0.5512773862282339,0.490028888655941,0.23819047469332785
2020-02-05,0.3676453060975232,0.4489162487582137,0.2385518781283029,0.5451589673967051,0.4809596607958216,0.1912279138695336
2020-02-06,0.35827426185413985,0.4243393170166588,0.2238698209542743,0.5485298836219303,0.4860263077950116,0.21155759106464903
2020-02-07,0.3506931957805349,0.3985804062603505,0.2227860650540934,0.5740062341976135,0.481228510817517,0.19951274812932324
2020-02-10,0.3448877042819183,0.38684181500124715,0.1939640144140641,0.5727154948132671,0.5105110319136041,0.2331210100330102
2020-02-11,0.3265871975886744,0.4043434472930069,0.18315566317597406,0.558957360839358,0.5123029931159518,0.22495329164307076
2020-02-12,0.32714696884944733,0.37614349495628974,0.19415267975196737,0.5820052226722484,0.5011437674619168,0.21843638205671012
2020-02-13,0.32343866384915954,0.3669833342406611,0.19723514835151781,0.5886830914089404,0.4967930369186478,0.22211223521290638
2020-02-14,0.32298435821983645,0.38467476986523197,0.20048848551727227,0.5919004388433143,0.4956315663298467,0.2227290226381112
2020-02-18,0.30367584732031017,0.38002195622740054,0.16929747451294855,0.5937791089541603,0.5162227911328207,0.23413176973279207
2020-02-19,0.3080966966236102,0.38472151093276896,0.18875528248824286,0.596008787097274,0.528795863336824,0.2436428249218012
2020-02-20,0.31549237517364154,0.38078478312378927,0.21552353165716268,0.5821785505780901,0.5374482234875334,0.21591085028919055
2020-02-21,0.37037132819827817,0.4399853468648064,0.29736136741462355,0.607550601594815,0.5698042497220944,0.2682574922116875
2020-02-24,0.4664938736152407,0.5151117366173227,0.39214979168813824,0.6575238460759905,0.6296327344653802,0.355930410209619
2020-02-25,0.48332628148575235,0.5334259138377749,0.4317885351097608,0.68566140614568,0.6741837537373002,0.4257402426962334
2020-02-26,0.47668053098266616,0.5295675365140223,0.4551620769517504,0.6529712105888688,0.7157778621757865,0.4031063642713003
2020-02-27,0.5519782035076636,0.5878104829916995,0.53390408227855,0.7129233731127617,0.7753055262197243,0.5080724871837631
2020-02-28,0.5438958465733054,0.5761339009493647,0.5372126745878208,0.7189353433470389,0.7003818898376514,0.45217247500633656
2020-03-02,0.5474795293061522,0.592258565012848,0.5270964257634133,0.7180084270635183,0.5835250693735472,0.4356494265715165
2020-03-03,0.5495482696409921,0.5928531779935841,0.5132569809626474,0.7244477450009168,0.6032666812040627,0.4451345819094054
2020-03-04,0.5837219639871409,0.6260104250170301,0.5627091142319584,0.7404528948487294,0.6365977384330762,0.4973400002802933
2020-03-05,0.6021541364126898,0.6419764159051835,0.5844589752244058,0.7423316994815824,0.6498296751271944,0.5036674822441036
2020-03-06,0.5948629443841853,0.6428167901244786,0.5401098206182846,0.7466299634290011,0.6369251623341838,0.48997142426424517
2020-03-09,0.6631211414732311,0.7152909879164027,0.6200722154687436,0.7871192174837154,0.6989366434237919,0.6088884526214606
2020-03-10,0.6724044435364912,0.7265550445297541,0.6308834953580611,0.7858645045285628,0.7017994871076987,0.6180476738263179
2020-03-11,0.6848636032812497,0.6708909512558089,0.6322478014986065,0.7962254491104396,0.7109795286842592,0.6722949682997531
2020-03-12,0.7609665429672182,0.7460438349474099,0.7352033990773308,0.836251564009877,0.769070259733338,0.7468534016902019
2020-03-13,0.7992539925687889,0.7834210395226635,0.7723060938779152,0.8633881220594185,0.8218118438157445,0.78667492234356
2020-03-16,0.8253028876669483,0.8090267696847935,0.7842506466367468,0.8914209227859887,0.8160990809772956,0.7737911773424541
2020-03-17,0.8293355872341448,0.7673205254891515,0.794121830882954,0.8658901814459052,0.8220558497274081,0.7475442270599097
2020-03-18,0.827481589800611,0.7408908284969313,0.8012350457772904,0.7816489448891203,0.8099717084816705,0.7575716799499882
2020-03-19,0.8284509630410586,0.7114795396667972,0.7997500101651963,0.7274481508261926,0.7925199458302457,0.7632349014474353
2020-03-20,0.8127909089090296,0.6964494901809877,0.80185408026229,0.6604093168310242,0.7803146503215668,0.7459855196910137
2020-03-23,0.7951062248110947,0.6777715466416628,0.780479732805329,0.6617457563721262,0.7812362338353759,0.7471998433470028
2020-03-24,0.8155660254683514,0.7093950678355547,0.7802237689249598,0.7041700563175396,0.7783767757252851,0.7191717953067245
2020-03-25,0.8134927995131948,0.7057622964740605,0.7773591351850013,0.7039299091307228,0.7783833617632903,0.7192082744695288
2020-03-26,0.8204481655807442,0.7131288081311602,0.7836816559410621,0.7099818793851455,0.78649269741072,0.7249015503904808
2020-03-27,0.8197572929451752,0.7096939414563621,0.7526878096530117,0.7148608199592041,0.7744615293344116,0.7328482358068864
2020-03-30,0.8227780750162803,0.708766891781631,0.7384679034741541,0.7139657088234503,0.7630096929396903,0.7465663609097736
2020-03-31,0.8156444143970971,0.7105917560179554,0.7306367903904072,0.7117599673291062,0.7628233695131499,0.7435663868833595
2020-04-01,0.8183354924630931,0.7124072610286869,0.7270045260787811,0.7140624554956453,0.7658090795965339,0.7331653353552898
2020-04-02,0.8188304901579809,0.7162428731996014,0.7243612419472235,0.7181636381011036,0.7625091732255435,0.7294993508872233
2020-04-03,0.8200302918479053,0.7126025789760166,0.7156410363136393,0.7194397056958166,0.7587196092991692,0.7294082614305791
2020-04-06,0.8326863652212017,0.7349514663425083,0.7361873237142641,0.7395146321090057,0.7750693665836197,0.7484506401622664
2020-04-07,0.833735797436558,0.7358791125162614,0.7364410794844644,0.7395792933560434,0.7751142830914163,0.7481406058621303
2020-04-08,0.8348164208973166,0.7352534820295029,0.7334641838090037,0.7411071705993726,0.7752734504635052,0.7546202433650444
2020-04-09,0.8334710704396662,0.7300603582505184,0.7275517285984473,0.7404074125651626,0.7740305182750661,0.7566561559164479
2020-04-13,0.8332292554787988,0.7140656690985594,0.7133095996183518,0.7332567924228536,0.7677073242341192,0.7576090873874918
2020-04-14,0.8370249519273917,0.7041670178014122,0.7226461067336054,0.7266700114696472,0.7733932442286667,0.7471954488428483
2020-04-15,0.8367016161408203,0.7026197456424721,0.7224577617614814,0.7261794432100622,0.7735622622967795,0.7472310940056993
2020-04-16,0.8359106061762351,0.7017239362984795,0.7227378380203363,0.7263282749063819,0.7749113010189739,0.7479076167143179
2020-04-17,0.8359402730867835,0.6988570044046298,0.7117979876065847,0.7221957170075302,0.7610259598806094,0.7479816854723805
2020-04-20,0.8341238043984235,0.6955910007887348,0.7114103374092463,0.7231546964539259,0.7616966722724986,0.7482837128321176
2020-04-21,0.8348082061461873,0.7000863512272433,0.7175368727798593,0.725365228756682,0.7637313377425197,0.7509257181593144
2020-04-22,0.8353906047780473,0.7042531550521886,0.7190909794309682,0.7267697674957039,0.7652789497340167,0.7520285447486383
2020-04-23,0.8350804720530368,0.7032204934077638,0.7182121603142759,0.7264698950142334,0.7644953306851937,0.7515481087400135
2020-04-24,0.8533021731224361,0.7077058339971023,0.724653002292275,0.7305685146760671,0.7674975431536253,0.7529236907893138
2020-04-27,0.8545816749426204,0.6991239218415678,0.7260013410418965,0.7206132733156118,0.7673355437933791,0.7464863209027545
2020-04-28,0.8534335446354039,0.6943819416455391,0.728037304105164,0.7165358117819771,0.7708532171619636,0.7429746940781937
2020-04-29,0.8385516298700343,0.675298247612695,0.7041576935515157,0.7196698085278009,0.7736836960181175,0.7481656904014717
2020-04-30,0.830678072519361,0.6698834963700927,0.7022872188905044,0.7201065892319559,0.7708608689139527,0.7464684338405143
2020-05-01,0.8292749915916267,0.6672522733317763,0.7078468625858704,0.7199561637860268,0.7685681820459394,0.7422037070162932
2020-05-04,0.8295058303208547,0.6577322135970108,0.7096901104054332,0.7159539851634728,0.7686459196987949,0.738092608093011
2020-05-05,0.8289814760372846,0.6590818827700872,0.7080528730344033,0.715371167823629,0.7705014860573768,0.7405539136801473
2020-05-06,0.8324654232473646,0.6632954908021399,0.7137921575636046,0.7139334396957503,0.7706806340175401,0.7399079568341628
2020-05-07,0.8348838354424242,0.6601012972085086,0.7145201920183843,0.715048392734924,0.771002263550164,0.7407003756391636
2020-05-08,0.8372735082587537,0.6623740574550032,0.7137942773230822,0.7136229654852665,0.7706749516571682,0.735343079654486
2020-05-11,0.8372398392939377,0.6544363404176717,0.7098307363516082,0.7102785910332081,0.7703373550478684,0.7351161897875039
2020-05-12,0.8369345124679175,0.657301017251788,0.710104612328085,0.7100690248222712,0.7707840918985446,0.7353565895620472
2020-05-13,0.8434882977808171,0.6604140469406656,0.7140083792001259,0.710977024781778,0.77134369617935,0.7359225046900624
2020-05-14,0.8407277995074808,0.6612208810438296,0.7111248202674563,0.7106456527125713,0.7709896355268373,0.7356051194020786
2020-05-15,0.8409929736367958,0.6647369977992768,0.7091844854198894,0.7117823142341086,0.7692340736270605,0.7380662606815441
2020-05-18,0.8424785952223971,0.6576274723231906,0.7072616251114142,0.7096759472504989,0.7690178467596053,0.7419983353266923
2020-05-19,0.8378623944929764,0.6547167436015514,0.7061458042225468,0.7067868268782609,0.7644092746829027,0.7385088863323643
2020-05-20,0.8366216082865666,0.6524580809331079,0.7037961340902155,0.7053904385727074,0.7617986140914381,0.7357147656857165
2020-05-21,0.83699511451646,0.6519823701887489,0.7048014999376075,0.7088283162898162,0.7615822683346417,0.7397224199563552
2020-05-22,0.8306103080784898,0.6449467982532745,0.6984434245167154,0.7035257030776353,0.7569763600502227,0.7351171617781183
2020-05-26,0.8321630936671313,0.6259161696000214,0.6886266366239039,0.6922891692386343,0.7630433381578124,0.7440200429071201
2020-05-27,0.8402189083096443,0.6231608940661075,0.6923873242163421,0.7037044858466285,0.794449099926325,0.7455072939494706
2020-05-28,0.8400503078498425,0.6236102496671173,0.6906806612944444,0.6993875308768143,0.7913481193710694,0.7384863905883017
2020-05-29,0.832032305730756,0.6232020533642949,0.6858822413016846,0.6972232854402152,0.7832720280227737,0.7381149332699233
2020-06-01,0.8290020767473117,0.6218530443426836,0.6775642455813159,0.6969027010356694,0.7798711021235497,0.7359330182814254
2020-06-02,0.8309128060767744,0.6220832857753195,0.688858276855165,0.696543412135326,0.7823714078956717,0.7401154176790559
2020-06-03,0.8159851466562168,0.5827567946626494,0.6652047641648362,0.6712775859251575,0.7694535886552036,0.727642934480612
2020-06-04,0.8158791052417365,0.582197994122284,0.66454467454248,0.6792334869956492,0.7788453284088029,0.726756522840877
2020-06-05,0.8219710466721324,0.591726517544707,0.6757295435355153,0.6744723636147781,0.776173080309966,0.7198538995350778
2020-06-08,0.793659987175105,0.5530588153985747,0.6273552516062203,0.6468372377028861,0.7459837863001534,0.6960504317724642
2020-06-09,0.763647054439397,0.49920332544172064,0.5524994564714423,0.6196987953794152,0.6852055906869831,0.6932451886861783
2020-06-10,0.7172956427824463,0.4136823379960312,0.5203674410064391,0.5272333226294281,0.6871928944826257,0.6692706247155836
2020-06-11,0.7261933893924092,0.49463797856713926,0.5441117329718317,0.5851414358885837,0.7012858479822512,0.7094853025540176
2020-06-12,0.7206145577629922,0.4495215448273823,0.5133263413715546,0.5896263997168908,0.6970538471680374,0.6797093824865369
2020-06-15,0.7253766537732713,0.4534247648119039,0.51478293810212,0.626436014439156,0.7145005123219461,0.6707818124565561
2020-06-16,0.74801927525812,0.46089752879520723,0.5039280181151232,0.7118730476098658,0.7417861436602554,0.680927885284627
2020-06-17,0.7866844847830674,0.4879898131156013,0.5299379698634341,0.7077910802088775,0.7384166282630216,0.6784008249190848
2020-06-18,0.75055760937056,0.39070594285195026,0.531746842594139,0.6282259598423438,0.7844954015108458,0.7163890341938631
2020-06-19,0.7486438134714959,0.39083966991620034,0.5330811117758278,0.6260759649096636,0.7846462532640547,0.7155649261320333
2020-06-22,0.7312941174771763,0.3762486531992655,0.5107261289747139,0.6212079957409257,0.7700888224127784,0.7104610526491517
2020-06-23,0.7288204235237794,0.3695352157360823,0.5260822716639009,0.584770685144553,0.7456724491024016,0.6804515074252578
2020-06-24,0.7305129784457077,0.3715711382363515,0.5361204014598763,0.5849320448688348,0.7568589637190154,0.663800620718596
2020-06-25,0.7329281996454337,0.35196518544832095,0.5421333340339531,0.5850263488019701,0.7556392689128189,0.6676477422693456
2020-06-26,0.7375919953177895,0.3367861698618186,0.5335309471560452,0.5673649441008516,0.7093940744394024,0.6792892528507162
2020-06-29,0.7331937186790302,0.3324634865178625,0.543222552436106,0.5708311242615317,0.7116260117658919,0.6789843106902158
2020-06-30,0.7191104246673546,0.3316927168371533,0.5604078228281129,0.5687377536772851,0.7186873981065537,0.6825319670990703
2020-07-01,0.6430928271067935,0.20845569297543087,0.4789724716559773,0.48268061527103884,0.6634495664554109,0.6236065654982057
2020-07-02,0.6478244665392965,0.2078581569886125,0.48394349349440824,0.4779428631018067,0.6581472299639323,0.6196757490868201
2020-07-06,0.6456570141235106,0.1968517835857109,0.4787686212617742,0.4670941081529576,0.6496085762615452,0.601611559411779
2020-07-07,0.6477279525700863,0.20673438202373248,0.4910013088225167,0.4720075230357569,0.655539104324998,0.6020984931753819
2020-07-08,0.6434469056284958,0.24638254085387146,0.5432260233133059,0.49256714016989855,0.6826106008859867,0.5940275583493188
2020-07-09,0.5654767573311836,0.2420367311460877,0.4830106886328883,0.5264979666885027,0.6462518639195484,0.625313413416633
2020-07-10,0.5674283496964156,0.2506134765882724,0.49313862061908376,0.5190999455177301,0.6395874857957295,0.6170341794637323
2020-07-13,0.5735759268705248,0.26280244399480024,0.5179284285808885,0.5218452560950003,0.6333270978807978,0.6108738171467359
2020-07-14,0.5794852525552501,0.2682470512487321,0.5433605088340443,0.5389658887795234,0.7004427842237351,0.6173623852900425
2020-07-15,0.5977370935963406,0.28118551471419795,0.549189043544698,0.5201464711135599,0.69679027523495,0.6091441505636235
2020-07-16,0.5568910670895167,0.23166036918487984,0.5133185927008364,0.48839969557029866,0.6742463058452178,0.5877875930764581
2020-07-17,0.5344740998554725,0.19328691068715992,0.49955110857188134,0.46875764480360543,0.6609558312569834,0.5772370852412954
2020-07-20,0.545893202072285,0.17847278162011476,0.514353871300146,0.4609477936200359,0.6674908519513318,0.562343150334162
2020-07-21,0.5510479835257344,0.1789577316702769,0.5148966896250575,0.45134363331468763,0.6709969486152997,0.5562030037250464
2020-07-22,0.507771898380453,0.17537116273051767,0.47930084744614004,0.4814759191533399,0.6732333268200049,0.5693128738675276
2020-07-23,0.5198642845450481,0.16353700924118728,0.48128028176115467,0.4249780684828429,0.6461879955206461,0.570602712417833
2020-07-24,0.43732777987645755,0.10094997297850052,0.37954856585683977,0.3989049764519136,0.6254905095265648,0.5491573482628624
2020-07-27,0.4453606235876319,0.10266471357103966,0.3682576966381919,0.40532375101728907,0.6448411467816212,0.5605680079780382
2020-07-28,0.4354352687467932,0.10753613283561216,0.33478223105734667,0.41807189490759367,0.6475779483082624,0.594689770814991
2020-07-29,0.43757131742213035,0.1637973390370347,0.32828950665893286,0.4383746082680671,0.6479435235056717,0.6099376058019902
2020-07-30,0.44582835910919744,0.16817526829470641,0.3238439808926003,0.44049085072885574,0.6375186467421994,0.6015450091848856
2020-07-31,0.31662198821422494,0.15817409343877076,0.32436024700881394,0.42270364508408503,0.49151243009488177,0.5964863041919577
2020-08-03,0.31405988274939617,0.16277835270529298,0.3264379648532525,0.4247709024488697,0.4925492943235175,0.5954605522526432
2020-08-04,0.29944650512920307,0.16647627724390773,0.3100397286062633,0.4162280480936121,0.4961489163924635,0.616529368340772
2020-08-05,0.2948144493253465,0.1811649555239662,0.3144823037940061,0.42400073692080015,0.4972008947120876,0.6188684834664848
2020-08-06,0.2840256040826811,0.15552559743915062,0.3003878874372505,0.40140781370507983,0.47864033887648977,0.6098600132359906
2020-08-07,0.28619767454441264,0.14606745897179865,0.2990345888429957,0.39466587743762754,0.4894188297121285,0.5992522296189662
2020-08-10,0.27937829828532906,0.13798245602961104,0.3124837956882844,0.3953021625893665,0.4781113194971873,0.5941685447848712
2020-08-11,0.3129550910115712,0.11022238440499696,0.3292034405671083,0.3637416884449336,0.49308110926864473,0.5793117387834533
2020-08-12,0.33711102091209494,0.1124008432533176,0.34398570093280495,0.34547396930241353,0.4868454307118238,0.5372036061700863
2020-08-13,0.3353783973523278,0.11537774850110377,0.33157404779491706,0.34035699404899944,0.5037175793247286,0.531800929408158
2020-08-14,0.33547793550040933,0.11311944918174648,0.33326529649835435,0.33415997757259097,0.5038700934191442,0.5318480969827075
2020-08-17,0.32754596408399406,0.10747869972405724,0.3279269559344221,0.3282008854422676,0.49283142914744427,0.5305621068380029
2020-08-18,0.32649786501052935,0.11183824751208302,0.32314839191210537,0.3271009821195847,0.4924434191749591,0.5243509607694576
2020-08-19,0.3206842904034802,0.16150475802716285,0.3414886812914921,0.3687567465297259,0.5036781493792757,0.5218180298303874
2020-08-20,0.3225072596892742,0.15932568678130543,0.34302582246553326,0.3565415242869148,0.5096404641046504,0.49609244422487253
2020-08-21,0.313245549732085,0.14171581510722417,0.349254431082619,0.3540407034409624,0.4857907330751503,0.5310031534284871
2020-08-24,0.31842628529763506,0.12401454325992987,0.3331848398347031,0.3608008329572966,0.5068497906607122,0.5270723327304754
2020-08-25,0.30788885639121655,0.11971366399969455,0.3488201487418074,0.3629023437994196,0.5132263352788822,0.5328222158600114
2020-08-26,0.30577250489127633,0.1226515598163835,0.35042543722487146,0.3643844400950814,0.5060574820668944,0.5334972840285452
2020-08-27,0.3141799799029579,0.14754998662654653,0.3812107857002996,0.3788122796820676,0.524329525453789,0.5102239748224231
2020-08-28,0.30993807390504885,0.15134927400266365,0.382024930449354,0.3736388688757719,0.5151995507422249,0.5163112700518764
2020-08-31,0.32896405009349977,0.15970898497374028,0.3776122112760867,0.36301331696718786,0.49127284629208906,0.49285246472954136
2020-09-01,0.3263127550601951,0.16393202435797505,0.3739009358503791,0.36057712789838076,0.5076460528358414,0.48851595248017143
2020-09-02,0.3207237151886095,0.18630026443793962,0.35462244197946335,0.357620346173172,0.47041844220409035,0.5214819523022273
2020-09-03,0.3983612682223695,0.2517068141842711,0.4245532264803001,0.4469930887460457,0.5615337909527314,0.5828025007812507
2020-09-04,0.3521550401451897,0.12794320612172655,0.36027527826781197,0.3704747145085621,0.5080769563859714,0.4737243926698014
2020-09-08,0.3786737081539395,0.15730914053584227,0.3817271738965513,0.41969828385790403,0.5460391392975014,0.49912483057367774
2020-09-09,0.3877109792964601,0.17597250311456586,0.3908686008026536,0.441138088965239,0.5625272478965718,0.5260880449905684
2020-09-10,0.4076311056430866,0.18932831358554436,0.4283575588473058,0.4423255969456319,0.5675418125437025,0.527805810835978
2020-09-11,0.41316528140395525,0.1748562602533748,0.42732564196346756,0.4309567392631617,0.5667876706731648,0.518765913230528
2020-09-14,0.41443426121130983,0.17301805917416369,0.43076434766132266,0.43613626763405033,0.5699853542730331,0.5278213410973395
2020-09-15,0.41400808410371065,0.1736914694195501,0.42852154543165233,0.43757553776652675,0.561296919447072,0.5251741720289338
2020-09-16,0.42477062001246607,0.17885977762820143,0.4366182370092876,0.43381017304023983,0.5664184156821369,0.5237458645426265
2020-09-17,0.4324795426178915,0.17800738930620466,0.43919284650436524,0.4407612548012458,0.570317346153109,0.5267239829239061
2020-09-18,0.4329517064522255,0.1534875827663045,0.4303073371876393,0.431334886829979,0.5637624785731471,0.5016284577031167
2020-09-21,0.4430095785154805,0.12038642312619871,0.4358460215913116,0.37451160062259414,0.5659624549829254,0.4608300811373268
2020-09-22,0.4285652474128856,0.11265974525368806,0.43200461653275407,0.3749278053068169,0.5681510127123421,0.4616531941668618
2020-09-23,0.44701231061227387,0.13399612889636436,0.44639190112893035,0.38016513792260614,0.5884454665289666,0.4891003526098839
2020-09-24,0.4478743032465979,0.12136881821214607,0.43469375713883524,0.3807685274956406,0.5927406106325466,0.47750146978515806
2020-09-25,0.4516618408182115,0.12218021925328025,0.4408476643487225,0.39474258250650124,0.6061450657152504,0.521958661732313
2020-09-28,0.4521965966414879,0.12721287357237224,0.44104553700510807,0.40301953522472816,0.6097195585557844,0.5307749203131659
2020-09-29,0.44617569837099097,0.11408038527341019,0.4401749029155314,0.39839360983195155,0.6035557099220054,0.5176452882281573
2020-09-30,0.4439058905186682,0.10575188598875555,0.4379909653111335,0.4001874057803004,0.6009800686326751,0.5066130800401482
2020-10-01,0.4454445516109758,0.10641208390027099,0.44425753074090435,0.3979987923072096,0.5967808317064428,0.5044092111628958
2020-10-02,0.4656081559899349,0.12154290940399304,0.4484280582201536,0.39270030787884064,0.6123898824846301,0.5049054495437075
2020-10-05,0.47635174959450144,0.14370612169250266,0.45042679512952366,0.40680410134881156,0.6181961967662546,0.5093338127737083
2020-10-06,0.48223304001116324,0.1269127202578365,0.43024263482408814,0.40155195582978287,0.6312006721664486,0.4981831431544059
2020-10-07,0.48284072020122315,0.13227952986472105,0.4317014211958935,0.40180518883364125,0.6311157951863923,0.5068925999517896
2020-10-08,0.48303780909483984,0.13494351391952383,0.43015141307791477,0.40326732545249555,0.6299855591183444,0.5023184511572927
2020-10-09,0.4665694242383761,0.1387082378466509,0.41199202569349985,0.39760557834120785,0.6308971351706022,0.4956521920971042
2020-10-12,0.45608664649569886,0.13926201492085633,0.41477569965945127,0.3894845474447501,0.639616259980307,0.49521620210879347
2020-10-13,0.4466234039382981,0.14892765427317917,0.4032811411142991,0.4028443671593417,0.6278511152440371,0.5203485666894381
2020-10-14,0.44480318310552847,0.14693828215914478,0.39596223092800914,0.39946143793433325,0.6233523865741707,0.5134325889597549
2020-10-15,0.4602129621826342,0.14270552581060403,0.3910490875005204,0.39820985017258265,0.6141788224588333,0.5129160331855246
2020-10-16,0.4461321230675673,0.1603794806113294,0.37443854354172673,0.4354163986171364,0.5851635865966883,0.5142323112308717
2020-10-19,0.5388762537199266,0.3144546364814778,0.5102877708938011,0.44349154595973567,0.5828505158507086,0.5030237316152618
2020-10-20,0.5421609622913458,0.3270475306219417,0.5241532973287738,0.4355643344729483,0.5742522549646545,0.48820120884782026
2020-10-21,0.5393585733239772,0.32789004970882113,0.5240094942379888,0.430862573487007,0.5706539096852807,0.47860673109106255
2020-10-22,0.5712446247511554,0.27647426408670855,0.5407053701377631,0.41755974282371877,0.5690486099123816,0.46397180651781905
2020-10-23,0.5607030183461916,0.2546866917472342,0.55258262943662,0.41794282731439314,0.5714416106890648,0.4696076658488118
2020-10-26,0.6477272979779131,0.2530626723377615,0.5471950134132975,0.3492362098479986,0.6321161711830332,0.49391973305744
2020-10-27,0.6309098356016914,0.265637905086812,0.5349466460903046,0.3342318423954193,0.6300399674549251,0.4849182136229812
2020-10-28,0.6794723828826209,0.26684524684806127,0.5852416699922217,0.3785751224326622,0.6529069378274405,0.5360581664858838
2020-10-29,0.6828537349780136,0.27320000661718574,0.5904388943230204,0.3885370842586003,0.6606579952308855,0.5374196124327553
2020-10-30,0.6885056878610339,0.2679596436397484,0.60129421127924,0.375192265282541,0.679733651237682,0.523816492810911
2020-11-02,0.6856634597520905,0.2549286662654586,0.5896435914721944,0.3646381802675888,0.6691439051487382,0.5326546850359231
2020-11-03,0.7030227385380363,0.2708971356975055,0.5909661873838318,0.36884781635124375,0.6824317102660195,0.548340883954916
2020-11-04,0.710752281401466,0.3194241813145619,0.5537425893216471,0.3915323730831859,0.655479964050737,0.573717731896136
2020-11-05,0.7108693892762625,0.3468326231746191,0.5687181305377499,0.4184062664875648,0.6652837315320849,0.5988141908964573
2020-11-06,0.7059468560203227,0.34900875398706066,0.58461019864198,0.42292756411935795,0.6605753181533045,0.6165246902756983
2020-11-09,0.709163666781839,0.3331639018353774,0.5685268646830713,0.41330716954763813,0.6536951160018102,0.6183525027828631
2020-11-10,0.690105996627339,0.3365809205250142,0.6023643263935937,0.41483916944089116,0.6291107229204987,0.6050138279808417
2020-11-11,0.6989231336103118,0.3444557096489074,0.5956452720646257,0.42799728389908226,0.6213911891225664,0.6148414402418751
2020-11-12,0.698595468964483,0.3374765583576761,0.5941039206673915,0.42526198115089614,0.6218473228575142,0.6130883769695683
2020-11-13,0.6959656486996314,0.3454407791311941,0.5836489227003439,0.43903670099674785,0.6131203512993771,0.6602173006718037
2020-11-16,0.7031650001526714,0.3502245187756278,0.5750457087230564,0.44707122820701045,0.6321272769989277,0.65468961168664
2020-11-17,0.7072042419769219,0.3627080097448267,0.5761626730469244,0.44454107824769745,0.6253345215900498,0.6507292632386118
2020-11-18,0.7241196494607358,0.3821347659337163,0.5829114522053715,0.4455299616942783,0.6257935806335655,0.6514886729478586
2020-11-19,0.7221112810446788,0.3862736646501032,0.5890270925830027,0.44850863411919517,0.6349306562970267,0.6541796657164236
2020-11-20,0.7223784767931577,0.3837250776280179,0.5845906511175011,0.4462832645294035,0.634828378576989,0.6533232112810929
2020-11-23,0.714426397785243,0.37855851694428716,0.5818798384005657,0.4334739215448723,0.6254816685223161,0.6506622408071217
2020-11-24,0.7036168989678522,0.3612521986671575,0.6146748990382053,0.43075667854525973,0.6418491936193003,0.6344152134017228
2020-11-25,0.7057143281772978,0.35028128613474196,0.61362720898513,0.43393454153592825,0.6210664050264055,0.5960736287516702
2020-11-27,0.7035025731381694,0.38503461753954743,0.6392597373019674,0.47068464684896943,0.6462635121402796,0.5820640981535041
2020-11-30,0.6545582704300432,0.2601826637027593,0.585402421134467,0.38956502479022553,0.5888042377852958,0.5033647485185341
2020-12-01,0.6454066643197823,0.2564298948648819,0.5910338542815271,0.3958517004518989,0.5893069228829781,0.49352799459011865
2020-12-02,0.626741312513047,0.21992847856587838,0.5649444493743181,0.34120040460743883,0.5482884263565202,0.4524270545491982
2020-12-03,0.6115610499348776,0.17904205959481986,0.5475125938106353,0.3038473241524709,0.5277579381071628,0.4204804640531997
2020-12-04,0.592680315373034,0.17218243736739133,0.5335366665279508,0.2828345010504902,0.5148196571072794,0.40733579472286313
2020-12-07,0.587296246846013,0.19384897160617295,0.5336784503624483,0.29436840818396337,0.5145835888143941,0.4146361271050776
2020-12-08,0.5802234743524095,0.1941265232122418,0.525545001395258,0.282799086215383,0.5149863861596174,0.4050793801145871
2020-12-09,0.5893077129256,0.21032348022994884,0.5351161717815052,0.2940225496430172,0.5284067734412142,0.4154190131360347
2020-12-10,0.5801639118698686,0.20608482668312816,0.5231197288804222,0.2896919504714153,0.5150766608367323,0.41174832303429887
2020-12-11,0.5810100408722655,0.2053921684586734,0.52471118412159,0.2863078444469975,0.5101649905311773,0.40872081303081087
2020-12-14,0.5594110841331603,0.18847982012655132,0.5326434383060179,0.29005028460590654,0.4903266399773719,0.38540910095301806
2020-12-15,0.5508700583640448,0.27639175428796386,0.5257455112795293,0.4064423499440425,0.45913292690576457,0.3971707103317315
2020-12-16,0.5555383820082123,0.28113019814578377,0.5227871865735334,0.4033943752087034,0.4556872012552475,0.39112946155158734
2020-12-17,0.5303430391317728,0.2570495044668517,0.49343251023882323,0.38340766731214654,0.41957626746151644,0.3738867501109828
2020-12-18,0.5325488837759655,0.2638105841574458,0.48313056310017477,0.39325751099555295,0.40211115966930505,0.34776379383423645
2020-12-21,0.5047658651383968,0.2776951334522649,0.48208693844184314,0.38559631876755984,0.3701243132850968,0.3591018922468817
2020-12-22,0.49155858621903026,0.2709413349241797,0.477434024065432,0.35108288711984503,0.3633027278606612,0.3448174050526524
2020-12-23,0.5070095099526067,0.28920450597409264,0.4883437426022526,0.3437192117344568,0.3669224138204001,0.3405062759773801
2020-12-24,0.5081127509215969,0.2893064191639196,0.49026942063041207,0.3462830437370702,0.37533820950362357,0.34021100335557447
2020-12-28,0.4957703979697648,0.2919006444373592,0.48885415916889396,0.3402699799551685,0.35306157957115414,0.339287562048207
2020-12-29,0.4779606787462848,0.3040938036243808,0.4648103038965666,0.3577763230227481,0.3200002321849761,0.3587772392401956
2020-12-30,0.44723242327959095,0.2635535282172362,0.4619177302740898,0.32949047167478196,0.3129240309662081,0.3524015529157541
2020-12-31,0.438060732263816,0.26559247293882005,0.4516795727646056,0.33597129226228,0.2986983621813165,0.35244552013226527
