Date,00138001__00107801,00138001__00141402,00138001__00116101,00107801__00141402,00107801__00116101,00141402__00116101
2015-03-30,0.23724845730647406,0.37530392680413605,0.24791440438649823,0.5843649984582101,0.1159356239677069,0.21347518054640274
2015-03-31,0.24463752781921386,0.3791952322193602,0.24844196760039525,0.5798608231627194,0.12040901356625001,0.21613481663468945
2015-04-01,0.23767289104885095,0.345861600357457,0.24626655114015092,0.5855923142520769,0.11844140837749337,0.21178630497662876
2015-04-02,0.2275655975627583,0.3334596153502486,0.2432085421078172,0.5718756112838104,0.11339759169284237,0.20703988763261105
2015-04-06,0.22912602128152237,0.29674914023851395,0.23439409628213773,0.5681157221296805,0.12041716685026724,0.20793233300979105
2015-04-07,0.19751797686020395,0.2724489515655249,0.23144611810034021,0.5505910492144367,0.11491242796711135,0.2044097778731897
2015-04-08,0.19025459690613625,0.2642149392973796,0.23150958236467906,0.5489693100439865,0.11917727152635635,0.2085296487467205
2015-04-09,0.22197027528426294,0.2478967647632268,0.2379260985730062,0.5605558006198644,0.12037769691286866,0.20915615139473337
2015-04-10,0.21069407310248883,0.21604769582697203,0.2441124623473961,0.5386722068460508,0.13522263929862727,0.18118681172657375
2015-04-13,0.23166950478595927,0.24653789565294243,0.25234136265283436,0.5343652795241348,0.12615729101394435,0.17441746825074889
2015-04-14,0.2236020812426514,0.257055905506386,0.20467803802327067,0.5272215415292084,0.10646422011564315,0.13127214551348199
2015-04-15,0.20160565260735738,0.27252818521500316,0.25189421234994963,0.5086048734365164,0.13695220108040926,0.18277483510112846
2015-04-16,0.19900348499491444,0.26619954152076747,0.2356196553123864,0.5093843425610562,0.09736729187754513,0.10330673701061399
2015-04-17,0.2137704474559243,0.2761533631488821,0.20213066533492188,0.5137537210406312,0.14346841299063193,0.15427329829486125
2015-04-20,0.20993402609268494,0.2712716795388455,0.1981253211285039,0.5121376646183667,0.12831521905716234,0.13093321987937728
2015-04-21,0.16076283745639416,0.26010712872055164,0.23451028651912434,0.5032916152922505,0.09854225614186175,0.1286948790145319
2015-04-22,0.15723183656654108,0.2521883528217451,0.2217485082770333,0.4480823559271319,0.052655634488294176,0.12369114524386539
2015-04-23,0.15743522745902783,0.2515034822608469,0.22752693158484882,0.4451538680058036,0.07314427900555424,0.13149610032015457
2015-04-24,0.13287663787436124,0.20329782520069312,0.21382377496357785,0.4381283574480102,0.06752159717957386,0.11975871831403435
2015-04-27,0.17826175766911856,0.21651030324472922,0.21120630872784665,0.4290228531678754,0.06975764418551883,0.1122359673625646
2015-04-28,0.21219861037511642,0.2910982891460642,0.2170591986411086,0.40593739774252374,0.06185562014429396,0.09406314583587012
2015-04-29,0.17180514915031894,0.2443566685188751,0.17884203751626646,0.38632540930026144,0.049075226477515964,0.060639643040642725
2015-04-30,0.15530987443888425,0.20931113605795174,0.14991533615635474,0.39271104058193007,0.031866364216905814,0.03164854202878001
2015-05-01,0.13303885535876545,0.20287008024298364,0.14916044414827193,0.4104513394613153,0.06510919660164356,0.03287032606443967
2015-05-04,0.1085780739427631,0.18721755383236163,0.08977472593934846,0.40053195271677544,-0.020680143828402272,-0.06268246685240547
2015-05-05,0.11115659829921892,0.20039204842773617,0.09042386179772632,0.4147959020480863,-0.04180818986309183,-0.0007427940785850962
2015-05-06,0.13534372574769066,0.2312233256522426,0.08978783852460205,0.35922556074278966,-0.03556796642845913,0.014714723411724792
2015-05-07,0.1505462549628982,0.29674439738732594,0.081544963569428,0.34528658867560974,-0.04022837305130054,0.0031727565497243625
2015-05-08,0.16984902245728234,0.3054466028656089,0.08160165968011886,0.36511049026330755,-0.03805662037345993,-0.0022683049555053737
2015-05-11,0.173415766344443,0.2933116868185467,0.04386316237919669,0.36278821067806644,-0.050122494523080284,-0.005234748940691199
2015-05-12,0.12660448947130387,0.27262034933508505,0.025435036384516815,0.3407551475209272,-0.07678016569802541,-0.010598444621672688
2015-05-13,0.12493858308068169,0.2684863514991633,0.0190065519784436,0.34405662984228547,-0.07526342071774478,-0.009672463874971456
2015-05-14,0.07915228228710473,0.26086418048281373,0.024190100750390128,0.34424914062571743,-0.09700836416557754,-0.017857900177123517
2015-05-15,0.08143729486140612,0.2502603979415376,0.023607219532479417,0.34107881404052487,-0.09660475078233888,-0.017908341639678
2015-05-18,0.08281229352522103,0.2409034587900907,0.016590013482539242,0.3567914741592322,-0.10132620195558817,-0.007982420636604275
2015-05-19,0.07637090863775764,0.2470386993842902,0.033764947903276415,0.3491617637098927,-0.10422776276759273,0.007634251531228366
2015-05-20,0.07789504522155188,0.25290347710673244,0.050923938859874666,0.3497199203459809,-0.10472827546257926,0.01298970447071799
2015-05-21,0.08073892811093271,0.25066056839734074,0.046930786809111356,0.348625635048724,-0.10705756124268956,0.014742356689974373
2015-05-22,0.09365388895283233,0.2700582963160929,0.04369959521822092,0.34930279452700663,-0.10850857703618254,0.014215729594953038
2015-05-26,0.11027150630758147,0.27969976395450635,0.06474524036780215,0.35582899989215716,-0.08928440122498707,0.02426505460071174
2015-05-27,0.10651120746061621,0.2873569521666929,0.0829358538014744,0.37164786842417974,-0.06340769486771558,0.03183490982557759
2015-05-28,0.10976115733812383,0.28704951816296004,0.08794150275390432,0.3674741302822676,-0.06720527035836303,0.03028436581131517
2015-05-29,0.10319711867481622,0.2854728937334848,0.09663849003391571,0.3823888274509054,-0.07903558596122139,0.008724715209251844
2015-06-01,0.11114077676996847,0.29160375217590623,0.08843644896413999,0.3773292564138254,-0.07276697932227118,0.012196232747862175
2015-06-02,0.06137464983412871,0.2988989659757909,0.08101945278697856,0.3821183952098603,-0.09839850878016823,0.024012297708893536
2015-06-03,0.07128401662343037,0.2938824290440781,0.0866990929155277,0.37799581610832,-0.10093794085367613,0.02115815909929522
2015-06-04,0.05256808015940923,0.28468361661533126,0.07776303307629322,0.3630393091645205,-0.10928386335430493,0.006320325783892871
2015-06-05,0.0517479951020183,0.2790546014989175,0.0844412662418324,0.35030546749348307,-0.10796309951563254,0.021560044105268444
2015-06-08,0.07744156008868054,0.29508476474182854,0.0766633768810588,0.3205072435909739,-0.07608507455463241,0.04622184716831793
2015-06-09,0.07517552595380957,0.3073746188548493,0.07415002234687512,0.30250565940672575,-0.07431632441132675,0.04379036122666633
2015-06-10,0.06720659305197042,0.29492345449457547,0.07371223461205388,0.29063311372855405,-0.07847884263073564,0.06317649900949818
2015-06-11,0.10008768566963057,0.2585693897615121,0.07707493982273338,0.2861574578414282,-0.06982189211234137,0.06249065394496374
2015-06-12,0.10387370761584284,0.2695300009883848,0.08163982885255139,0.2914902660100572,-0.06653301512277819,0.060611955398940744
2015-06-15,0.11410589924341213,0.22932450849089409,0.08129828463010136,0.29980748026497617,-0.07187986130036729,0.059842875125320126
2015-06-16,0.13554076077041324,0.2467650918646879,0.08562860692420139,0.3260359676405069,-0.06302752838878987,0.039899865465292964
2015-06-17,0.13558289112562014,0.2539747403658408,0.09021435224426451,0.3271286601966863,-0.05476866056789687,0.08044962075428473
2015-06-18,0.12294203182275519,0.2533679795895021,0.0890979840736914,0.32347114686523987,-0.022705984273731602,0.08322013154409975
2015-06-19,0.1422827557021733,0.2709826514344885,0.11684912823780988,0.31538581261009846,-0.0717053836162374,0.046242296422481496
2015-06-22,0.14235850898561128,0.27265937096414583,0.1201005266806753,0.3170341533760753,-0.06882653939988868,0.04614516773152076
2015-06-23,0.14635001810374973,0.2694958069117133,0.1440582102196116,0.3189691046805776,-0.07755578679703636,0.058777868269044214
2015-06-24,0.1500804390309864,0.25900865681842844,0.14660402629243371,0.3160260962358899,-0.07714137995069777,0.06415692636563368
2015-06-25,0.1429329201117833,0.2539511738751895,0.1527618732080233,0.3149150961460998,-0.0825746577404001,0.061828509563348164
2015-06-26,0.17109258985156542,0.26157404247944593,0.13707628455171228,0.3235481136522912,-0.11124596885741891,0.041999739308712446
2015-06-29,0.2038794768686447,0.29175880782928126,0.17194298194890756,0.37435333624906797,-0.03596602664945612,0.11097607999218588
2015-06-30,0.20591515987471012,0.34064865964069024,0.1711776436552371,0.3777539243167452,-0.03590538313341001,0.11565483234208389
2015-07-01,0.18613738657759904,0.33406446197811157,0.160668285810323,0.37573550210385964,-0.03037044788406736,0.11676386006983693
2015-07-02,0.18927123576415783,0.3372978706017118,0.16808764739814536,0.36953513238605323,-0.04189607478662027,0.09091075323888684
2015-07-06,0.1714025187456175,0.3544750604612946,0.18009453646495918,0.34931909080660306,-0.05194019331635195,0.10932242059899087
2015-07-07,0.17771804921119957,0.4090714066818467,0.0831462321947829,0.3746280034860684,-0.10687545204160416,0.16296706217713136
2015-07-08,0.18638205359910545,0.40596291009118274,0.09257317497343798,0.4218152785241751,-0.0629211880982412,0.20032362519041944
2015-07-09,0.181942263272366,0.37897281330237126,0.1249391669025005,0.4222760725741607,-0.05774115584806071,0.23372614609624287
2015-07-10,0.18252732846717706,0.3086443280889083,0.10960632681966194,0.4220750037155869,-0.062110788330342746,0.22595560945067159
2015-07-13,0.1862088181925733,0.31872213499944096,0.10786729834202255,0.40190307455033764,-0.039270321899187,0.3141459520858114
2015-07-14,0.19276271800950084,0.33269422149780586,0.12253936047313523,0.40511788432504586,-0.055782529260504504,0.32821880442199464
2015-07-15,0.22092533360661323,0.21286680494540017,0.15775957663665438,0.24595547553077782,-0.0026774851533852436,0.23962577879784508
2015-07-16,0.26005806901051154,0.21531759732207872,0.1038797383614036,0.2541217792001115,0.005124273194561558,0.2254869522578044
2015-07-17,0.2456988697355745,0.23063213315049438,0.13546419897681256,0.3059591583756431,0.038007133919640806,0.2199070646054627
2015-07-20,0.2311368620098972,0.26074127053574964,0.114044904053408,0.296487267088251,0.03715723085752162,0.21270910073072968
2015-07-21,0.2313996480409579,0.2597016401021688,0.11234943560587644,0.29330877182307624,0.033998608969856806,0.21265522017990338
2015-07-22,0.23728787630547638,0.2690044203302771,0.10959884681962928,0.22748432811814323,0.0521427129835187,0.23411937639359057
2015-07-23,0.24246935481311538,0.22905609664291302,0.11561905314612725,0.2215900121095714,0.05035707193125333,0.2492827846543382
2015-07-24,0.27408384127902946,0.21934438812952836,0.13747132940620807,0.2187047260890247,0.05564979880425426,0.22275354059074473
2015-07-27,0.2701549140810501,0.21134831602529444,0.14410912480023708,0.18105294011695436,0.0642204537033321,0.23195376210188273
2015-07-28,0.2754872254646014,0.2522807992071351,0.26178855440146526,0.18263986655489278,0.07057942795471057,0.26452433707657125
2015-07-29,0.28301836067971003,0.262139524425433,0.2754496877843582,0.18272506592966026,0.06853508988782701,0.2973108557910459
2015-07-30,0.27248300876434733,0.25905530026960255,0.26944935773007944,0.17219916732987295,0.07035410297161224,0.2921715164479803
2015-07-31,0.28710566952913524,0.25715286953084476,0.2640436669806384,0.18630514913565818,0.07282713600798804,0.29040190022690165
2015-08-03,0.29186822924102473,0.2536758518774367,0.16684815088847768,0.1857872400785638,0.03589859791052117,0.2535840560104069
2015-08-04,0.26774268769092346,0.24395182790448566,0.1679823361040686,0.16665164533076554,0.042233324014616824,0.25629086017090186
2015-08-05,0.25535291631408497,0.26247103525698284,0.16474847098953097,0.16728019719622128,0.04253211714955953,0.2504232728115365
2015-08-06,0.24336728911035857,0.11491718992947474,0.14976447379747443,0.17131868712640172,0.049721037894345795,0.2447090449544793
2015-08-07,0.24546260284368335,0.10706007392433334,0.15633395392947733,0.1641947947896878,0.05286129523254393,0.24018693081589762
2015-08-10,0.34139806355241104,0.14532272580928246,0.04980710760218606,0.1723993062579315,0.04590723600694779,0.20814967240073984
2015-08-11,0.34442474430948933,0.15259051244714333,0.052179932030211554,0.17257396096401695,0.04930141920336114,0.20851115068416887
2015-08-12,0.3164702958192872,0.1422110837794915,0.055974501631867096,0.17480743062639714,0.0468959247478016,0.20521471766222535
2015-08-13,0.327357626196093,0.134687366064065,0.05691335218323717,0.17825844951350667,0.06327441292722669,0.1972588123323736
2015-08-14,0.33235203029012894,0.13706411950023836,0.048830159566058136,0.19100155633858207,0.0709793923893362,0.20728861135330232
2015-08-17,0.3290864239650396,0.13284229886776866,0.052849743469378326,0.19647577222307266,0.07114629955753903,0.19001074036585594
2015-08-18,0.32350921790183984,0.13632077316799104,0.05439655727062051,0.19170547499659593,0.07250107584072087,0.1907389457848016
2015-08-19,0.3420295340606255,0.0896534138690762,0.037872858383371434,0.16240578770092,0.060941422347317004,0.18584505694248507
2015-08-20,0.35805016621892627,0.111102463417105,0.054047078611216645,0.21908141448118623,0.10381597103688589,0.20740932747435173
2015-08-21,0.3601562948064079,0.11913091334232759,0.041296215639331744,0.23994822257137538,0.040868784049732224,0.1907326212622649
2015-08-24,0.5570138756506066,0.19581516933526658,0.054536028932720984,0.2874537978933356,0.060962266378796266,0.19924216008735726
2015-08-25,0.5697509367563321,0.2056713216654647,0.06763092583493992,0.3091231735389353,0.08417937409489809,0.21425676151486872
2015-08-26,0.5905112695901253,0.23925598307470602,0.08362363267947137,0.3488391410982514,0.10945074353022034,0.23183010595014014
2015-08-27,0.6492817685360233,0.2016790485932657,0.12994551416800856,0.32637428059616547,0.1406594601686904,0.2304764311333752
2015-08-28,0.650554662151664,0.19703433469444792,0.1526361113642745,0.3250821748417229,0.15116059380834135,0.2376487808608735
2015-08-31,0.6080954980293685,0.20031634786175617,0.13856860644997762,0.3212858874702897,0.15703578624557415,0.23521208390965365
2015-09-01,0.6316260537917403,0.2145938377231874,0.16420607815245966,0.33215399780477844,0.19310424204903906,0.2451956752147822
2015-09-02,0.6350751204119028,0.2168056570904273,0.16982096071958186,0.3419669144337351,0.2049628361412755,0.25399191807962196
2015-09-03,0.635426999514574,0.21784893770612188,0.16912573107999485,0.3355888336215843,0.20206033535157175,0.2517082857301465
2015-09-04,0.6368020173848785,0.2446832410891127,0.16716641793379788,0.3517134454506823,0.18830715764694803,0.24563023445024637
2015-09-08,0.6301590373646272,0.24568510442365346,0.16979805240263526,0.3821970659130719,0.20344789968337032,0.2623547598865665
2015-09-09,0.6382205547300333,0.23003109457542673,0.17365244691707082,0.36552488942881267,0.2090094828771321,0.2584596712771147
2015-09-10,0.6356716656582116,0.20529798483535555,0.16835643339314324,0.357892468893935,0.20627843543797367,0.2537409395055634
2015-09-11,0.6184438669494065,0.18432670660333791,0.12037098629298897,0.36159218112948677,0.21424843771579524,0.25888236269401965
2015-09-14,0.6345004801325704,0.18640080270673362,0.12370492736464354,0.36283268563831156,0.2052964757493247,0.29267522714498506
2015-09-15,0.64021414369289,0.20816121556494815,0.1331490355580496,0.3844387561277891,0.2124782416635933,0.305537743589418
2015-09-16,0.6300807163732707,0.20723139126029974,0.13974301598031036,0.38484338855292605,0.21187556049109518,0.3062558617433342
2015-09-17,0.634361860011017,0.20174947941621996,0.14072374586624886,0.3756437737429701,0.2121126833209792,0.30435819776619777
2015-09-18,0.6429303707132166,0.23275124280719925,0.14296126165099718,0.39337551607942256,0.21354845178507395,0.3018399343930473
2015-09-21,0.6436668672510697,0.23352599995147408,0.14033983427856217,0.39354250626823856,0.2119278929912197,0.2991158173119208
2015-09-22,0.6466586664308406,0.23961350295496625,0.1555069670289187,0.39988293568230476,0.23783504551773532,0.31463755713080455
2015-09-23,0.6431039689602234,0.2311121364303501,0.1481068538577422,0.38693878972310297,0.22540614617415913,0.2997619327764877
2015-09-24,0.6418981760202279,0.23187534824058284,0.14802662775560885,0.38363867550380343,0.22215000121602826,0.30191411088809345
2015-09-25,0.6365632767301818,0.23588409625020798,0.15175275022229667,0.3634040621110275,0.2170188187997919,0.30076047853496973
2015-09-28,0.6526853671339943,0.2486478030121781,0.1562271861898629,0.36932789207919914,0.22732785795975036,0.3165647259696504
2015-09-29,0.6614726547619479,0.24189532893487142,0.15366311857970996,0.3858137494735711,0.23422839185196537,0.3139917250398365
2015-09-30,0.6698325738114859,0.2783719963473691,0.21986583800860804,0.41254217988455144,0.31435164071328103,0.3321821379717991
2015-10-01,0.674106959209073,0.27581610338401447,0.22023712618320987,0.39418081376060604,0.307947192937899,0.3160856817510915
2015-10-02,0.6770408534224011,0.28250796770896147,0.256987187471302,0.3986338090768262,0.323090247976074,0.3228364992545048
2015-10-05,0.6741703882295315,0.29162068207315817,0.24100416889242363,0.40805872799212156,0.32825952069865655,0.31689787385849766
2015-10-06,0.5765692009911781,0.30296918200965745,0.2459824080485503,0.3767608621137063,0.30655980878642286,0.3198692173304071
2015-10-07,0.5808887391426049,0.31133535211120456,0.24560358998195841,0.3859271539948869,0.30170761961105536,0.3072826744294546
2015-10-08,0.583655396566574,0.3507979664719651,0.2512956131748596,0.432861334545425,0.3013405704538368,0.3610673956960151
2015-10-09,0.574533177945387,0.3542190082303624,0.2472665570030993,0.4169653705330403,0.3207843257583467,0.3665543441704482
2015-10-12,0.5800252274879104,0.34437882260519986,0.25246043058831985,0.4180286615399193,0.33052744265614936,0.3551503899823553
2015-10-13,0.5887838580854892,0.3298617206090457,0.2564415625163414,0.4328305998233569,0.32135645317584305,0.3496666418849055
2015-10-14,0.588604985605941,0.3267020376216775,0.255811585855037,0.4285778566103966,0.3205029225188196,0.3370467788741365
2015-10-15,0.6058757765000907,0.3276724957773715,0.25655979495049475,0.44713642254401603,0.3287307318644614,0.3367841729568431
2015-10-16,0.6009848482121493,0.3318043058010464,0.25934673640432676,0.4534422336642334,0.3269318908350024,0.33315768022244435
2015-10-19,0.5987011069969961,0.3377454545696277,0.24069636409191392,0.4538044004327361,0.3309001715594748,0.34406745734546806
2015-10-20,0.5957106522751952,0.33403337569905417,0.2353593398558276,0.4532892459452146,0.3294642748020679,0.33974595337156294
2015-10-21,0.5797312443298951,0.3309255328814495,0.18988169077785358,0.4380559154609969,0.3348062057779337,0.31403469846964843
2015-10-22,0.5925794452562578,0.3434002095988365,0.19761855926587496,0.4515642491064947,0.34611421584008134,0.3052474563715148
2015-10-23,0.5921030203062593,0.3278613535070453,0.1958327737788767,0.4466042083494118,0.34676306945471164,0.3212280899249754
2015-10-26,0.5849842772306847,0.3397728956386713,0.20863547088287782,0.44082711896020915,0.3432682558348109,0.3302275109883158
2015-10-27,0.5727638727637544,0.3518066096245161,0.28881258453925013,0.42850308976090806,0.39274813327242863,0.3804428086199735
2015-10-28,0.5682918776832249,0.34187411702947196,0.2896048566601565,0.44793000675360967,0.40037071253148254,0.3806305647052184
2015-10-29,0.5642616594180327,0.33882268488707923,0.30382108693817167,0.44254677148592614,0.39006692450595093,0.38927248319647123
2015-10-30,0.5653462149785783,0.4225996747870191,0.3120649386159209,0.5002767766737513,0.39123053892209525,0.3955529384733645
2015-11-02,0.570620541138223,0.43771059847384036,0.31947317987885193,0.5092517724540838,0.3985250533012131,0.4095463898832701
2015-11-03,0.5607880158863132,0.4306646285311683,0.4231779877272638,0.5066659587547185,0.4434067197140094,0.4524618821106409
2015-11-04,0.5593757563177251,0.4296276045713006,0.4141502672013812,0.5069839038959941,0.44321141703650846,0.4515581354801348
2015-11-05,0.5633238295550343,0.45280050146622386,0.4133566144731268,0.5023688566255657,0.44291123417818695,0.44522481485574866
2015-11-06,0.5637305157916783,0.44842892764363296,0.4069153931518031,0.5048722649646389,0.43894539564065627,0.4144349508076026
2015-11-09,0.5658354968254836,0.45269226507776367,0.4104679430645391,0.5062299006971283,0.43946874956363663,0.41491650264399543
2015-11-10,0.5687072270606061,0.46406241584837454,0.3930506643739,0.5098895892239809,0.4142632456638037,0.4193258680648528
2015-11-11,0.5728316242003004,0.47091049692887027,0.3784919554212041,0.5150104925584713,0.40360511385941805,0.4075627573975322
2015-11-12,0.577470600314922,0.503597385153061,0.39326650897763965,0.5306213999137823,0.4135139904217618,0.4285769600193031
2015-11-13,0.5732031719785575,0.498660357226847,0.3852791289640102,0.5148915949173154,0.3926556456729935,0.39955465107379423
2015-11-16,0.5806294731998289,0.5026363527302036,0.3990972212904586,0.5147260879095341,0.43330546496128997,0.42273141211594445
2015-11-17,0.5029627463778227,0.46996915048915394,0.39707257734719115,0.49121182323277657,0.4526744362543902,0.41660902711007913
2015-11-18,0.49839480384898416,0.4641499489193793,0.3873496190784676,0.4863472922373281,0.45867287055914896,0.4051631062216237
2015-11-19,0.4894916020877914,0.4581127643166624,0.3750173089376091,0.46704104996948737,0.44577230602581186,0.38802663127461523
2015-11-20,0.4182245770713801,0.5172688139077705,0.33709386504982114,0.49643363452006023,0.43279990504766547,0.3894625028337148
2015-11-23,0.41396328289980294,0.5267187288338168,0.3223434512858399,0.502129935024128,0.42813567517111173,0.39668682910696107
2015-11-24,0.435747857837031,0.5289459500198457,0.3784275980288426,0.5070479725635013,0.41197436075226374,0.4001117368000817
2015-11-25,0.3981863691555698,0.5175945230885849,0.3410912362108688,0.49841597165122054,0.36343121127999684,0.3868392753883823
2015-11-27,0.3926688571813537,0.5066132844419408,0.3508617123381393,0.4947977065294463,0.3517681012283178,0.377486142203004
2015-11-30,0.391762889035735,0.5073285489326266,0.3507772811668759,0.4974866033496611,0.3475617646622664,0.3748932136488254
2015-12-01,0.38303707200188514,0.5022316259525291,0.35471541567332504,0.4877026525179654,0.3589998262981135,0.3810445798272725
2015-12-02,0.38823722641524105,0.4697826220418,0.37630195444769055,0.45695548889816456,0.3485392754460482,0.3457678545636977
2015-12-03,0.3853685625986185,0.4923274934037804,0.3755173522123638,0.4858141853003944,0.35053500336025695,0.35957755594925556
2015-12-04,0.36107878201565696,0.49074847360071505,0.36710968929608306,0.49279814848117126,0.3572883948053804,0.366400528743557
2015-12-07,0.3599022586225293,0.5082805283534187,0.425045452449761,0.48964293582023594,0.36725190774762695,0.35305409806365373
2015-12-08,0.3571661347850482,0.5158951959010093,0.44048572384195,0.4887882277525372,0.3813544765247621,0.28292023979706626
2015-12-09,0.3488857738591528,0.5092391875846434,0.4341970539089188,0.4892302981809913,0.38278625311092596,0.2843633364250679
2015-12-10,0.356138709223529,0.5082567805877326,0.4332759782019882,0.47999977119320797,0.3871182827685149,0.2600483859632063
2015-12-11,0.37973160892397384,0.5355028518430283,0.45487619041607447,0.5146341830414255,0.4109164275662056,0.2986341177683634
2015-12-14,0.3537804214192051,0.5108963987394102,0.45177870248517016,0.47912964689701126,0.3989287080703751,0.2955908447023308
2015-12-15,0.36838940601281345,0.5198287567741054,0.4535757430460204,0.4876166113943621,0.4016132229425923,0.30276659072001094
2015-12-16,0.3483145875577807,0.5150083650586785,0.388860461509674,0.46477898707479043,0.3798755481959328,0.23310025027460068
2015-12-17,0.3613361124865158,0.5176813377632439,0.37473721289904116,0.46901100638245286,0.3702474627534058,0.22553298848778852
2015-12-18,0.366389055781668,0.519577532286786,0.380401594546207,0.5105866618298105,0.41293070828138634,0.26729795023585684
2015-12-21,0.3720461840600249,0.4924728484967441,0.36471651622478507,0.5429548513232243,0.4139624279372675,0.2866407005501637
2015-12-22,0.3316834420827156,0.49156952349358995,0.35766392175812756,0.5518857108331598,0.38156430604079794,0.2974626970365997
2015-12-23,0.34679270989861677,0.48601400563937025,0.3580143109286309,0.5530155612165872,0.38684258582558406,0.29998237295680713
2015-12-24,0.3306254034340758,0.4572099948629892,0.3396006881628261,0.5367991687373851,0.3758185702211645,0.2945429754892511
2015-12-28,0.3268106610255011,0.46454879631653073,0.3227767359542536,0.5424914322000096,0.3731961751946654,0.28735385108354133
2015-12-29,0.3097804563819335,0.4643793952129012,0.2847384067146468,0.5374691340376443,0.35025510182399594,0.2774496836342912
2015-12-30,0.3301455053839375,0.4631032110585721,0.3232222390886953,0.5462872476450316,0.3557907409066156,0.2951319423196401
2015-12-31,0.46621072273288344,0.4406310587367293,0.3105446281163907,0.6246723499348253,0.40029199775254914,0.3154855166562471
2016-01-04,0.42391872311393725,0.42384929696148127,0.3064097898167441,0.613650995130487,0.43200127146341594,0.33310756604591624
2016-01-05,0.4126300381738166,0.43701901890467487,0.28372414321671724,0.6138992939356737,0.4239795640814137,0.3290247861013818
2016-01-06,0.42529266694576867,0.4802656391597957,0.36975278910865744,0.6286790285836789,0.4201112546019558,0.39426309660081205
2016-01-07,0.437794793916688,0.5072949713647725,0.379493065781924,0.6537504870062317,0.4540336737860122,0.4647978160865663
2016-01-08,0.43632275410847354,0.5121667982312327,0.3614684396549394,0.6163713061925309,0.4943621284191495,0.43354991959653516
2016-01-11,0.42645659071657144,0.5073111309387602,0.27222740866936773,0.6185109923941816,0.4757393756169121,0.4333769658255742
2016-01-12,0.3569979298726623,0.48058091431673006,0.250286117018237,0.6271191690013386,0.48770557691715904,0.4347528898592153
2016-01-13,0.36854478026416226,0.48646806757238675,0.2644413196240753,0.6525922686015373,0.520802823981762,0.46681226195937614
2016-01-14,0.39226246635191825,0.47704655508333726,0.2523428790648062,0.6435979465877321,0.5035560251767741,0.46938329653145855
2016-01-15,0.40921865556562886,0.48307393554823536,0.2743556306174845,0.6484191542721696,0.5143231268856642,0.4716227901855877
2016-01-19,0.4109422155599615,0.45552296318459695,0.307122307724092,0.6592947481146628,0.5064508259419803,0.47695138983487856
2016-01-20,0.3840183624952053,0.43162543373926976,0.3222900241853165,0.6456386598342068,0.513505680643752,0.45301861473379973
2016-01-21,0.32413308658400686,0.37322009930226485,0.4317641330517403,0.6648289093824846,0.4103104809475524,0.3407085539741805
2016-01-22,0.33967497329972784,0.37900633496403935,0.40987348574189575,0.6671900860153873,0.3945474200364428,0.27264990697302427
2016-01-25,0.34570617659188785,0.43345326097361503,0.3156761222494868,0.6743360379923472,0.3814302911865038,0.2262361087960222
2016-01-26,0.35068756247328114,0.4460790291214332,0.30675167992116403,0.664874444553464,0.36907638951507216,0.20085600479591442
2016-01-27,0.3651165505481005,0.39208935560065783,0.31438620402434336,0.6563596279570317,0.3834267306241686,0.18667078856379116
2016-01-28,0.03001420827736165,0.4116488254312916,0.26442536209741213,0.42773156563040754,0.3422931051726161,0.17506504570102194
2016-01-29,0.06589354631610321,0.43132176417535917,0.28199021447346556,0.44808345148693907,0.358600937561727,0.19358816548901012
2016-02-01,0.05505493205025247,0.431551998395291,0.27012148644930856,0.42705239348962926,0.3441453119027261,0.19607334491153605
2016-02-02,0.07060524550316949,0.4599356596265665,0.3022236292748953,0.4318553414530496,0.3510091183509426,0.23854699752593755
2016-02-03,0.07927341633033416,0.38521489147464866,0.32254621832806296,0.4282470082900621,0.3532957796301774,0.2283195663078262
2016-02-04,0.07612274561061322,0.38812090165052193,0.3277183558871319,0.41814800840054134,0.36091940371961495,0.25145163471142995
2016-02-05,0.10208160121257123,0.35868564623610133,0.35424356898680137,0.413571471438345,0.3661008276968528,0.24597406321260373
2016-02-08,0.0973110927132612,0.3441435903905598,0.3549002550724787,0.40384392217078907,0.38320503843008114,0.26282154439157707
2016-02-09,0.09276570351063068,0.341420748942308,0.3603063001360204,0.4013847811803562,0.39231426237531647,0.2691856013707756
2016-02-10,0.09096031341032151,0.3399905365998505,0.34906370989902863,0.3900724234559073,0.379089564358108,0.2513610216097022
2016-02-11,0.09178702950334969,0.337077946496184,0.34901692071449875,0.4033920055624806,0.3710351614490265,0.24399131050391845
2016-02-12,0.09018897349934976,0.3203350760316122,0.34407095578263985,0.3818184955837548,0.3630740143092306,0.24671262785422846
2016-02-16,0.10237303728304806,0.33180366389347893,0.34305061728245,0.40854106965550324,0.3579229179010624,0.23816120810480287
2016-02-17,0.11019792719948593,0.35491818793856417,0.3492803024158784,0.40596204426500987,0.3431923164688233,0.23541039891389046
2016-02-18,0.11071358286335964,0.35574664913276915,0.34802325370484877,0.40621622570876714,0.3429580858724507,0.23546280722943105
2016-02-19,0.11537425351458415,0.3583136705325424,0.35520012990830396,0.4090107956900738,0.33881527323359484,0.23399276567171354
2016-02-22,0.13552749312188195,0.36744702780917343,0.37209240866860743,0.41462052898789126,0.3517754015944439,0.24391006416394012
2016-02-23,0.1509516440972961,0.3860545189442711,0.3603172057511559,0.4267431489679915,0.35641957647123,0.241914593149528
2016-02-24,0.14935465761153752,0.3860192706004824,0.36022800829354884,0.4326010585614689,0.3627355313334815,0.24408157927853616
2016-02-25,0.1510230155872279,0.39118027155459284,0.35774111161992844,0.43596027438510115,0.36429926538676544,0.24832306975358032
2016-02-26,0.15003270217425013,0.3957639924073985,0.3615120708946772,0.4351500364748161,0.3665707919476215,0.25160411825771284
2016-02-29,0.139930621259949,0.38566226489995187,0.36559808505774516,0.4388472228982828,0.3552442433698889,0.24047895849192483
2016-03-01,0.14448829443079392,0.4119460938490464,0.3610102382169121,0.4539480208835155,0.35804299646790383,0.25764989777539593
2016-03-02,0.1383161484357657,0.3764440389483939,0.3799360163071156,0.4460245712048829,0.35180038789939133,0.22835731172430854
2016-03-03,0.14022214844068742,0.3865355328867282,0.38847535866311794,0.4254003707098288,0.331096128017212,0.23750044857009792
2016-03-04,0.14831495501183553,0.39125540931409925,0.3962588032163667,0.4287188158145835,0.3174400591618705,0.2264200692050635
2016-03-07,0.1500286177522072,0.38660401143741324,0.4022137999206743,0.42930942774026193,0.31691604886708064,0.22336607549594584
2016-03-08,0.1468010991639009,0.40656030592190257,0.41962633599591787,0.4154028857618339,0.3067844580837365,0.24614439624794834
2016-03-09,0.14571633749039992,0.4042932958920008,0.4171690071691108,0.4170468934335733,0.29997277519530624,0.23728696309347924
2016-03-10,0.13032514464288597,0.39112502768929147,0.4091851762064631,0.40336419230106213,0.29129572791488023,0.22374259232858257
2016-03-11,0.16942912567894844,0.41667355712620596,0.43782842617838275,0.44400992053383936,0.34188970914882466,0.27602524073483264
2016-03-14,0.15731223572992575,0.4123493023200943,0.4170732993377846,0.4357925057531161,0.34240229773859593,0.2643270461825717
2016-03-15,0.16156426780765182,0.40999636955351654,0.4245904645183588,0.4448758171837031,0.34367015075766105,0.28782004622156676
2016-03-16,0.15741781572046493,0.40939648038624465,0.43579606429614587,0.44397767649285197,0.35121949465943053,0.2921593301766113
2016-03-17,0.15210908431113548,0.41005650031091306,0.43837527985166364,0.4242583978488538,0.33712153859258415,0.28455719796096435
2016-03-18,0.15939296695809393,0.4240567827910346,0.4466435586016919,0.4280203094024849,0.34059547090419723,0.2896425318391232
2016-03-21,0.15575256152303907,0.4209362587121978,0.44422991302236015,0.42266622733277437,0.3305773383127887,0.28062032521548147
2016-03-22,0.14037348286206086,0.41855988903202856,0.4425996479369952,0.41616882989451237,0.32636041347129346,0.2788777328400149
2016-03-23,0.1436971528586687,0.4295173108638056,0.4547281628221683,0.41770055892268054,0.3279601030557703,0.2802716369490238
2016-03-24,0.1444470821249742,0.42516414079399734,0.46489912390953586,0.4166340448053616,0.32755033969920655,0.2745513647499707
2016-03-28,0.14027970078226124,0.412786887181689,0.4642379596565438,0.416295451057068,0.3298479440886765,0.27222705773779654
2016-03-29,0.13127393050338,0.40251607224194863,0.460782536482947,0.4218706186316185,0.3343639180494897,0.2778667290885752
2016-03-30,0.13303274502293447,0.4074981927051871,0.4639784399748987,0.42051412868843413,0.33154691077459747,0.2697872718835269
2016-03-31,0.13412967912881832,0.3943951544833481,0.4604943493585269,0.403640983638553,0.31960964373976497,0.26259043771065615
2016-04-01,0.13110272213200314,0.3965964601819611,0.46075180708798597,0.4019029483689903,0.31761900847302094,0.2649137131727394
2016-04-04,0.11938719745562021,0.37551432063889817,0.43364208510224816,0.3966713811540869,0.31278969669905304,0.22948129833480785
2016-04-05,0.10104797150566246,0.3557911777129894,0.4183198984684599,0.3762588079394203,0.2870058737956953,0.19420766450472582
2016-04-06,0.1225752613980525,0.38459243019558054,0.4211097787819798,0.42277177423932466,0.2674816789300837,0.207586832634512
2016-04-07,0.1298326186844743,0.3947810579133813,0.4799559019522542,0.42591369341953883,0.2833679199696201,0.24858284007822357
2016-04-08,0.15026793300669428,0.4084056137702067,0.4999375339767968,0.42278076452202834,0.27392827013182197,0.24916738602233474
2016-04-11,0.13284144974148285,0.3980772985262442,0.4924896881718257,0.39653045359949907,0.24735773190772375,0.22191794899416611
2016-04-12,0.1272747157570146,0.41479808049569056,0.5013465286295363,0.4032819472783168,0.2607747981653787,0.22464763801505225
2016-04-13,0.109727447781203,0.3941063096021427,0.49101396477461007,0.4053553107676836,0.2399675483763685,0.20658757805374994
2016-04-14,0.10648869914473533,0.4031895262257423,0.47178997809740186,0.40485555989404415,0.23520615900945166,0.213358253801682
2016-04-15,0.09539050628052193,0.4075245379850606,0.4565009366121044,0.40706581371994965,0.22020587834451838,0.22049283384458324
2016-04-18,0.12666914650617733,0.432492182796351,0.4245061093729655,0.39941979734969413,0.3038117240157623,0.2977078953247978
2016-04-19,0.12265358960365759,0.4419449196752305,0.4167202398046246,0.3839050394890676,0.31937257078164083,0.31686459820301055
2016-04-20,0.09925490615087301,0.3860391642083593,0.5062319039391714,0.3740426808377497,0.3355170743003113,0.3712260780010203
2016-04-21,0.10108313171226038,0.38731974825085563,0.5142703378373776,0.3656562963421158,0.3466785082544359,0.39148517995955595
2016-04-22,0.09696113125279406,0.4262949496189527,0.38835366224277573,0.3754628004417636,0.1946841181217169,0.28486355218342235
2016-04-25,0.4757006927725852,0.41910741490106407,0.4399957795307911,0.6350425657501446,0.22290500214829584,0.28597541836496376
2016-04-26,0.446781665505191,0.4030200961867846,0.43701595693164547,0.6120444371587028,0.20387075536806495,0.28142977904939953
2016-04-27,0.4688725243148043,0.4025893818807063,0.42778403016251204,0.6436664040231037,0.21585888073699583,0.2744692750142589
2016-04-28,0.426217394667976,0.36994117775033375,0.416510547368387,0.5244218691935613,0.19225531101214088,0.254513761097729
2016-04-29,0.4185768883188027,0.43614575361781077,0.42386744029558204,0.5163346458493318,0.19629237812572914,0.2639886651406056
2016-05-02,0.4188226602971972,0.4360814503741823,0.41771402289435833,0.521324658809481,0.19480662271299098,0.2661494624020096
2016-05-03,0.4171081259404323,0.4933785948401125,0.43282637824547787,0.5240491177194064,0.18780202498958418,0.26900385383300046
2016-05-04,0.42595408004406976,0.5051355108493484,0.4389681425115323,0.5273267458966756,0.18970620895016266,0.26472183314610814
2016-05-05,0.4224800592428273,0.5031467665128181,0.4373863772616372,0.5271402240845368,0.18580473513870713,0.26236604149609427
2016-05-06,0.4194848517594354,0.5027172493209686,0.4419655652665613,0.5186666796024509,0.18988021700793908,0.2624784469451796
2016-05-09,0.4100736792704062,0.4943001705238254,0.44249276549810734,0.5008387639822369,0.1925905719332068,0.2661121648747786
2016-05-10,0.3936126649663357,0.49807570954108127,0.4321122097219748,0.5211505506766355,0.20394257966922266,0.2627649007321138
2016-05-11,0.3909999594734411,0.49722885474232614,0.4335049116666824,0.49993311033927673,0.21276841725202722,0.2757529378301027
2016-05-12,0.3788451892360071,0.47485911657156565,0.4391087519915061,0.49157594248113734,0.2097205595145019,0.2700444902175505
2016-05-13,0.3822122561118709,0.4717995257887353,0.4418033001837816,0.49160655825671234,0.2072523343448431,0.2691347623565444
2016-05-16,0.38220198518591036,0.47323813315688074,0.44235991494331284,0.4860192924027746,0.2109381078779114,0.2718592698559159
2016-05-17,0.36970403445000344,0.470634310548229,0.4401836399180948,0.47996080525540713,0.20552646815652287,0.2689568740593298
2016-05-18,0.34012712654837335,0.41751154260771633,0.44503566400373584,0.4553444365359697,0.19945407387888447,0.2619623769096881
2016-05-19,0.3631486078699414,0.4232881933247542,0.4490719055293779,0.4579968885418466,0.20365831545294133,0.26342477705309386
2016-05-20,0.36874807799000187,0.42568632384366556,0.44895804791593746,0.4551739222383151,0.20726497665455362,0.2642265949220064
2016-05-23,0.3721546155394922,0.4233517728649493,0.4538460892714497,0.45668728836565853,0.20465722727562818,0.2623523723448217
2016-05-24,0.370024533063557,0.41722034809006153,0.44950410929938167,0.45554613502538044,0.2171516389754071,0.2747979276432297
2016-05-25,0.38492765750351826,0.41913376652633955,0.4369891738281707,0.4496370353271837,0.21008113153061195,0.27333336315027684
2016-05-26,0.3950451295848059,0.49523011957628477,0.4287459171590622,0.4557134564126372,0.2122877671450268,0.2932665573814821
2016-05-27,0.4049601531281525,0.48803229890308103,0.42018927256255717,0.4719150777830592,0.22879683376723212,0.2920538007047444
2016-05-31,0.40001840469570993,0.4863974208528918,0.42425931108550974,0.4701988077050568,0.23375943356880075,0.29636655908866827
2016-06-01,0.40219766864672796,0.48929850966173105,0.42639120017112603,0.4700394949377488,0.23567727195326355,0.2983856842270892
2016-06-02,0.4172119063078176,0.4473585885451785,0.40618432256767295,0.48655841492562313,0.23581963972462114,0.2766344170875206
2016-06-03,0.42144602696390676,0.45646675488816657,0.41009104361239074,0.4945822312355501,0.24041812215559058,0.29615213848148564
2016-06-06,0.4255416957796864,0.47638654845736783,0.4237149312227257,0.48743954030626424,0.2380366533171638,0.3059263104126819
2016-06-07,0.3607237568612908,0.42693753422708836,0.39427986851696845,0.4444026233643661,0.19910737377168147,0.2750814185191156
2016-06-08,0.3686254387893429,0.42101256248440855,0.4149837028618014,0.4491379855562682,0.1964290860471248,0.28680545913389166
2016-06-09,0.36564345810616244,0.43293877789474017,0.41180713614657843,0.4352842585051322,0.178930336460369,0.2662478472617791
2016-06-10,0.37327929417769357,0.4492217982636324,0.4150483429336892,0.4424256835753432,0.18293197081934828,0.2740740372304388
2016-06-13,0.3730248959960828,0.4483708443639152,0.4075652891785682,0.44502463046420754,0.17769186924712818,0.2699164228132551
2016-06-14,0.3675333113596975,0.44174048736996074,0.40453812490949687,0.4349278501596741,0.17211516308589575,0.26416827411375843
2016-06-15,0.3694723726529977,0.44541608274636857,0.4044232816200361,0.44000261240730937,0.17335071468239086,0.2558996053573257
2016-06-16,0.3667677344639017,0.44446147308936623,0.38808568190672826,0.45046441414802796,0.17780943592280563,0.25206358911170657
2016-06-17,0.3641605263177282,0.41909411385159906,0.3853701001852341,0.4492497541627508,0.17013454131346264,0.22684363563992915
2016-06-20,0.3717076830313395,0.43113724473645243,0.37176100366877435,0.45599949511491605,0.16138672013250183,0.2318926367276038
2016-06-21,0.3817893351836373,0.44491967460563453,0.37205131084963705,0.4491877744261195,0.1625848055219195,0.21940922321722323
2016-06-22,0.36216184792031497,0.4513461999983488,0.3809014256319692,0.4394255647175863,0.11491262891215957,0.2048389308019326
2016-06-23,0.3798344526077764,0.4653329006506915,0.3841407487133721,0.4596847266769275,0.12234903660009612,0.20922933515595996
2016-06-24,0.4532956810449411,0.5846681862229894,0.4100176832896502,0.5592255514995902,0.15874990534201155,0.24108119304280032
2016-06-27,0.4888811511198195,0.5987397887791864,0.4118245089512546,0.5805251396944814,0.17258596375875246,0.24807240336703462
2016-06-28,0.5158412477618181,0.6200165588701729,0.42696416233067874,0.5984724603003365,0.18825834000769165,0.27072018327393127
2016-06-29,0.542685806262807,0.6360462449644607,0.4179922805212978,0.5985633950709527,0.17755743406177044,0.26301182218545577
2016-06-30,0.5341340670035885,0.6062556016889727,0.4195738596251575,0.5782997623230425,0.17529800730171646,0.28170594389191034
2016-07-01,0.5296313837829513,0.6217856639069552,0.4120875064975036,0.6022816014855513,0.16572118108155884,0.2603348869814874
2016-07-05,0.5244650844000589,0.6337409920822012,0.4108532723211206,0.5992589758259355,0.16783223722006185,0.264946121866365
2016-07-06,0.5008708496068804,0.6335751708276498,0.41097664240745624,0.580022743417294,0.163305107720297,0.2650112785349126
2016-07-07,0.49335474137594765,0.6102270002862904,0.4199699698216554,0.5832056273478484,0.15935849119930906,0.2721533173394132
2016-07-08,0.503348727440554,0.6409806446633949,0.41928936211013923,0.5822409136494774,0.16251770846283373,0.2841253679891777
2016-07-11,0.4985468872857777,0.6509472737701919,0.43067382632630175,0.5870036211065197,0.16248525960215027,0.27885055781976403
2016-07-12,0.4911653116968525,0.6346779996732294,0.41280212516432696,0.5886575240316401,0.16310360866930326,0.27888341065633804
2016-07-13,0.4895570623650002,0.6631345408690269,0.4192796846341651,0.5978058918283712,0.16493427434406746,0.2815965772224822
2016-07-14,0.492807313393106,0.6575099164145267,0.43514050190987774,0.6039388492896528,0.16442365131182501,0.30557032289713665
2016-07-15,0.4933170058352005,0.6699558276334944,0.43615823944751925,0.610073088564563,0.164603857044745,0.3070216646444724
2016-07-18,0.49317390646012943,0.6644654637058923,0.4359347013337397,0.6076207635049048,0.1637034335670887,0.29798119311073107
2016-07-19,0.5012146498030233,0.6332630801313215,0.4437423820163239,0.5616986300323615,0.2518008226432147,0.34475264391002475
2016-07-20,0.5012801314095051,0.6303524512129545,0.4447700399172663,0.5361154000709744,0.27067927488467425,0.3858291586577118
2016-07-21,0.49425711002711614,0.6255201557252216,0.44338158334111577,0.5368173713156538,0.26504581982455067,0.3764234073237859
2016-07-22,0.49571018738755984,0.6174219053147761,0.39899090299552237,0.5386598991673976,0.25544817934958164,0.3701421113514804
2016-07-25,0.495842155796741,0.614377177121376,0.30239372467446973,0.5815803513479781,0.21582188740380642,0.29338389068655146
2016-07-26,0.548844862973153,0.6135579783167291,0.31303873342257565,0.6118643094745189,0.2003687186811861,0.29017223944201376
2016-07-27,0.5402911470168495,0.605819188861695,0.3314852922809095,0.6128408692671145,0.20578414753966934,0.28942145926774493
2016-07-28,0.5358886154888772,0.5971698947800792,0.31005619238322796,0.594699522481694,0.1844023313151267,0.2817308606422929
2016-07-29,0.5282574427659025,0.5846248914695231,0.3026529703167788,0.5946690911051296,0.1803974993789949,0.28193294492192394
2016-08-01,0.4934638670215585,0.592691625642277,0.3206936591595641,0.5722796629688613,0.1652252100510215,0.2941161864171174
2016-08-02,0.49876883034901515,0.5856959557085306,0.3035312586480237,0.5960342871150661,0.17672492306858906,0.30480854462910023
2016-08-03,0.4851872277189944,0.5932259291263662,0.2942942404471015,0.592835316031536,0.1759177115409039,0.3054618031396435
2016-08-04,0.5005915997360595,0.600427256983601,0.3199633128724796,0.5919053204675445,0.1726840474494238,0.30920591560574695
2016-08-05,0.5075401777429461,0.6038384542301695,0.32324158763407507,0.5883973303542225,0.17352584129237075,0.30680815978563336
2016-08-08,0.49280680971721985,0.60204223708455,0.3209681773924113,0.5904584422386455,0.17110859501122713,0.31440216294327705
2016-08-09,0.4936286722525131,0.5705193876097373,0.3241644143454877,0.5689451266105877,0.1780570381936019,0.2864759532417574
2016-08-10,0.4936372538535578,0.5642341822971217,0.32467445008255624,0.5622730215497459,0.17656450469530519,0.2787872290540088
2016-08-11,0.48874246733072113,0.576871611273223,0.3211866588054851,0.5682751480764344,0.1742929740631381,0.2773586358897035
2016-08-12,0.48984416782616275,0.5774660770887995,0.3199470229717625,0.5771493147685014,0.17304248860714994,0.2713232190654019
2016-08-15,0.48738508471543124,0.5771840425327487,0.3178613879014518,0.5776800828799902,0.16040327067767424,0.2728468645201421
2016-08-16,0.48466663750482053,0.5769301661177244,0.3149555376891134,0.5761469002664447,0.1652737193314037,0.2713773140989866
2016-08-17,0.4936454291120238,0.5795390020514759,0.30851572282670703,0.575986183694428,0.18187869420083871,0.2735270195505508
2016-08-18,0.49087860031515523,0.5925757170443603,0.31950339553385154,0.5660316028852711,0.1554424297011761,0.25309613740611764
2016-08-19,0.47437696968407744,0.5875119672100352,0.3214393246479363,0.559496945171309,0.14986805816083687,0.25291988682061683
2016-08-22,0.47642017665012293,0.5887905620278554,0.3262315291176298,0.5611526813242457,0.14919143669981924,0.2567966186338594
2016-08-23,0.4756529632665165,0.5926633415638388,0.3313573205117298,0.5508059442861403,0.13765422572802322,0.24771189716506128
2016-08-24,0.4702155357682076,0.5932707679927437,0.32876670810975744,0.5280404563886365,0.1604759340357988,0.24148908136978162
2016-08-25,0.46188333414891397,0.6024791566492678,0.32161643151315733,0.5167166149994491,0.15674341710237893,0.2483949289786234
2016-08-26,0.4619620238677515,0.6028958339446323,0.3290909920480044,0.5162084985867048,0.15832933225451304,0.2494619261952217
2016-08-29,0.45654831584865896,0.6029610304088623,0.3254650591125317,0.5186491743740711,0.14662569566290615,0.24747036733602895
2016-08-30,0.4663080763954374,0.5897448959088284,0.30421303043890924,0.5236095628150987,0.16021170706759857,0.21842857463011744
2016-08-31,0.4947734874434852,0.5957926158469241,0.31187400820965927,0.5287890522088551,0.17019047116894598,0.2223293714477073
2016-09-01,0.4892120930790479,0.5887832378826031,0.3171946178153851,0.5315957873311379,0.16634051691624718,0.22312863485285053
2016-09-02,0.48925318821393887,0.5810727378984947,0.31979336419174104,0.5211845362450294,0.16380990606234933,0.22746473496272854
2016-09-06,0.4685229053827953,0.5774919895780879,0.30658377227574807,0.5157468613571972,0.14385045991034964,0.2207208993287207
2016-09-07,0.4739273601613448,0.5777012179028016,0.3061322394872968,0.5174626005279683,0.16460007222343448,0.2201985549087704
2016-09-08,0.46495837075031027,0.5643108345532275,0.2407696189502072,0.5164298549949045,0.16498475540763838,0.22080989748527222
2016-09-09,0.49047240431058553,0.5704677486527838,0.26943830118623563,0.5244415789397568,0.1952605264948659,0.23447396207391058
2016-09-12,0.49086702872447047,0.5716663164052296,0.29173246105173084,0.5148290289789278,0.19839945014389243,0.23493842445959143
2016-09-13,0.516288304279864,0.5759481588403914,0.29484536720519,0.5134144749831542,0.23900873736109324,0.2622226687528832
2016-09-14,0.508357825547824,0.5715180945456034,0.29695702030733334,0.5105079800732548,0.2503715457049785,0.2685003175506737
2016-09-15,0.50835303527092,0.5752904644033717,0.2938479150430465,0.5137682847711593,0.25753399727054854,0.29113100302425443
2016-09-16,0.527600131760837,0.5787278453332989,0.2935707774671052,0.4852473376839412,0.33716706797022356,0.321833964203131
2016-09-19,0.5120348166279426,0.563616872196053,0.27939417974813,0.46015751660049875,0.3198483880740088,0.3100270096599401
2016-09-20,0.44085155258803704,0.4992181849880219,0.2308349930275492,0.30060694276192745,0.2559860537577536,0.24060855469124956
2016-09-21,0.3934264001537611,0.4886053044326279,0.21089472929292238,0.2676178295742969,0.23348548447948236,0.2276510191138291
2016-09-22,0.3697941691423605,0.43411302695078036,0.15579309071345138,0.218844997050863,0.19906789321089838,0.1357908761148307
2016-09-23,0.31401200038872784,0.42321954460095373,0.15632878147172466,0.18995705684821543,0.20879364331889,0.10923573710830252
2016-09-26,0.2486886413031551,0.3695664362628887,0.14686025593335894,0.20195671490774003,0.23442012616111935,0.138264200524906
2016-09-27,0.22831110491221138,0.3654839172132958,0.13989990914599432,0.2073651967597533,0.25235771800890344,0.14103471925301433
2016-09-28,0.1976164043039996,0.3167366734669958,0.11415231057914864,0.20419524077672016,0.24903787464878602,0.13254315462099392
2016-09-29,0.1306085319229165,0.2573099732518288,0.11607383445913577,0.23733752252189788,0.2430338611413813,0.1247878835061753
2016-09-30,0.17322894508541412,0.26544473131573043,0.12856782822111182,0.23945901552185123,0.2690863448967457,0.13204672363801803
2016-10-03,0.1718556266716991,0.26195302986217434,0.12751337823788084,0.23464952370758857,0.26660189536848894,0.12406256393418043
2016-10-04,0.19595348460531997,0.271042981689703,0.12319182369220562,0.23609177197463546,0.2724922717710833,0.1295997104089474
2016-10-05,0.1901127438201432,0.25519638318615445,0.0888463351157046,0.23329458181782955,0.23832201403341066,0.11618741448412784
2016-10-06,0.16629311181328515,0.23668215237230583,0.08240178667048377,0.21437392673422956,0.23707750435758776,0.10739253271356493
2016-10-07,0.16653712952037897,0.239655488859386,0.08817390042323511,0.21721980967204568,0.23405777200913477,0.11492077656892048
2016-10-10,0.17425958462839247,0.24916497173631524,0.08712577358979481,0.2362268367939621,0.23349334231810068,0.11632342656123132
2016-10-11,0.22210302791303552,0.2608051133276163,0.09623181844928205,0.2250661648009837,0.29730480777068025,0.1439896415096178
2016-10-12,0.21680496464339186,0.20944683005543996,0.08395504274504963,0.20899996478333194,0.2908179574663812,0.1306434102085192
2016-10-13,0.2148742013998711,0.2174025039036703,0.08736074998299355,0.245865463267787,0.30023407095641896,0.13400970121900094
2016-10-14,0.23263344538536163,0.21497128127336448,0.07272637925592497,0.24484000901622313,0.3115218102033126,0.1422606035680933
2016-10-17,0.23993297193932359,0.23066717945131546,0.1159717218750204,0.24691401685401382,0.32095138507939386,0.1399266771785559
2016-10-18,0.25270059394723443,0.22031601027241987,0.22173049077532958,0.25373702362269646,0.33333192637358344,0.2265990291666704
2016-10-19,0.18948351907752684,0.2378809162718836,0.21011913230753462,0.20576888210653377,0.3074999987544896,0.23317274257263038
2016-10-20,0.20329291503538013,0.23584779158590682,0.19974032289141086,0.17053209621996793,0.3263767032897105,0.2124791975280632
2016-10-21,0.19448081181867416,0.24002849356453776,0.19197575557230204,0.18645595543459503,0.337781217285334,0.20897689678275733
2016-10-24,0.18315049856752996,0.254006845077659,0.1645972597459917,0.19398779942891695,0.32077996517036506,0.21297613871195945
2016-10-25,0.23706241845424791,0.22564130618997558,0.08713442970962691,0.22663166301500018,0.323833217490246,0.17108184148270264
2016-10-26,0.24185809267777297,0.2319002515308472,0.1127308601488595,0.22330962178731542,0.32773261785280555,0.14595969943431641
2016-10-27,0.2494844812765948,0.2248572870605274,0.10907543798046739,0.21121075423019015,0.31261543460359303,0.1542697934480648
2016-10-28,0.2485732222445234,0.2250536951613715,0.10341898049599624,0.21856501179046461,0.30317878353055294,0.15147693339031548
2016-10-31,0.24530158295531374,0.19577793148619801,0.09094401309376086,0.18849500056943386,0.2958204129886737,0.13484175721266936
2016-11-01,0.25339124807332347,0.19827060840669633,0.08659480230924706,0.18972113687394332,0.29833939556863864,0.13917061405278927
2016-11-02,0.2596036305277116,0.24047937763386498,0.09808563633010406,0.19822801684862487,0.3079262281566279,0.2002195848437972
2016-11-03,0.2565646352340112,0.24940114735989177,0.09359816664255584,0.20505331983315095,0.3078587019736609,0.21063952327269322
2016-11-04,0.22331864175732025,0.20227271048365206,0.09024378702254243,0.18571127749444338,0.27897510147146726,0.20443931883967356
2016-11-07,0.24935268647504366,0.240102701034508,0.1227294718468812,0.2487794637033074,0.31412945708315027,0.28059776023978644
2016-11-08,0.24774510056597157,0.2404624680357951,0.11777377182918439,0.2445148926233396,0.311493919096766,0.2694980465780249
2016-11-09,0.25785535972658225,0.2914864094193131,0.11177062462007822,0.2281773137859256,0.30596759140311464,0.164587353676355
2016-11-10,0.2684976039704777,0.28707126866848565,0.07556278495779482,0.2705502917273103,0.234144899330998,-0.0770236857145036
2016-11-11,0.2912832164958659,0.2764611212743162,0.0020741243939734226,0.2621931471693519,0.22152713322828077,-0.05650690618083126
2016-11-14,0.26743905437355064,0.28602450793386747,0.014416486323947677,0.1903670840586006,0.21567429863685303,-0.03321993021665887
2016-11-15,0.30339263279932366,0.21125761795255862,0.043817652707296796,0.1569763116712467,0.22856409129985575,-0.051070687484294074
2016-11-16,0.30628151505866463,0.20327966012032464,0.051762669381688525,0.14876024467932925,0.23310148291315444,-0.10007310699746394
2016-11-17,0.30443876418447785,0.1982960888561719,0.040264372110592805,0.1664797211410007,0.24526033774388495,-0.05016580603815194
2016-11-18,0.29881514505461426,0.19704792483072922,0.0452706036479428,0.16573307653283315,0.23284533654805623,-0.04695911002043454
2016-11-21,0.29123229900658604,0.1780791384155361,0.060542243879759546,0.16751130641654063,0.2290853637015632,-0.049420165326966574
2016-11-22,0.2793312876092532,0.17739300574583916,0.060949493181205606,0.1427931922915542,0.253250978654001,-0.05308048827856528
2016-11-23,0.28499969927163893,0.1785462918898509,0.06134117959455355,0.14468485255963967,0.2510051015936794,-0.05237913307926151
2016-11-25,0.26225941963339966,0.1690268076949813,0.054394252154334966,0.1317276488892112,0.2448261487024912,-0.05583903718618591
2016-11-28,0.2810468087144349,0.18764853413291635,0.04855440187050747,0.1391299798996155,0.24621760200294962,-0.056158225897852826
2016-11-29,0.27281456823052935,0.18540907050023653,0.043694669710297486,0.14133627641267382,0.2488331504096588,-0.05985707988075454
2016-11-30,0.13771994040544977,0.11578868364294363,0.009546754948647238,0.1472154135607137,0.25258049823653267,-0.06392723223425566
2016-12-01,0.13531505241421077,0.11456318531011961,-0.0016828345552367886,0.1427610051754451,0.26339816545375866,-0.07805253997208846
2016-12-02,0.14552866411917104,0.10656647565175147,0.05079509773959339,0.13281765061907047,0.28122956098558527,-0.10185446513606333
2016-12-05,0.12055901381179195,0.09212710228131724,0.007042873371056531,0.13000621247907632,0.25950957500190314,-0.12134658070621987
2016-12-06,0.12312981091586908,0.08541836249850333,0.019665259551557894,0.13736321446047975,0.2527605964256732,-0.14586410055827334
2016-12-07,0.09507719208849597,0.07255060463320533,-0.010232074783555197,0.12880205404300685,0.23542304636149858,-0.15724236665095284
2016-12-08,0.10185896351250706,0.07118150000086909,0.013106793746475526,0.13089781260579542,0.23731522820102624,-0.14562865909007328
2016-12-09,0.11212435030392955,0.07066132635335996,0.009021845061069376,0.11844381837664847,0.23530994087491053,-0.14110585049876068
2016-12-12,0.12083587715193202,0.0679946077316034,0.007171304844580823,0.13593395432146968,0.24154009202159235,-0.14823792625738413
2016-12-13,0.12594133400744753,0.07137293836251984,-0.0013548759130314787,0.13744991691246328,0.23653659975436475,-0.14993289625944953
2016-12-14,0.14415039920199257,0.08230787686726282,0.0019868269250350214,0.14583411767355714,0.23802418212007406,-0.147499934545896
2016-12-15,0.134196891398803,0.07349583282549896,-0.005477175873997324,0.13795532199955732,0.23790884439552018,-0.15258392231615056
2016-12-16,0.1349620844001123,0.07669183421407826,-0.002626652960339312,0.1542842614719622,0.24960892137593022,-0.14061409137338496
2016-12-19,0.13882662805864965,0.05936788278778884,0.006529047356805334,0.16159806099346677,0.25274684798546165,-0.12761795601830433
2016-12-20,0.14432916458863143,0.06790762119306847,0.01038840394509695,0.14700938077074396,0.23695642395939095,-0.15278257857456345
2016-12-21,0.16211906391836628,0.06854121729930157,0.01953647820153459,0.14762952024174975,0.2264866100716491,-0.1505185341483763
2016-12-22,0.16660322524679028,0.08452923268471631,0.02268052358118909,0.14658861044763444,0.22657076936389503,-0.15106815529149073
2016-12-23,0.20651003798690082,0.11715264149708905,0.022279330755963243,0.1260921053644357,0.2288822257285883,-0.15232816422641507
2016-12-27,0.18925454445199658,0.11410283758472957,0.015203403192940881,0.12197076854512931,0.2210579685402624,-0.1609861218619784
2016-12-28,0.19436446153688075,0.11755360530678195,0.030115609613473378,0.11602735418738394,0.23180987823372842,-0.1497875522986654
2016-12-29,0.18117329361694898,0.1078283384532143,0.028118267233083763,0.11172128448179777,0.23001378466113095,-0.15165953838164256
2016-12-30,0.16552378717137822,0.11184747435779274,0.04706479550919045,0.10810666666456396,0.24811745144935535,-0.1423340834150118
2017-01-03,0.1679648615954285,0.11315302266513141,0.04687917955901781,0.11743404006838865,0.24110513767027816,-0.13938556806804364
2017-01-04,0.16079386907770163,0.10315571502389816,0.04072571081204958,0.12300405698225604,0.24127013825712948,-0.15254172608743474
2017-01-05,0.1531070206264934,0.09725342928970937,0.03976738876714344,0.1024131714741635,0.23157238934186766,-0.1437208365034649
2017-01-06,0.08489215450058224,0.08705991317178877,0.012457582266780842,0.09169322479980627,0.14893155189974702,-0.16077195747002954
2017-01-09,0.08253652721938957,0.10263955512437434,0.012466046935099846,0.09580449720887527,0.15021528426465922,-0.16433901016875072
2017-01-10,0.08897668394197353,0.10404981792155882,0.004010975414047213,0.10658061060186898,0.1426979329219021,-0.1744851203460491
2017-01-11,0.08818657964964519,0.10453532015270076,0.0023029734782554147,0.10789664958477464,0.1532772199002264,-0.18349282251539717
2017-01-12,0.10294337393975143,0.09110960720888711,0.03608784122339557,0.10244613948735484,0.16221781883507758,-0.19081934355715874
2017-01-13,0.10307422215755775,0.08922890485194059,0.03681492187986764,0.11145622817120651,0.15845685801952872,-0.19911399499750335
2017-01-17,0.14419563076197298,0.0769394369664599,0.03093024827719756,0.1328669085187734,0.16067301512065088,-0.13512596566224797
2017-01-18,0.1456796769533448,0.07692340428894975,0.030051235911547167,0.15494579135657816,0.15060196561458944,-0.1288039707997094
2017-01-19,0.15422748373632866,0.07923764289698694,0.036925049151193774,0.1551054529726853,0.1448779955731602,-0.13788524240531988
2017-01-20,0.15325322265158164,0.0794295859175894,0.051155331702582955,0.15507269125283357,0.15374302139532414,-0.14177404298514978
2017-01-23,0.148989926260083,0.07749855919809794,0.08081561347438634,0.15397582522359315,0.17043488658349157,-0.13491556263480045
2017-01-24,0.14480288104014194,0.07774773390104216,0.07501725489043944,0.1540354123876424,0.1604367895725824,-0.1324876424502358
2017-01-25,0.14443490678256093,0.05775433344991422,0.08091098512425196,0.15875086011388007,0.17156321411383765,-0.1496444638920311
2017-01-26,0.1346163819926522,0.056976014252155247,0.0801085762979883,0.1454542268905614,0.18242153697950003,-0.14909819265503532
2017-01-27,0.11572338801875165,0.05909471879203378,0.07608534886572954,0.14385345615682266,0.18225592471170407,-0.15035439512235613
2017-01-30,0.11455034728256613,0.06427553654905442,0.07808423887305585,0.1407815219644557,0.17768589818528255,-0.15304859797675074
2017-01-31,0.10555582314968337,0.05240248068266944,0.06067109071307537,0.11840893765352656,0.1365532980776799,-0.17811713744916519
2017-02-01,0.09419534439652502,0.05485743919338124,0.01668478884105825,0.1076347562967551,0.17518203241252378,-0.17983914366896503
2017-02-02,0.11370727784020802,0.0497727727382643,0.009030897960115133,0.10921374835826166,0.19876812414156528,-0.18571716100684582
2017-02-03,0.09681220172098738,0.039845887721374956,-0.007086300026038774,0.08307288663320862,0.1730322836264805,-0.21536522830853325
2017-02-06,0.10819523034240507,0.04274813252058959,-0.04264082299078985,0.08727401947221994,0.13117372563173427,-0.21488725679994058
2017-02-07,0.08339247176862848,-0.01619410156066547,-0.016710199531819254,0.06422753340821737,0.12151624323791804,-0.20701613340994424
2017-02-08,0.07570644488726802,-0.07418427846005222,0.0021261101438921994,-0.040878118165845696,0.17062820691815336,0.0046846593658259085
2017-02-09,0.049758273601317654,-0.054298310072559954,0.02987234584346067,-0.02870948317239314,0.192730191825915,-0.012059579329817962
2017-02-10,0.06429336505520362,-0.07633060228175867,0.02933249325582891,0.10781873703558915,0.2039009835243791,-0.019333442628157723
2017-02-13,0.015232793677029687,-0.00449775350204652,0.022098420520305688,0.1504332178751037,0.19078882237426206,-0.003847019081698113
2017-02-14,0.015521788028225686,0.0003976193703239938,0.016180876009307895,0.15984921166220728,0.18129346768240195,0.07180657110124834
2017-02-15,0.012048276442777839,0.009781222918959815,0.030817922606237527,0.1375503015085904,0.15352138270787893,-0.0032433695711408315
2017-02-16,0.021342667168734276,0.005318990966248472,0.024573567729382875,0.15591925096096723,0.1651368748114985,-0.008390995479384534
2017-02-17,0.03522756878190694,0.02704344969143667,0.013063205856176756,0.15202290016108982,0.16972299255501533,-0.0007983685755464659
2017-02-21,0.035959673508340895,0.02578690290430902,0.03219900750152685,0.23101979922790536,0.1336967627954596,0.004844505836137879
2017-02-22,0.025174856022109372,0.026795168695768957,0.02631403873844189,0.2236991884472301,0.13363735160129303,0.0024896684432534353
2017-02-23,0.03492935930106225,0.019417722340609643,0.022268147400241745,0.2202254124560628,0.13272936637112398,0.0012730616733915327
2017-02-24,0.0017371693990779983,-0.014315447485769073,0.021854569823349507,0.18817151345246785,0.12939641678559619,0.00312122152153287
2017-02-27,-0.009030877697149994,-0.011284649320261093,0.026676143120990158,0.18466708451669303,0.10111009074499142,0.009390388678108909
2017-02-28,0.3561759012152305,0.05805432002068776,0.1205207887505593,0.17078325899088762,0.12260121101995412,0.006295987190298455
2017-03-01,0.37590531547406975,0.06551557127632658,0.13438970304267897,0.21543407649218607,0.0849999402797855,0.04252945450134406
2017-03-02,0.3707598750562887,0.1148331053559868,0.12067218017373982,0.23102020665961867,0.08460988634847419,0.10693091322172954
2017-03-03,0.36320698801724194,0.07588469443596182,0.1369445072347905,0.19052587955107672,0.11982384505129656,0.08899736454905402
2017-03-06,0.3704701943852162,0.10319212507119055,0.10501299382120935,0.18779580845699345,0.13752677421573858,0.14443421362212547
2017-03-07,0.38841372266172147,0.12115015619640267,0.10460358591683146,0.1921379509685453,0.13882318453555753,0.14562992600130184
2017-03-08,0.35421446414286994,0.14525473707153777,0.06537388540413738,0.17608846398367187,0.13531234626779584,0.1291592150425017
2017-03-09,0.337812119772582,0.1615108793616925,0.0705179672339688,0.19283533852995757,0.1402317284490815,0.12791274773119252
2017-03-10,0.33910369049635086,0.15358121993348925,0.04754263293936271,0.1875020561393874,0.1422390536307459,0.15323145215996176
2017-03-13,0.3262773114660605,0.1366700552248249,0.08083969954576616,0.1848439769867938,0.13786722853049058,0.1568370971253089
2017-03-14,0.2909167439011109,0.11075828746380452,0.08347288263076506,0.151724978416066,0.15021097306867648,0.15626304404966931
2017-03-15,0.31859717813529864,0.1171873187366535,0.061340678445791934,0.15595235257832857,0.14244711149155279,0.15688204537559466
2017-03-16,0.34966225832686176,0.11345990786173811,0.06784039753240713,0.06668658864611604,0.1360384367055681,0.13070373564879384
2017-03-17,0.3449263720998672,0.10158587180123381,0.058089823973923586,0.055573402694023305,0.13051478065481026,0.13103866786622173
2017-03-20,0.34344647806650463,0.09319533100069219,0.060602062120795885,0.07668799695125865,0.12084456549917995,0.09361888592664337
2017-03-21,0.3503246504753661,0.11212988268567688,0.07207665776735667,0.09827962475320641,0.13386122904161168,0.12410816944635096
2017-03-22,0.3541742248814135,0.12020025985460592,0.06448727675550894,0.09854811968301577,0.13209319233094752,0.1234875783757257
2017-03-23,0.3541179514475139,0.11666815500760526,0.06626850371729474,0.09521084666314503,0.13634163945046712,0.12041384173476273
2017-03-24,0.35410525257176395,0.1348002334388099,0.051692150878992704,0.10057859907917119,0.13468684684536442,0.1386432497851911
2017-03-27,0.34683346392858827,0.1307029493647137,0.04054010361605168,0.09223131454121315,0.10860389712717962,0.13046861811336102
2017-03-28,0.3130212475447935,0.16314935768861147,0.033495679505487715,0.08682477706035578,0.10909505793231518,0.12796657308768028
2017-03-29,0.26767060538498255,0.11108224768875356,0.024459145557365437,0.09166729659749662,0.10976859635990291,0.11883310135959027
2017-03-30,0.26005642479371643,0.08820867295042743,0.017024193021559317,0.05964689790065375,0.10322824324352212,0.12738870165629756
2017-03-31,0.2745929901247549,0.10040261581638132,0.006726247122579038,0.05075447648692489,0.09522344980816005,0.126707708125865
2017-04-03,0.269156913292407,0.11600199059432678,0.009725727854778451,0.07143790053428523,0.10385073930480392,0.11595856590129579
2017-04-04,0.26702290412031554,0.10851559047009207,-0.007438483118991333,0.030637917306328796,0.12686433511333192,0.12050415617320613
2017-04-05,0.26634968448905083,0.09594258913037229,-0.0026970547120283937,0.04616904774459787,0.1286348112062564,0.1277383437050872
2017-04-06,0.22733089694067057,0.10093042713597064,-0.04007829902792766,-0.0057138755546369815,0.15007939907410325,0.09565964373190013
2017-04-07,0.2373640072555906,0.09577429392980781,-0.034268460493782946,0.0017645250071712932,0.14465892643579864,0.1012821126825146
2017-04-10,0.14328322502615257,0.0777813650738502,-0.11729946564593938,0.016836603973502992,0.13477667301275528,0.11484927600593463
2017-04-11,0.1352243883219946,0.08796357933459685,-0.11661881992118112,-0.004569138968056033,0.14078197230484651,0.13636508321375085
2017-04-12,0.14090001024234575,0.1318132427833224,-0.09653257483327705,-0.005303180839591304,0.14235757202607335,0.06656324720947078
2017-04-13,0.17633241627754923,0.14785868103764677,-0.07584409888149587,0.03385571399631419,0.17847628954233236,0.077761991552061
2017-04-17,0.15886494475896423,0.14586563066083275,-0.0805479589274297,0.07993626033668708,0.19312940029389902,0.09879841104951845
2017-04-18,0.15266309482762214,0.14522761334868478,-0.08212840376908795,0.07956292753251064,0.19381782917852436,0.09889018911596015
2017-04-19,0.13685456355512918,0.14424079786145813,-0.06899515615721481,0.0710565869124864,0.19486599729249038,0.1049468002186734
2017-04-20,0.1448807844254135,0.14963893123148206,-0.07817110998808545,0.10335186789968169,0.2085294570628296,0.10914798497959122
2017-04-21,0.12394705119639113,0.17528671964812664,-0.0867545145314093,0.17584126961086544,0.2120152313222295,0.14580683146073545
2017-04-24,0.1436763291083963,0.18687881861945252,-0.08460631181546582,0.2171591694236992,0.20796468344802804,0.145476742716515
2017-04-25,0.11602749605392149,0.1805916830588129,-0.06728661129596906,0.21269183862970506,0.19288308285655356,0.14804569154597727
2017-04-26,0.11363041825096902,0.15194920599881137,-0.07551642422233863,0.2112113611867444,0.19251960235144908,0.14845498746081853
2017-04-27,0.10312292377603698,0.15515022153003807,-0.07052631390858095,0.2273471957218477,0.2265736744675647,0.14724441882905523
2017-04-28,0.12425755227026744,0.1661454650336003,-0.02139592170169034,0.24251410585822872,0.13357377354651118,0.21271069585396482
2017-05-01,0.12164080964951166,0.16753192812853093,-0.035196562388052355,0.2594373202821204,0.1178973826966329,0.22367448316599384
2017-05-02,0.11508019806455279,0.14841510074169623,0.060754707518885905,0.27510928391362205,0.05516945504369703,0.1336519690440993
2017-05-03,0.09666043875544009,0.14594181471436823,0.11113415500847242,0.2753955672013422,0.11463784148596336,0.1518806131808467
2017-05-04,0.08296386915804516,0.14403566510331453,0.1094346354774801,0.25751635355975877,0.09684023425776493,0.1520407112577544
2017-05-05,0.08679655811657622,0.13925807393569525,0.11459860994017178,0.2789840731449975,0.11508344482735401,0.14768965653947302
2017-05-08,0.08176372928076377,0.1325295819615108,0.11109825382435237,0.2762403859480624,0.11598197482704792,0.1493309480320338
2017-05-09,0.0808631316466188,0.13743248972602087,0.10522471572349497,0.2683479273918228,0.11194709814287704,0.13272726706044136
2017-05-10,0.07843144155920022,-0.028888976823207936,0.13838881559164573,0.2679817136283426,0.09854285606198535,-0.02166120355263555
2017-05-11,0.05751990848172922,-0.04158130834248183,0.14382123849140077,0.3079447775670992,0.0821411675137239,-0.03785949194500938
2017-05-12,0.07371288203417957,-0.03815836302150702,0.14421228153844992,0.30640948883363084,0.08295726486023978,-0.03973226198308979
2017-05-15,0.07261507191037116,-0.027334945615743168,0.14896505239907196,0.30633657778654266,0.09043660813937023,-0.02829241801672227
2017-05-16,0.07721619339871624,-0.0513073918335397,0.0988099127787254,0.27172207320645697,0.03366518086906241,0.03525159316798838
2017-05-17,0.08152241226509353,-0.02485629861101994,0.10375224137660906,0.31526287269521347,0.08442379209891362,0.1100891710310403
2017-05-18,0.08478654926621187,-0.024559912860514673,0.11392954330327267,0.3163475121116824,0.08300517281762287,0.10667648548955426
2017-05-19,0.07793629497473666,-0.021784627526986962,0.11771610415978027,0.32299819984277284,0.08472004711102356,0.10693214977309956
2017-05-22,0.08758705526167648,-0.017815802977080814,0.11344920027064556,0.3353336686834801,0.06675153572692438,0.09962458812587818
2017-05-23,0.08957871946997988,-0.03476100911701478,0.1078063711800885,0.3239555748958859,0.08474162770909102,0.09545146025725842
2017-05-24,0.07003594129830777,-0.029967467416706167,0.09061836688829501,0.33405323263993075,0.06853519213771098,0.09548040176378826
2017-05-25,0.02059040760833802,-0.05331846894693082,0.07759988906994778,0.30796304469314334,0.05282497233499309,0.07587466439840702
2017-05-26,0.034850307305932034,-0.05258581020450335,0.08346609134898195,0.2944292937558889,0.06439588451970601,0.04816428477746601
2017-05-30,-0.0004946085162647485,-0.05489083578802698,0.06168861258448845,0.313978894731978,0.04203555517104829,0.06348826349158244
2017-05-31,-0.023781992231363933,-0.05775461699037284,0.0591110748789765,0.3127547276897759,0.0465412266586858,0.06411450227602473
2017-06-01,-0.015985329122402917,-0.04310241286686811,0.05375141633892222,0.32874693483101175,0.03687469874978924,0.0535260848086818
2017-06-02,-0.006283062644167692,-0.05341982524419872,0.0641457070201879,0.3299398306823943,0.031216911094099242,0.05739484276568778
2017-06-05,-0.011073790566265257,-0.06122527392255339,0.067084576097054,0.32256379091288756,0.03190180302969636,0.0439926511714979
2017-06-06,-0.01922752332291565,-0.04167370882211736,0.10738832483940457,0.3159164530525709,0.008328595563913663,0.03742315126978323
2017-06-07,-0.03327397310575769,-0.06232028953045221,0.07423570847452886,0.3219115734086556,0.019705791283872082,0.04174592968269644
2017-06-08,-0.06379856093063475,-0.07926428291523573,0.049019906460100626,0.34534488892524656,0.016813474671518534,0.05586979365738832
2017-06-09,-0.05569569508517863,-0.06440969209911775,0.015422558030675911,0.35231725587679746,-0.00498450509170468,0.042554399475771394
2017-06-12,-0.06493440757465736,-0.05761693780824308,0.011730970587373424,0.3665742057179134,-0.011682501647784152,0.04579568864171678
2017-06-13,-0.04652746030675809,-0.049299228526985386,0.005862730187923573,0.3784554942969252,-0.012180507781805112,0.04129987262813541
2017-06-14,-0.05324707496359064,-0.0456475565259022,0.010829882721560491,0.3745060341570518,0.004196379067944932,0.05278185367900052
2017-06-15,-0.09255676214889198,-0.047914755626824,0.01651699991636296,0.3562844101045949,-0.014313219531279016,0.03818436235135695
2017-06-16,-0.09437035491702211,-0.04779995845025696,0.0226190352157244,0.356326413869334,-0.013338159941954399,0.03835780679335027
2017-06-19,-0.11090552307826974,-0.05140787322965486,0.009963080177939601,0.36493699785746886,0.011681606097471526,0.050115801540424006
2017-06-20,-0.09930690933958264,-0.03730260025240003,-0.021272501261499273,0.36879686977541876,-0.0001544984326399854,0.03782201877290031
2017-06-21,-0.0832561962062721,-0.030054424195823864,-0.06762402648249155,0.3704656122304997,-0.026109971995343102,0.023855808047543767
2017-06-22,-0.05372641217253457,-0.05990105916644625,-0.058995637256116146,0.36453260234670254,-0.010724650855242907,0.023575859845092386
2017-06-23,-0.05087582175966574,-0.047573028972155554,-0.06449006124026668,0.35828841053304994,-0.006816072424534838,0.021689066293586415
2017-06-26,-0.06008372407474392,-0.03504798311034725,-0.06070113148958537,0.37178207543033703,-0.0008026207160634548,0.0119054884919435
2017-06-27,-0.06449213353026413,-0.034706653770693874,-0.050653767538666045,0.36876355302992286,0.019851809584270984,0.007275234394294464
2017-06-28,-0.07526406258112389,-0.016415602428276076,-0.052258417262867105,0.3502396752526942,0.02268644403958719,0.0022168478054149267
2017-06-29,-0.054445270372205694,-0.020359017969373804,-0.06126432763657873,0.3498734430675917,0.004365533082879148,0.00574833405258471
2017-06-30,-0.07159942944128068,-0.023717477526896902,-0.0636602483822511,0.3435454010581681,0.006655284495955108,0.006067065321122157
2017-07-03,-0.059221612711220596,-0.01599940321778614,-0.05551549318572511,0.3576119571212905,-0.006742967991256647,0.022337565979955062
2017-07-05,-0.07378370272885533,0.0007945546847788197,-0.10917172804218137,0.35178356208630895,0.006899093105747377,0.007193106265369516
2017-07-06,-0.021418551995545296,0.012239928648025636,-0.0892238424256194,0.337900158689675,0.010277365153489568,0.005179860875777997
2017-07-07,-0.033952470909727424,-0.022896961785300804,-0.09717716335373278,0.35647037087234146,0.018657659342330653,0.016536261752179177
2017-07-10,-0.04702061381770352,-0.02821245644917286,-0.09059142470088488,0.35058874183256655,0.006363365974436803,0.007983153192215505
2017-07-11,-0.09427957899255372,-0.03134524283097397,-0.10258318648128262,0.3535831292707798,-0.02668362724765868,0.003914664038140661
2017-07-12,-0.0966229342239434,-0.03429530202002347,-0.10211449544131868,0.32579357663870034,-0.043078158556766506,-0.015731775821221265
2017-07-13,-0.09956347344997714,-0.029958949168947466,-0.10361951717668101,0.31296237049443915,-0.02138103099874678,-0.024655264016902566
2017-07-14,-0.06875376211966285,-0.02379057627835032,-0.1029262570633339,0.321956298327303,-0.003263931631093735,-0.019341087019640654
2017-07-17,-0.06874887580219752,-0.03000172884506114,-0.1030899233655432,0.3079608864304341,-0.006456935796501055,-0.0301118652716083
2017-07-18,-0.05730923719148556,-0.018227006028580295,-0.09971233420079897,0.27952114607167505,-0.009437069619817075,-0.037317219589223266
2017-07-19,-0.021776952647831513,-0.008500407339681812,-0.09646386695611174,0.26248815752333454,-0.01174493118729482,-0.04153743311769801
2017-07-20,-0.044022977309248375,-0.01695246161363607,-0.11035651817628063,0.26432682884578385,0.01674472231177518,-0.04230190757701163
2017-07-21,-0.03851009623242296,-0.005402965012449066,-0.10922805641055108,0.2648252311130884,0.01582888564019004,-0.04427669173493763
2017-07-24,-0.03989791097117433,0.005746211732051964,-0.10523996006922369,0.2623862040908254,0.016687622338719406,-0.039810792833575914
2017-07-25,-0.048961916540063904,0.02184890114112048,-0.11386807259436992,0.2531870685441333,0.0143682543487876,-0.047207409009691906
2017-07-26,-0.017864226655040807,0.0150974611275601,-0.13203291837125716,0.24822567386347652,0.0008918133160858259,-0.044591476537025374
2017-07-27,-0.02621638182394813,0.025434947542839814,-0.27312394360277514,0.24098036308012752,0.024283828945105532,-0.012502440180182576
2017-07-28,-0.045220493739744544,0.022484112050527815,-0.27758179294067187,0.24237585809452214,0.03438051321545203,-0.01081121330092844
2017-07-31,-0.008340621328204529,0.02155462217570125,-0.2909346671031975,0.2545695498743482,0.08079875261430461,-0.010376055798851268
2017-08-01,-0.0008511973150913441,0.0031428086706626343,-0.29576199345747406,0.25106796321094027,0.08066072767172094,-0.010108023261878592
2017-08-02,0.0005798992339430694,-0.007526268034934615,-0.2986882864087139,0.25147372405214846,0.07971332275173794,-0.0028416860905270515
2017-08-03,0.003178443606917593,-0.00886371817220955,-0.29095355800623807,0.25150922905501405,0.08265796088929064,0.0014916241914861394
2017-08-04,0.01864349634931112,0.14461660215019354,-0.33793638832206896,0.2499778663252738,0.09929969150660348,0.1279441979016691
2017-08-07,0.03692086639511214,0.17169550843693254,-0.3498276592429388,0.20215269753867127,0.11972983643041928,0.14838075189410557
2017-08-08,0.03966039785666775,0.17135978023560297,-0.34591203030097595,0.20500388535497638,0.132142511966259,0.15332215551060385
2017-08-09,0.04091994476490913,0.1646440792345928,-0.34561136037998896,0.21858208773748394,0.13648143704375196,0.1616096556669005
2017-08-10,0.04379445088554905,0.18590090218700744,-0.31461780425683944,0.23493465194786,0.24952992511482175,0.06282083705611231
2017-08-11,0.0191735014924718,0.16971657339186333,-0.39416577479001913,0.16919460341561887,0.1713053995812192,-0.08869934216711299
2017-08-14,0.005519864307331362,0.154056821480611,-0.4027493894211046,0.17678597709921456,0.1908985293690496,-0.05985264925541864
2017-08-15,-0.0033860181653440134,0.14480275754623506,-0.40933791890692367,0.19786054469359987,0.18069459264490983,-0.07413431412032492
2017-08-16,-0.059657690866404524,0.1480976250557934,-0.3728396435495693,0.1642461480691553,0.16529556597295494,-0.05423759592196255
2017-08-17,-0.03545040373995698,0.23086929822301985,-0.35485498067628507,0.21984520881786349,0.1774024274301008,-0.04638950997815962
2017-08-18,-0.0397957784741296,0.24976520241271163,-0.3545504426334361,0.22007058134514845,0.17422505018040974,-0.053163318227363934
2017-08-21,-0.02090756845478362,0.2694494445087489,-0.3503690536459627,0.2126353899330281,0.17014308418803914,-0.04791167020044013
2017-08-22,-0.013307859725204459,0.2785678069755637,-0.3461347634152281,0.24089905441355355,0.17706495251596582,-0.0470578687204434
2017-08-23,-0.0047657725801003425,0.28837950749642977,-0.3393765875516145,0.23864846588860092,0.17040168964776925,-0.04792778754916633
2017-08-24,0.015397891972228862,0.2906898040767258,-0.3387586387759416,0.24050830152478975,0.1701211934883928,-0.04809069964967267
2017-08-25,0.000625250446697144,0.2755734965932257,-0.3319540520868249,0.21912062856548079,0.18516492037200333,-0.028583981762531355
2017-08-28,0.007466799198697759,0.26621768904747745,-0.33369948306697433,0.21558367232911713,0.16473214504942535,-0.02727109486569285
2017-08-29,0.006794751174661344,0.2918483240009686,-0.3432426936000787,0.22764403358182625,0.1651426463168283,0.0013740012944383263
2017-08-30,0.017195221848613242,0.2887847081825482,-0.3774223869539903,0.23215344329591764,0.1918075539953696,-0.009571032442773762
2017-08-31,0.04713695984974558,0.32125219219456547,-0.3507854737666862,0.22340127753277744,0.2043181368796993,-0.01985684380321652
2017-09-01,0.05637568052303878,0.36019308803922034,-0.32460174386899504,0.22351848667471655,0.20475677339028947,-0.04526125536240863
2017-09-05,0.0058795918988027085,0.25130246949633206,-0.29052239907990546,0.2109746312143345,0.24620066399154275,0.02528103563037439
2017-09-06,0.009714140283464656,0.23899291149563895,-0.29157028550282177,0.2209267601206129,0.2425682070206249,0.03921102757849798
2017-09-07,0.001366554806339303,0.20432671680260903,-0.29065677110323673,0.19257177594974764,0.24052401974229728,0.06309829780694651
2017-09-08,-0.01229266019482802,0.16842647116179504,-0.28130077989428703,0.2112785133610444,0.223858850814759,0.03643539509295778
2017-09-11,0.029043293241646805,0.17715850768201366,-0.30357205190526715,0.2356888588859832,0.2455970864094435,0.04937279663904337
2017-09-12,0.022424768007062213,0.17990486130636518,-0.30841988406299503,0.2307422285320618,0.2507589872117747,0.045898406978446514
2017-09-13,0.030535464608306112,0.17821391508825135,-0.2991063785644208,0.22439804990306783,0.22897363270918097,0.03327384691204611
2017-09-14,0.018657138190413754,0.15983417482430992,-0.2603762096263592,0.20436529551845975,0.24658375931639526,0.0644363858194293
2017-09-15,0.0031994218515660083,0.14237450632208723,-0.1880946896624042,0.1981417073143918,0.3142453087923324,0.1276166269101611
2017-09-18,-0.015460921642929311,0.1514267665829517,-0.19297848726739528,0.21485105297896578,0.303631456788987,0.1485772673082055
2017-09-19,-0.01809788167140468,0.14959640704450156,-0.18893414827752622,0.212425352945829,0.2910713751516674,0.15169076758908134
2017-09-20,-0.0029612880331389498,0.1581985231799953,-0.15754760684735372,0.22110677689134878,0.306894747290415,0.16721124137171334
2017-09-21,-0.00931906589499979,0.15853679857337602,-0.1730184018053207,0.22402698176362917,0.30784417915301077,0.17651718415669407
2017-09-22,0.033608260249233274,0.15234550749026837,-0.17115401803364377,0.263375162661709,0.28269391504285724,0.18703474921831778
2017-09-25,0.027677251085950347,0.16634097682036225,-0.19395634847990223,0.2678359976222111,0.29145094045643183,0.16383544951790394
2017-09-26,0.03572068291809257,0.17253529072255985,-0.19082656108724108,0.2701699883428409,0.28631467830500035,0.1495948404540008
2017-09-27,0.016654025035008936,0.15732566792979466,-0.15580489862991115,0.20910677979848688,0.26254353874294784,0.1943110136734061
2017-09-28,0.012195819105410493,0.12539587607751784,-0.028663093502226344,0.21449745853040697,0.24436760410534494,0.26368743091523167
2017-09-29,-0.022231025664273964,0.11607850752650735,-0.035339227877075365,0.20633179498611498,0.23463287169215838,0.25948006775459437
2017-10-02,-0.006525569450143743,0.1627008375864051,-0.007529698777787491,0.18837769615471903,0.22171121093548113,0.23662242227413474
2017-10-03,0.0029304439810848974,0.16452303499109522,-0.05739670299894752,0.1874639137485814,0.2285954211912942,0.2345012497919075
2017-10-04,-0.001851591116437321,0.161869425034628,-0.057263768763915306,0.1895525687688293,0.22394341822561384,0.23312141854111276
2017-10-05,0.0017164142420155043,0.16636048784875265,-0.058070307635180195,0.2113640764220186,0.21971619084899602,0.2481831525004959
2017-10-06,0.006338179721377206,0.14466286294576147,-0.04604558943493533,0.21780756707908983,0.19565378277706433,0.26752647544996033
2017-10-09,-0.010250724358706796,0.13222320152939254,-0.06814730357562647,0.1948607723826087,0.158064212080068,0.26446488929916945
2017-10-10,-0.015501181963746663,0.12644484533518396,-0.07165007558159747,0.206335248591533,0.16680531334535056,0.27050021108759714
2017-10-11,-0.016359544748475036,0.1255942642524283,-0.07762213831788095,0.1804294475391169,0.14206858945522965,0.2746716899442027
2017-10-12,-0.06311923408093442,0.1054456481929964,-0.08944085929566946,0.17083595079522437,0.14391403186520677,0.27599233573923165
2017-10-13,-0.013969967064489958,0.09791961056159372,-0.07503566940202012,0.17863949197640175,0.1191546594329925,0.2749103024370265
2017-10-16,-0.019881822108543293,0.12332701782560435,-0.06947343495368923,0.16812312712542662,0.11947462268288346,0.2745038397399417
2017-10-17,-0.018573538707301426,0.11131563734911029,-0.08132560073219726,0.14911998908149673,0.11902215325609446,0.26604925854455674
2017-10-18,-0.01922216797564853,0.07696824785322748,-0.07801413408003856,0.1683901821373762,0.11184668166331617,0.26650404253529114
2017-10-19,-0.07474482885435842,0.13798986851958214,0.01401121949357913,0.1592257044657945,0.15030325820711238,0.26540490949474943
2017-10-20,-0.06602412398496312,0.13516566984267742,0.03794008449403203,0.1609269899049818,0.12669896592494018,0.2858018152535599
2017-10-23,-0.04426623656730537,0.14517422119322712,0.05263590883986782,0.15454533757740455,0.10562036798894031,0.279914596467309
2017-10-24,-0.007712860162451455,0.12662608738411243,0.03275464975887262,0.13442762052966883,0.07325259343695588,0.2793232651477981
2017-10-25,-0.01634524807836033,0.15100488158469674,0.24144476638543333,0.13810384624631347,0.05986882444830812,0.23000173245337835
2017-10-26,-0.010041246952494249,0.15258505904013167,0.2775433567159447,0.13587879973588074,0.06259456888005437,0.2152706036079638
2017-10-27,-0.03807344494031059,0.2078927192118299,0.22658698424897966,0.11970502502801532,0.06390075138985324,0.19782215165753197
2017-10-30,-0.043472328295452604,0.17620091980830244,0.21710241988024362,0.16349765568501548,0.15150710000216305,0.2494725221525583
2017-10-31,-0.05091697365032538,0.1771723561057017,0.25931119763053473,0.1580803232334727,0.15175542321503455,0.2604482004585517
2017-11-01,-0.05945938434382819,0.17283593804913036,0.25458295961539595,0.16213963391093364,0.1454275455519481,0.2630083302382903
2017-11-02,-0.0615492994185834,0.16590339880343435,0.2516130294202781,0.16017228348025436,0.1434653098581096,0.2543692619295007
2017-11-03,-0.046481470184752766,0.16931576120012504,0.24603032400551034,0.1688255277265369,0.12173893535442933,0.272281340744513
2017-11-06,-0.09156868553915949,0.15781164705172224,0.34596527932167437,0.1707469912729073,0.06886517749258456,0.267030886445572
2017-11-07,-0.07485857996400534,0.18419454844021757,0.3818875551295013,0.15717287628101712,0.04871896728409182,0.2471577130672822
2017-11-08,-0.07273038790788952,-0.003423919422455248,0.39319217069785234,0.0793768552372384,0.05825464463993418,0.07549160234351675
2017-11-09,-0.007320591180186038,-0.023460748892053646,0.3587553509099428,0.09231507300646086,0.0843771921324593,0.08953962964422729
2017-11-10,-0.02403160750751389,-0.08276013721982188,0.34164034474249116,0.04244007712200173,0.058414994550551005,0.07104564452888171
2017-11-13,-0.03663656502203438,-0.0836538150821988,0.3455839204672044,0.029004617326123323,0.055998614590034565,0.07219700704587162
2017-11-14,-0.005939072182841608,-0.07504410973572674,0.32090796880062616,0.033397072490211704,0.05553948698296693,0.06591655189444287
2017-11-15,-0.006847911904336178,-0.0504745817845864,0.314465062060144,0.04232296813152792,0.04800108481899588,0.06738895757813661
2017-11-16,0.002016607243057436,-0.053875441305419124,0.3169522908220419,0.028963824126897773,0.0639962329414055,0.0641165250195097
2017-11-17,-0.008768265273020466,-0.059378290944390524,0.32160903306089794,0.02720411884937174,0.06418214212386236,0.06184453345382405
2017-11-20,0.007871761560857777,-0.06060351528226444,0.3188324374265438,0.02618331697252071,0.0642390077113481,0.06184076487474109
2017-11-21,0.002705360832650555,-0.06471551684980718,0.31268733439418817,0.041993238152587306,0.0846098888702754,0.058813584211289203
2017-11-22,-0.004688574751430255,-0.06849350880602868,0.3112466966354031,0.04572847339117984,0.08377819379189189,0.05847112040767085
2017-11-24,0.004193753548797091,-0.06991621035011858,0.30818600986866757,0.04329217882035577,0.0926441108660034,0.06497788638188612
2017-11-27,-0.0055325111910719095,-0.06183662283857406,0.28018876329594256,0.05005190692590193,0.06871525259979905,0.06668065224458622
2017-11-28,-0.010950569491098862,-0.053698304757266495,0.2690922138093504,0.03768759278641343,0.0725214370903637,0.03757764273267415
2017-11-29,-0.032208693112022985,-0.0018358871705395,0.24547830378744986,0.003673314048357099,0.08272489549740701,0.0011248398949606836
2017-11-30,-0.009583435974172688,-0.00761302606366786,0.25185437037204544,-0.016133509554776035,0.08758533252965779,-0.0038283348654580677
2017-12-01,-0.029801159492097246,-0.013844343214053118,0.24268966326726288,0.003913087511051331,0.09741073423618046,-0.012410328309981926
2017-12-04,0.021912315602488693,-0.00877874648276365,0.24108766732025017,-0.02184993685748347,0.18663784867378566,-0.02114425684443645
2017-12-05,0.012602829717993036,-0.009699131223229402,0.23465540767735202,-0.031208521813392242,0.17693957406248997,-0.026515755704438346
2017-12-06,0.02639887420683413,0.02308541490128576,0.22105195978508083,-0.02568346483344738,0.17086973338226796,-0.03361922649655542
2017-12-07,0.034413249262272225,0.032992174615062556,0.22316130127321415,-0.03258246910585076,0.17003950560043224,-0.03562013378013905
2017-12-08,0.03225098773693928,0.037346078120834326,0.21766494612582646,-0.030084665373388938,0.173799471352691,-0.03786503748021258
2017-12-11,0.034007039268314235,0.03794840793767824,0.22279840416638896,-0.031545106884390474,0.17925059977622984,-0.04543513728369555
2017-12-12,0.021167573045270935,0.03932258752849723,0.22392473635607654,-0.03748197372952116,0.15055535799816636,-0.04573837636945131
2017-12-13,0.05834583335660765,0.049168689645588806,0.19756745573819023,-0.03387084896831867,0.13788809538120048,-0.05016341717982012
2017-12-14,0.0651735124086339,0.08016046790636433,0.170233824666685,-0.020073020633793758,0.11446013167167675,-0.06044609996448047
2017-12-15,0.08572241626467544,0.08758539704426435,0.1806532385268465,-0.014114547442763999,0.11735004841125063,-0.058129021810981486
2017-12-18,0.060493185339599555,0.084262220560576,0.18504637679415686,-0.02066436570132475,0.17755614615712878,-0.05042700274631295
2017-12-19,0.05747474851264622,0.09165438000705627,0.243578843975773,-0.027561492916287195,0.18251705453279626,-0.05341784395164665
2017-12-20,0.0590564470177158,0.08457084261178983,0.24629023010605705,-0.032333695047354685,0.18540314692073526,-0.0508929585603188
2017-12-21,0.06040277830612169,0.0671122266387783,0.21715685353888892,-0.006883204917452299,0.21238585925530876,-0.06542684314142913
2017-12-22,0.08432989138912805,0.06641607026429402,0.20456812114873227,-0.006248674661993353,0.22504393832859837,-0.06430219270422972
2017-12-26,0.08757618996732423,0.05558417979480394,0.1970319163690398,-0.011168756447713021,0.22732081299800044,-0.06211983947873393
2017-12-27,0.08868665782557453,0.057395175338698964,0.19541732446305973,-0.01541002735262339,0.23074713490321627,-0.06372656326380756
2017-12-28,0.0887179739114121,0.05584871497368287,0.22457281585886937,-0.015174390183952158,0.23725146278560322,-0.06133371661876911
2017-12-29,0.11116609151136449,0.06728193556286628,0.23239643760930737,-0.0022810415035466602,0.2509733269466304,-0.05072025711910184
2018-01-02,0.11600252008171173,0.0653254335064546,0.23358113515835163,-0.011438837979139749,0.33701969856815833,-0.0483039685955621
2018-01-03,0.11802929987156109,0.0561693739760917,0.2630746452772401,-0.012778293752839367,0.3319975518262716,-0.06416971819386681
2018-01-04,0.10776058463523391,0.06813106291437221,0.28635706693705837,-0.012346913120525193,0.32736264674955057,-0.04884569855714264
2018-01-05,0.11486677535626393,0.07502769032079325,0.2719279084570313,-0.022552137536371142,0.3176292000928786,-0.056568962924424954
2018-01-08,0.1135718924634383,0.07486972622635542,0.2732619173743181,-0.011362398671566272,0.33280352229355287,-0.06338754208259248
2018-01-09,0.11547886470541263,0.07492343187056859,0.2784348181768069,-0.011994682769399348,0.32565940513250635,-0.06748321475538487
2018-01-10,0.11701611668510192,0.07368974912302813,0.2798822337011122,-0.008622983294942762,0.32336928569710743,-0.07314696746171964
2018-01-11,0.12076049404431978,0.08605441299213437,0.28636682159342647,-0.003763295514750575,0.3239594976170074,-0.06380435404473467
2018-01-12,0.1254812881345722,0.08639530139627521,0.286791225724002,0.014469859133844729,0.32820064952554595,-0.06350150845223228
2018-01-16,0.14432054512330186,0.09924431864293569,0.2875628818864653,0.014525205529169173,0.3368214298506827,-0.05961554896304291
2018-01-17,0.15421710536502106,0.08055170239756416,0.2884199090150111,0.033844363460595384,0.3462466962660984,-0.0575637190107086
2018-01-18,0.15574100143990008,0.0824563253347468,0.28260961953198727,0.03692677225313123,0.34864111781264945,-0.06733828899307114
2018-01-19,0.14799040898682286,0.07248972829968701,0.27359646232550605,0.03808462543873908,0.35866601075607013,-0.06290064665947488
2018-01-22,0.12302195536993112,0.08213112078846463,0.2862626825537771,0.04665337579361126,0.376249113545833,-0.06225431260148331
2018-01-23,0.1307382904369239,0.07755774838210529,0.17803529508602586,0.046007057114720626,0.43406090163588573,-0.08900478788732452
2018-01-24,0.111681101917602,0.08165199402768704,0.1608293209073768,-0.006831357713586169,0.327317435519104,-0.07822049343020926
2018-01-25,0.11219575427631519,0.05350837383686616,0.19739731155616205,-0.016956788088250546,0.2801315828173107,-0.06372447546317878
2018-01-26,0.11471181656164764,0.0527921467738543,0.20418652228903258,-0.05235710382588819,0.19899542457492833,-0.11139986674064736
2018-01-29,0.12531452815404215,0.07229800701654833,0.17660640466150745,-0.041995461463575585,0.1919686185782069,-0.1269510371729717
2018-01-30,0.1656923134442005,0.09401867756599765,0.21006176191889905,-0.026653611102414747,0.2142962552222201,-0.11415040907275055
2018-01-31,0.1666364867193039,0.09529860244935988,0.1965005362704457,-0.019853105471724575,0.1799488841090601,-0.14168312079269246
2018-02-01,0.14222843699125506,0.09784694786687026,0.18418803129766503,-0.018032726782217023,0.16487540336622755,-0.1492740382715587
2018-02-02,0.23526107276816347,0.1282194464737162,0.1680178128291997,-0.005569900377116564,0.2438909907257951,-0.12594507921943318
2018-02-05,0.39188380709254855,0.25071803047290303,0.26866798542644854,0.18845738511029125,0.3596228634706601,0.00018750957047565032
2018-02-06,0.3895044678049726,0.5131338971616202,0.2605146157874321,0.2812162553024729,0.3631741886568461,0.14529641032497437
2018-02-07,0.38902374938903195,0.5061036391138717,0.27867290234177394,0.28483691110751297,0.3794168336282255,0.12351180774494316
2018-02-08,0.40381349186105103,0.5248205473814488,0.2954725774513818,0.34796854347727946,0.4129222420745271,0.1429917121756934
2018-02-09,0.3877080856316392,0.5037308455632217,0.2877381317814528,0.3605749438417441,0.421185581918387,0.15039936887164956
2018-02-12,0.3797172772404162,0.4657676798576373,0.3179080996263947,0.3553975101152967,0.4227612198279651,0.13395912320411318
2018-02-13,0.3680233929870996,0.4087251527677981,0.3082568896254171,0.35188417169079833,0.42276948897420435,0.1357634859083172
2018-02-14,0.37665876328709513,0.4387501433716506,0.3332858734306797,0.3724978731238467,0.42711632026755486,0.16151973296477767
2018-02-15,0.3731405575663121,0.4400026433131224,0.33167469909950104,0.35982120357490455,0.4177536753856943,0.1630183555851974
2018-02-16,0.3684550650246929,0.4496368301567262,0.32722020939499746,0.3667834372470395,0.3985390857962441,0.1556550090955722
2018-02-20,0.37222981474842365,0.4542362279473604,0.3292920111424397,0.3621509799751219,0.38047778253621245,0.1526288704324613
2018-02-21,0.3768561385073017,0.4508504414833153,0.3355415607934056,0.3589848155608068,0.38112323370826856,0.14582756836852812
2018-02-22,0.36485343962576633,0.4298300348978524,0.3382736586852356,0.3589077027680757,0.3809085916581161,0.14294788801516778
2018-02-23,0.3734232192760567,0.4412815255593433,0.3562954312748202,0.36772941745933485,0.38691805521871386,0.15126255083646464
2018-02-26,0.3694811288878527,0.45260462550871294,0.3588757313574948,0.40656483321264664,0.3948154930501852,0.220506854087768
2018-02-27,0.3875149986446861,0.44163358462503793,0.3820928435881071,0.44029135600069197,0.3872995370317394,0.2593961862678922
2018-02-28,0.38104371910411167,0.4721800925579424,0.39430374223840714,0.4557058200954902,0.390956616207336,0.29019701015895044
2018-03-01,0.3766315715089714,0.4434094119205162,0.4048665040520972,0.49816507988421144,0.3948590608313238,0.2987420845389638
2018-03-02,0.3806246139974663,0.46682061505334116,0.3981315710798724,0.5543619112192871,0.3477879896127113,0.3438223178498476
2018-03-05,0.3950558723615934,0.47215111378340135,0.39415016862745067,0.5609507141906858,0.34847059389732676,0.34049627433305235
2018-03-06,0.3939042761086596,0.4617168290151982,0.4050911322220184,0.5611187592532937,0.34389233940420477,0.34260727336118846
2018-03-07,0.374698110867486,0.40220372990820186,0.35538757937187687,0.5594329374568818,0.3463285412473837,0.36331772528798867
2018-03-08,0.3796312622501077,0.39660022142429496,0.35886483564271654,0.5660697565257349,0.33463077529323915,0.3661357433298514
2018-03-09,0.40496389955422213,0.426165708401163,0.3296283330667751,0.594794066471009,0.29608306590546274,0.3129915803977281
2018-03-12,0.4119090747529863,0.4263102043238799,0.3248482310523448,0.5977123291608623,0.31356324040359396,0.3170337237690144
2018-03-13,0.40173957253190046,0.4287973922611296,0.34051949429266526,0.5994599900965438,0.32341771832146426,0.31887421667854365
2018-03-14,0.3939803712020053,0.40735159230652734,0.3421861341739551,0.599358470520301,0.329489450131106,0.3333253150425087
2018-03-15,0.3873403860071385,0.40261017416881095,0.3396412324097773,0.5915190028443934,0.32312689876643963,0.32960337864811445
2018-03-16,0.38830771452439805,0.40011623738389634,0.35085914074948926,0.5922950421749951,0.29976484018656113,0.3237647243912251
2018-03-19,0.40988124011258503,0.4124509480907985,0.34671056953763163,0.6051268122854171,0.3006966588168175,0.3234933649482098
2018-03-20,0.41101166925718013,0.41609130881491124,0.3219718909422093,0.6063592109739722,0.29222924088729346,0.31457944024971896
2018-03-21,0.4101038300410503,0.4201178744283123,0.34744572690887743,0.6048671348938721,0.28775424501750013,0.31714516345103116
2018-03-22,0.4152038590767795,0.42050383219937526,0.36677081903183834,0.629234044883016,0.31137423965237576,0.34936172990681863
2018-03-23,0.4237308172732151,0.4356765390626874,0.3815457555774558,0.6393306649145353,0.32774751600494034,0.35933277249441137
2018-03-26,0.4365031461069842,0.4407700237064048,0.3717563940416244,0.6627866294111928,0.3000189146748218,0.30814179882896464
2018-03-27,0.4405149962023953,0.44442762266004354,0.37655546027819525,0.6689335808284856,0.3148070656296491,0.3279234235386775
2018-03-28,0.4471451593698258,0.4455243228989091,0.3757503229752094,0.6701333625484021,0.31807229862343506,0.3266790464748116
2018-03-29,0.4608363758305216,0.4338421725511733,0.39575356633419156,0.6773093186727339,0.27100189191645074,0.32616118458014326
2018-04-02,0.49020285746002024,0.46229512875876394,0.4029319927427721,0.6847639869625722,0.3153754175103853,0.3694363061027295
2018-04-03,0.504640749593626,0.46436606526017965,0.3864339392409088,0.6951466534165508,0.32941553234428683,0.3542611296417775
2018-04-04,0.5086747099251024,0.461869295788386,0.40669566883059005,0.6968356759057298,0.33690753631389525,0.36693518760975724
2018-04-05,0.5115313649558814,0.45650631687610055,0.41938416177013044,0.6954109635685627,0.3504463620611611,0.3698675234460401
2018-04-06,0.5232602989194844,0.4598438122755218,0.4377114685470107,0.6784429338402362,0.38971482737297153,0.3870944206808991
2018-04-09,0.5260452503726062,0.46827793697424025,0.4340465331461194,0.6795722731098655,0.3876314592359209,0.3972950217276642
2018-04-10,0.5398802017538022,0.45673273041983287,0.4526113258409134,0.6940318668802925,0.4029802550888642,0.3957986715155988
2018-04-11,0.5245399699457545,0.45158154784328125,0.4424147773167575,0.6946360298568968,0.40588032422574627,0.39538229115618806
2018-04-12,0.5220555598748964,0.4476364735122465,0.4380920568094516,0.6928475356607133,0.4075366845111338,0.39129861235817975
2018-04-13,0.512466230502926,0.4208866380260042,0.42763377239678413,0.6886490070931006,0.40441453246182213,0.38621445314079267
2018-04-16,0.5088337287139367,0.4186996971091481,0.43086584818126616,0.692226562057069,0.4117613844039716,0.4009637006111873
2018-04-17,0.5146675089802919,0.43510648350187886,0.4317521523295999,0.6925481708744123,0.41507935155163633,0.3927224909511367
2018-04-18,0.5047949594757845,0.4373052405343008,0.4195330326847834,0.6867854596278762,0.41561312159122654,0.3841645979433805
2018-04-19,0.5056581734486386,0.4360813561132978,0.4186144893580214,0.6900039231033138,0.41793922519469845,0.36617854695967644
2018-04-20,0.5309049260126839,0.43769913216087813,0.42134982862241066,0.751374334774169,0.46665754673875276,0.3631598902278888
2018-04-23,0.5463627527253833,0.43652347977066386,0.4214096265281878,0.7744915929702354,0.4958897706159821,0.36156773526961045
2018-04-24,0.5489818000024492,0.4379609142406732,0.4265351369911899,0.7740707870668171,0.49608721965836877,0.3547842049197839
2018-04-25,0.555106405131889,0.43195099124605,0.4265628019236935,0.7791880207978032,0.4865928260116269,0.3662851806796237
2018-04-26,0.5307969587784558,0.41653694567054916,0.29565434147824077,0.7775009459147549,0.46646713026373643,0.3343126321163109
2018-04-27,0.5219660840794978,0.41528245861216917,0.3016557839173372,0.7783308915354169,0.49493310438169696,0.3788929370711401
2018-04-30,0.5089384766692181,0.41390204257077984,0.3016865895755042,0.7806424254682114,0.5042235251008325,0.40039179758377935
2018-05-01,0.5146385544331075,0.408473995007857,0.2557645571393113,0.7769088869628196,0.5114503879453528,0.39259891161628396
2018-05-02,0.43687721780532407,0.3055432533539657,0.1704508385267158,0.7375362957090249,0.45418209547876304,0.31328132657663543
2018-05-03,0.4386461076428661,0.28666995121834077,0.16756983744435572,0.7162170425489117,0.4535815303895115,0.3061096429422104
2018-05-04,0.44797954016776403,0.3052004015459218,0.1748384493998456,0.7221317910967129,0.46261668712400394,0.3233071551954905
2018-05-07,0.4224621745411522,0.28648572667185357,0.15575154650633627,0.7199193558455037,0.4499567785109465,0.307335199509263
2018-05-08,0.43360043734406584,0.31263009543718695,0.161251545058828,0.7071960892552117,0.4475231858825888,0.3059677716103052
2018-05-09,0.44341379262544856,0.31586861007227707,0.14462321123863467,0.6738544850495857,0.45451617348044715,0.2887250666124825
2018-05-10,0.4608299253890286,0.37087360534567027,0.15764582281961004,0.6879321466618045,0.45708803382604773,0.2929952610947172
2018-05-11,0.4433270851212039,0.3458805325707092,0.12267155473347954,0.6768558504427216,0.44035520821254365,0.27761148299172844
2018-05-14,0.45131889831872607,0.3457531563097927,0.12250733998664366,0.6886675090114626,0.4547911662678131,0.2767306523739184
2018-05-15,0.4449488609914152,0.34603366463577595,0.1205733663801595,0.6516125462744701,0.44559398168648784,0.2915973959128485
2018-05-16,0.4483925332457903,0.34438041763458155,0.11802004821626391,0.6576163637522703,0.46388927508355304,0.2974059793481337
2018-05-17,0.449695214779933,0.3644913938326421,0.10437226701998388,0.655662021582871,0.46360370677465834,0.29931353276274175
2018-05-18,0.45033462767933585,0.3819267137756273,0.09390526826577185,0.6550778535240873,0.4664766938873002,0.3024121346988988
2018-05-21,0.44717310661606835,0.37788319641286167,0.0886805492241363,0.6519879272768099,0.46100836376908905,0.29419955518880114
2018-05-22,0.46547239640160365,0.37723179136558277,0.09512654771109766,0.6428672191934204,0.45114253726483533,0.28565503683528737
2018-05-23,0.46507867296974975,0.3611401953473736,0.0998529565373285,0.6465363427080827,0.4525345994713024,0.2916297425623493
2018-05-24,0.4514669290127372,0.3286818608979359,0.06367811298669059,0.6568823895664773,0.4575637504563212,0.2675074753471876
2018-05-25,0.44894022010655216,0.3595592450995148,0.049401753895481404,0.6298133480290506,0.449712198583369,0.24913509207218296
2018-05-29,0.4368969601327189,0.34558125824888614,0.05425814819690326,0.633586310540127,0.46132935818480875,0.2674179972682415
2018-05-30,0.4303417915991799,0.3560262183648822,0.06738691419420484,0.6362937489205435,0.47056163337095563,0.28884274645653507
2018-05-31,0.43667193320891956,0.3621164430407007,0.06922501328157797,0.6402072787027725,0.4797258818350332,0.29356205088710413
2018-06-01,0.4786374503480754,0.43991466975302274,0.1408702502579796,0.6433725276749134,0.4897799864570256,0.27794535943676374
2018-06-04,0.46411537178032414,0.43050268617329107,0.12424731281163282,0.6446678654140611,0.5093951911517617,0.2858746227758287
2018-06-05,0.43559022714833534,0.39442109427427446,0.152507835361473,0.6142225482340985,0.5627201055338957,0.34451380115031704
2018-06-06,0.43603211243185896,0.3920317431293792,0.15453805763229414,0.6163832832938355,0.5667745367527329,0.3702382288588855
2018-06-07,0.43002518156488356,0.38843168532111755,0.14001294478661572,0.6176294063559491,0.565722102336276,0.37130701097124996
2018-06-08,0.428185033286128,0.3798908289609908,0.13337226549042283,0.6149030363486704,0.5633642814799953,0.3653233674802224
2018-06-11,0.42946659794849074,0.3806780307894552,0.12905859635982264,0.6165869226237018,0.5583517593925724,0.35617259470687845
2018-06-12,0.4316929068565747,0.3873961654098118,0.1261257313864951,0.6132590595948678,0.5619842090362754,0.36077462466648086
2018-06-13,0.41338955350057066,0.36774391095194453,0.11651836061342742,0.6066809106026433,0.5542971003767325,0.3499934628142289
2018-06-14,0.4105553458261853,0.3658033365160466,0.14316361787087073,0.6067389043598799,0.5665277080976688,0.3575198724149906
2018-06-15,0.4370185442719866,0.35473529978246454,0.1402731904490113,0.6049974233983442,0.5682709492858945,0.3547078221004725
2018-06-18,0.42011472289345675,0.33736864481741047,0.14850291816037256,0.5750243917424782,0.5409627022999657,0.31628249763691824
2018-06-19,0.41030942768432327,0.3210573450010994,0.1399873825661282,0.5473546251766608,0.5319261104281703,0.28623454178057356
2018-06-20,0.3902945440404966,0.2807266534919788,0.14438863255310316,0.4967172565626457,0.5864490120510539,0.38750028320108176
2018-06-21,0.38628535958248855,0.2686302677191931,0.1519815934137936,0.4832925120580583,0.5725926216911088,0.3546179259956921
2018-06-22,0.35761897144552374,0.2434253307555702,0.13081084505686907,0.4687227220862787,0.5645263142376165,0.34355144817588273
2018-06-25,0.3762554633828578,0.2563820380345309,0.16658748934899392,0.47144449844860364,0.5812195003913411,0.3438455014690104
2018-06-26,0.310396911976259,0.19198803738937018,0.10886800867029679,0.43310432619148814,0.5453595777521317,0.2972889291972119
2018-06-27,0.27195939840158234,0.12849001311329294,0.08631881783113128,0.4243106722157751,0.5571534598821148,0.3277764160900278
2018-06-28,0.2622819445137071,0.12364490927201395,0.08152409266445504,0.4203053670033842,0.5571291390068115,0.32516334999233165
2018-06-29,0.24630526278807624,0.1355359063338517,0.055313248676124936,0.4193528552092391,0.5566569259540333,0.3193382392887096
2018-07-02,0.16863435437776825,0.07412890182870083,0.007043660496949221,0.40984477794549357,0.5302702540846393,0.30389300838089545
2018-07-03,0.16001253892923656,0.07252419684233428,0.003084147629018329,0.41344619369467384,0.5472473070881697,0.30502708436350534
2018-07-05,0.11936897967122478,0.05034970881274435,-0.038873983652689625,0.4095523594171129,0.5373315567286148,0.3014328691306394
2018-07-06,0.15798389016396222,0.07055673741279567,-0.004184221419206299,0.4160700835112095,0.5451444703306884,0.31224086975502713
2018-07-09,0.16424363095203848,0.0943764066966433,0.0011778074763410845,0.4193953199451606,0.5432137710911421,0.31448424134511116
2018-07-10,0.17967000086306117,0.13811258765606554,0.01510074881452044,0.40272484786696283,0.5338884896037032,0.30293902245369847
2018-07-11,0.19767926028052138,0.18984977136436645,0.04758284284631387,0.40112597895940477,0.5385463278411042,0.31556347693069614
2018-07-12,0.19899144903976165,0.1888459303695822,0.04831055888639422,0.4041255154020813,0.5321539304712162,0.32038481942598374
2018-07-13,0.2127544959257212,0.1668019357836697,0.07083321271367174,0.4187767889766914,0.5187382383328557,0.3154400081905507
2018-07-16,0.27030110409353986,0.1468689374732738,0.05826052898477792,0.38646729031356636,0.5024379717275913,0.34635225892856164
2018-07-17,0.2488527182297324,0.13968376775187136,0.051336124718089717,0.39632183348160466,0.4936074909742546,0.3472075433807405
2018-07-18,0.2610417229981617,0.1495136932203775,0.049957214619646424,0.42108150765460484,0.446114428870458,0.33501354374993175
2018-07-19,0.24086338297212684,0.14337024461135045,0.04628223287438218,0.40197093379787646,0.45244753200146975,0.33108160535888514
2018-07-20,0.24017068253707244,0.13235288387815045,0.09203104008477417,0.38886951088601107,0.4787108116800838,0.3366793808451528
2018-07-23,0.2618825703273169,0.14188228200066383,0.19244262980636787,0.378292908473992,0.4810272995422196,0.3616744170745016
2018-07-24,0.2767949815798612,0.12767801216553049,0.17899051931998977,0.357112669979541,0.42400436929290014,0.36670933518337717
2018-07-25,0.2906955616690974,0.1178006875359479,0.18723821187453757,0.34839494405020155,0.3867923927126202,0.31007168479668146
2018-07-26,0.28024203228117023,0.11258054042040194,0.10382817858213177,0.3559758259665472,0.34017666009299574,0.2994411560141757
2018-07-27,0.2897806217196912,0.11143158278137462,0.09257838116235888,0.3290234995980054,0.31404291258420897,0.2850245028823973
2018-07-30,0.28382469777227376,0.11764259821356983,0.09940848191563188,0.3514996556603673,0.3102773671774975,0.27974897990376185
2018-07-31,0.27670954624388794,0.10154352797070564,0.06319803836826803,0.3316014160212427,0.2757594828862857,0.2494620407570442
2018-08-01,0.2848565598801948,0.11009492214064853,0.05951263953145138,0.3430984633752021,0.2664107860446976,0.2498751291318668
2018-08-02,0.3128116278528571,0.11103791172246369,0.06894021558158059,0.346908722975593,0.2625861722028622,0.25085208180105545
2018-08-03,0.301821811025021,0.17918484830642548,0.05150950776488699,0.41886632695142445,0.241009572693329,0.3039684297909005
2018-08-06,0.28683434779110156,0.1675828855937355,0.05894305120557969,0.3925774986532537,0.23383114890012205,0.30848722814732576
2018-08-07,0.29554034810524354,0.159536263030308,0.05209005203487915,0.4162395783819942,0.24941268942902453,0.3003463210557627
2018-08-08,0.2890268215019229,0.10760583919552928,0.053830342665306834,0.4105339285015429,0.2429739738062694,0.279687824719613
2018-08-09,0.32044478387857606,0.14628249247644043,0.07838983531234589,0.45680539084585464,0.27556923247835824,0.2983207763677602
2018-08-10,0.3131085993472118,0.14370599356848768,0.0763258116046046,0.46051953011587005,0.27603789404479884,0.29900817347524683
2018-08-13,0.3182073488245986,0.12021675519953298,0.07014292581503566,0.469585212416342,0.2581592284285605,0.2971263585574497
2018-08-14,0.3300792478470452,0.13024629167804916,0.07334937279772671,0.4724599077409223,0.25778972804595257,0.2970684242418863
2018-08-15,0.32596415081481045,0.18546549019511901,0.09733038141532277,0.4616932323593704,0.26409700892011323,0.3146936656264031
2018-08-16,0.3227616583589702,0.19356045395018856,0.07746832562508445,0.4701935730336069,0.24336425019664162,0.30203028545179395
2018-08-17,0.3247815452244129,0.19483590334899342,0.07544052479520802,0.4681990032343415,0.24853897481135143,0.30131501256810894
2018-08-20,0.33713470997708406,0.19783125829650766,0.08175338254996166,0.4689072145405987,0.2416849089768993,0.30060743109010657
2018-08-21,0.3459806371869529,0.16208572843527388,0.09340280889926583,0.4593922716966807,0.24269468783640805,0.3099093860991095
2018-08-22,0.3849294924817158,0.1362213303373482,0.10665129310339415,0.38678124659105834,0.237698663826393,0.2841672749641869
2018-08-23,0.3649979190721116,0.10949259491970731,0.06882430016150427,0.3475403846620102,0.22289652845132418,0.19948472883042023
2018-08-24,0.3609025275340989,0.10037590864170065,0.07675064417992548,0.3310544132059684,0.2200884684209621,0.20086068633582244
2018-08-27,0.3516175352940493,0.09068104115733919,0.07095242979992307,0.3209013711330831,0.21692189936666895,0.1893648534875912
2018-08-28,0.37321678442965156,0.0878738369135473,0.08524225025551807,0.3143293388842133,0.21014705686427718,0.1774902357999496
2018-08-29,0.37740647911823216,0.0953048042066393,0.08320315716510172,0.31615418324840994,0.20870545251693215,0.17462543461108193
2018-08-30,0.37006389608203005,0.08264880540543851,0.0686730995363167,0.3045123133053522,0.1969028572989981,0.14648301594487914
2018-08-31,0.3830104778943806,0.09290829530571426,0.08730453515022384,0.29792806450185727,0.17973767434374732,0.125977735944628
2018-09-04,0.3694786251730952,0.08758923007409526,0.012101911706036009,0.3013388374730289,0.18252324913361534,0.13653833637695048
2018-09-05,0.3667779773099331,0.09194338186127472,0.012365267935659029,0.3294568848789599,0.17609190887887793,0.1403737815594553
2018-09-06,0.36216836943279423,0.05095702398599144,0.043127739579396286,0.3199627160354766,0.1801740244953266,0.1276401491687554
2018-09-07,0.3588986479627691,0.046543152427687716,0.04733195147565041,0.31803786543734114,0.17900028559578665,0.1279571690586268
2018-09-10,0.35555549092822836,0.044174767144806074,0.04407871045716589,0.3174376790095743,0.1916874585268047,0.1333583600631945
2018-09-11,0.3479473414545352,0.04253368915403202,0.03889034602123861,0.32078304175327416,0.19133513629132773,0.13621152241839307
2018-09-12,0.36164858057272625,0.048580457746482654,0.030703292951727194,0.3160109855185228,0.20598505816381707,0.13176847960356847
2018-09-13,0.34842890873380317,0.049416769080440744,0.024062680945343935,0.3013573922469238,0.11545901289618886,0.14007697993916926
2018-09-14,0.35681626123863164,0.09541267282417694,0.048588212437517236,0.2810393826038718,0.1006440079359181,0.16292642510293331
2018-09-17,0.3311953439361363,0.07455428516924871,0.019744423183548614,0.2889373076015778,0.0906027276217791,0.1523251027306859
2018-09-18,0.35617955426246706,-0.06743859237020977,0.0066735950651836936,0.1150609610662833,0.07773821101268512,0.1751388314178983
2018-09-19,0.3036420705722076,-0.09027687674492398,-0.05642320766106341,0.11087765131393364,0.026395350111380382,0.18817208231308777
2018-09-20,0.31029415755106465,-0.08056874758160519,-0.06385791135887371,0.11366925547513171,0.02587011975268348,0.17525327509356736
2018-09-21,0.339943986968275,-0.02542815114155709,-0.03924621831884259,0.10179492660121521,0.007833367612535967,0.1366476588367074
2018-09-24,0.37346187998867164,-0.04234284560321787,-0.018059203957314137,0.045387213062665056,0.05756089679614012,0.11939182394731285
2018-09-25,0.384317919402387,-0.04814095513396581,0.0014712551518095236,0.05357397804978989,0.04131625450673692,0.11770905688607822
2018-09-26,0.37154912922085953,-0.008466179903651299,0.01192425344535676,0.04670748614054344,0.03414139510037049,0.12878350573465014
2018-09-27,0.38112860148715716,-0.009092542011924212,0.02123324281495726,0.04472957984446416,0.0277230215991814,0.12682193352897778
2018-09-28,0.37934367337385644,-0.010712995224939115,0.020622184453781292,0.03981550890687749,0.017693907377574355,0.13094197573706776
2018-10-01,0.3788017464688336,-0.029758310185907615,0.007613980520217061,0.02695252584555475,-0.0008181012637798416,0.12139468451335468
2018-10-02,0.3882234045081466,-0.04515575579871596,0.04337084529806065,0.02887510397524331,0.025350371758980236,0.12907668782965537
2018-10-03,0.34811376377970826,-0.0396895490754631,0.03923056606103419,0.014700188739504606,0.05810582671147097,0.12013745798999843
2018-10-04,0.3478109275569511,-0.10089728417526153,0.029469031419476623,-0.0008033018320286483,0.05850255387092954,0.1013038399871493
2018-10-05,0.3488793267441319,-0.09849750466752444,0.03212287902955266,0.004220935262624564,0.0636785309855852,0.10650399266495218
2018-10-08,0.35368509658874064,-0.09519350423474311,0.049131978106202984,0.0010275285839796533,0.07321384111374271,0.11360269856717839
2018-10-09,0.2796914393486928,-0.10095159522829467,0.07203212575468348,0.010911222222439848,0.0815835819260145,0.10836790328848817
2018-10-10,0.4460840868201141,0.10417267351682978,0.20719646595848984,0.14489565612168184,0.1844967835067125,0.19508059162688085
2018-10-11,0.46196135387822435,0.142354380213,0.2038740482586954,0.14021237225515423,0.2041605990763104,0.186981121804436
2018-10-12,0.4819990363283444,0.1325530896888399,0.21106255859650397,0.12760342447718853,0.21099457344310338,0.17429990671019213
2018-10-15,0.4823798493502327,0.1289852146329685,0.2099559008387656,0.11903281326270775,0.20835555370935863,0.1741125176048236
2018-10-16,0.4553044796631839,0.12784570712602442,0.20832118624098298,0.18821204096236818,0.26151698625255276,0.20845341978706594
2018-10-17,0.45718493756857187,0.12979097903918477,0.2305384724898294,0.19636817256569827,0.3050241017392083,0.2036043154132343
2018-10-18,0.45877547695578225,0.1451424031635625,0.23534983072940463,0.2095452342404664,0.3312208896213512,0.2321257679701465
2018-10-19,0.46691430475280654,0.1465224487303325,0.28543754008332783,0.19909077344569956,0.3453971951234081,0.18588513579352398
2018-10-22,0.44858809818116496,0.1452627804509287,0.27847619064273915,0.2039158437564403,0.3689781778199933,0.18868431518030473
2018-10-23,0.44924830096553087,0.1517938548966761,0.27173215909283505,0.20374932269430543,0.3713480092666248,0.1895316840600603
2018-10-24,0.493079457499093,0.2734721919071302,0.3652417563165576,0.2919127332914255,0.4353589047493676,0.3027939981774555
2018-10-25,0.4949252368703315,0.28200640077502537,0.28748817039237645,0.3016588397533102,0.3491028578660517,0.2156372486240292
2018-10-26,0.507447817451698,0.28317755877842443,0.29548847500987324,0.3077897637769168,0.36617010191092614,0.2215385656374602
2018-10-29,0.4860608153414889,0.2563711273120154,0.3137315724722066,0.30996627735310084,0.36458108065239714,0.20849313371765457
2018-10-30,0.4940152374147158,0.2580642724782425,0.31101706343050395,0.3148000610157567,0.3719853958256757,0.2057648181037988
2018-10-31,0.5018893534705066,0.25784595602618604,0.3141356516011385,0.3155847495315744,0.3884731205662997,0.20440623401677113
2018-11-01,0.5072994954834166,0.2915071949097502,0.32008611002495246,0.34157384461393353,0.41485813164723656,0.2460297262887602
2018-11-02,0.5029040790883718,0.2695864054953986,0.3110773421214372,0.33805919794715034,0.413109156438276,0.24091702317845848
2018-11-05,0.49733808106592226,0.27037924822822845,0.2891917526982917,0.3392225893398051,0.4135194106796334,0.238707759922822
2018-11-06,0.49232016222018243,0.26709525604918605,0.29751483246589583,0.34236665204179506,0.43115366562678253,0.25226081175374954
2018-11-07,0.5159376507211125,0.2592486692222985,0.31645931105106234,0.34068669707842897,0.44543334082923597,0.2508145573833247
2018-11-08,0.5046238390782026,0.21277168296798532,0.3219479569810043,0.3396899392222799,0.4390280829117695,0.23444447194313978
2018-11-09,0.49906709245971337,0.20637482941225094,0.3316042728316311,0.3381180490753076,0.44678000740467044,0.24008735030305592
2018-11-12,0.5225464552088726,0.22402921133464554,0.3587598378134908,0.35886779197725344,0.4848523623367375,0.26137194539583836
2018-11-13,0.536708969795758,0.2054909962992218,0.34297391115745374,0.33823413121656637,0.46664134673641217,0.2658205701382373
2018-11-14,0.5365935246178225,0.19909498683010732,0.3402019728210744,0.34232710167547253,0.4586482724577156,0.2519164511828033
2018-11-15,0.5376759382280797,0.2229708473064402,0.34246359830270595,0.36172807366314697,0.4607820648906723,0.2608352026224896
2018-11-16,0.5401704942167426,0.22121238858614128,0.3469114593680783,0.36607094628518566,0.441177478743505,0.2768872700564941
2018-11-19,0.5401575318015892,0.22316111017399426,0.34663093940000345,0.37636477500103444,0.46464843933671507,0.2837428724664044
2018-11-20,0.5542600012905055,0.2553557519243295,0.32630729067368597,0.4026985123478692,0.4446093996471956,0.273649534503089
2018-11-21,0.5341308287676502,0.2740765947567435,0.3135440200124851,0.3899365552031171,0.44663369756795823,0.26553260635377274
2018-11-23,0.531881649963024,0.25589415297918733,0.281182576920463,0.3862971976780092,0.4379880114088078,0.2658378862205971
2018-11-26,0.5308253149903416,0.25381568970289614,0.2802296104113369,0.3904744229330821,0.44244538016884044,0.27103242777271147
2018-11-27,0.5302074254920064,0.2448115473461366,0.2838895455904833,0.3621563776804762,0.4513512554924656,0.24272391653194117
2018-11-28,0.536708053469369,0.27304359330841593,0.33605354522715614,0.42586427707750024,0.4448433542155488,0.23758211166683219
2018-11-29,0.542915423482827,0.2752148679913964,0.3372516688018612,0.42209886706070354,0.45851637332221695,0.24239357122433897
2018-11-30,0.5411176526096609,0.2945245942429212,0.3342355655741516,0.42370514167652945,0.45565296314599973,0.24652702502799964
2018-12-03,0.5232443561322996,0.27180806299794796,0.38475291691306496,0.421864795564908,0.44154433016331673,0.2266478815294686
2018-12-04,0.5361070946507709,0.3017247438493327,0.4135648774868445,0.48586027794310843,0.4902757001924514,0.29205080958586943
2018-12-06,0.5405388122833307,0.3110267717787332,0.4064944591653791,0.4852921774947847,0.49015710110786714,0.28937826967964914
2018-12-07,0.5408578110575172,0.3164517517921672,0.40426170803952705,0.5020881023703015,0.5101912684102592,0.3160108373441409
2018-12-10,0.5275095062630404,0.32009374775110233,0.3998666995996368,0.4955985915848644,0.5455792766207541,0.313845159911708
2018-12-11,0.5340838812437189,0.3092487569190908,0.3920471410635399,0.49566843842158287,0.5575824184046108,0.29671794818089015
2018-12-12,0.5452550365163205,0.3102488003427691,0.3924864331931255,0.49927573085841004,0.5619130498454856,0.3017881858722569
2018-12-13,0.5357552829764433,0.42359235114192934,0.39597059982867744,0.5879385033732051,0.5667069899189093,0.322523173229514
2018-12-14,0.5461083764259453,0.4452695958430991,0.3971654808451648,0.6005014799567995,0.5563966569341203,0.3136667362685397
2018-12-17,0.5507945796597806,0.44058024217379016,0.4035997186423664,0.594867689101209,0.5621871316447143,0.3077022361089567
2018-12-18,0.5276039245457786,0.4083835041008741,0.3685441970227324,0.6021116581815349,0.562554155748539,0.3144566849270894
2018-12-19,0.5174703252513267,0.43199894906351566,0.3652488214727091,0.6466043865929119,0.5584993604853116,0.3416174216525167
2018-12-20,0.5181336702530703,0.43620429740046557,0.3559428767414722,0.6452010689831945,0.5586644180095424,0.3413820243550006
2018-12-21,0.5341578130533154,0.44265873241404224,0.36920768138916027,0.6562299011394304,0.5671358197860099,0.34831165278830534
2018-12-24,0.5490172699168563,0.4965092558429728,0.32346343013676043,0.6712078778360216,0.5593197411939559,0.3412693474454636
2018-12-26,0.6449962842935979,0.5887008342389879,0.3784624692639217,0.7279121018920481,0.5858119052836254,0.38711654896003733
2018-12-27,0.6495805064401031,0.5927613001925057,0.3656319112695246,0.7249873835871825,0.5764325038615098,0.3870939933771933
2018-12-28,0.6429327015980351,0.5933978827711802,0.3594948515415934,0.7224458890084274,0.5814112047665109,0.3895335357497867
2018-12-31,0.6665659196455628,0.5926491878738384,0.3657931224169006,0.7493478259447941,0.5894272437676753,0.3994367615485049
2019-01-02,0.5733763595181556,0.5800085467950151,0.36864941049177585,0.7314666590702319,0.550444946547498,0.40162864825588207
2019-01-03,0.5319856846468475,0.5682589980286233,0.35141929738239946,0.7313732539039989,0.5756396897741952,0.4170497045569601
2019-01-04,0.555561179627853,0.6032174354929865,0.4047139322512968,0.7433735850625794,0.5958926268399848,0.4589320199130952
2019-01-07,0.5652842312967392,0.600061006015448,0.4231689386537958,0.7421428451105831,0.6033179023595883,0.4574189890462235
2019-01-08,0.5329899963972684,0.5805567825237952,0.3981524758327804,0.7127996980049081,0.5844729480601477,0.4361295647036096
2019-01-09,0.5381448755605601,0.5865845604858103,0.38873318218904224,0.7207350575373357,0.5768639438947669,0.43737850900581443
2019-01-10,0.5250080794108064,0.5959580179469786,0.3750075324209276,0.727648992232473,0.5738580757893698,0.44360653196657635
2019-01-11,0.5237954993327366,0.6006521123342329,0.37159068053217176,0.7347846022935911,0.5749527596505806,0.43983352973867273
2019-01-14,0.5306248211497581,0.6059252895497912,0.3731959145855678,0.72583361814426,0.5561803699440357,0.4224425479800614
2019-01-15,0.5337511753985276,0.6084117190033331,0.37212088957738876,0.7208716264080373,0.5469616356586647,0.4251750376769725
2019-01-16,0.5396190192523866,0.5954170430106547,0.3722263173374499,0.6969326427800162,0.5505258501628283,0.40509854088566943
2019-01-17,0.5408687151716233,0.5977321972957399,0.38104168129699795,0.7018918303666792,0.5560777685911754,0.4314003268399981
2019-01-18,0.5481599782263654,0.6006136901387996,0.391677258484288,0.7010231210735249,0.553752396661758,0.4343191242679702
2019-01-22,0.5489114009560655,0.6018043112238812,0.39710860206357446,0.7001156180140922,0.5503980078078152,0.4377261854830012
2019-01-23,0.5356145893508905,0.5840557423524958,0.3709249168040972,0.7004414246435557,0.5272878435135424,0.39362949562509136
2019-01-24,0.5321040894474564,0.5809468474318099,0.4213216583259434,0.7004123995466509,0.6000004599102168,0.4737706572289677
2019-01-25,0.5267989597598718,0.5796620339575475,0.43258536874437037,0.6991969605856828,0.598212812190653,0.47584142848360383
2019-01-28,0.5397908196190694,0.592567549638019,0.43200475071395256,0.6842692170643907,0.6234782316700513,0.4784017651938481
2019-01-29,0.537764834119559,0.5906694915278107,0.42523196828915966,0.6803492881955049,0.6093296441483567,0.47693540151880337
2019-01-30,0.5500726682164379,0.5866214873950832,0.44392231001662436,0.6746196733558733,0.612753852963979,0.4377485693679003
2019-01-31,0.5475650358830528,0.5815221174760155,0.4476170806399647,0.6749582999454046,0.6135564205437369,0.4298535683425035
2019-02-01,0.5385479260969048,0.5918228258436918,0.44566475048423543,0.6683819976443988,0.6125565620075845,0.42949208844720216
2019-02-04,0.5426911291774009,0.5935874685606952,0.4583577940279049,0.6675709101666972,0.6129584630118666,0.4274462034228266
2019-02-05,0.5365128841494001,0.5916460943722026,0.46369131806820085,0.6679066873361535,0.6041477520317303,0.4166923253705653
2019-02-06,0.5277672379670036,0.5933872359961706,0.4529995148270296,0.670238542209785,0.596657999948459,0.41809156505080075
2019-02-07,0.5371570353497699,0.6104401802304038,0.4528230260653295,0.6716884176143686,0.6036040747409545,0.43244106042880287
2019-02-08,0.5370343895302294,0.6009455330347001,0.4530469515937501,0.6675249265298216,0.6040356702415945,0.42931041182838714
2019-02-11,0.5292354467468189,0.5786216149704402,0.4403590488463982,0.6546859147898302,0.5842165999505933,0.41531565563364803
2019-02-12,0.5308482135073977,0.5961322736718336,0.44408004296553666,0.6740294453108711,0.5874937599366162,0.4069409000524836
2019-02-13,0.5249651648810179,0.5963586686445728,0.4472548366725346,0.6719223493066101,0.5948849677622355,0.41816040081765554
2019-02-14,0.5161850806015313,0.5829789059750822,0.4444971387128502,0.6704322799867716,0.5901229674634954,0.4106662434934262
2019-02-15,0.5167396213353129,0.5781167467080163,0.4507618987143287,0.6761281903977555,0.6107078784649912,0.41831534852666336
2019-02-19,0.515501905934523,0.5766890599787718,0.45033669148353334,0.6730425476512063,0.5992445739260048,0.41006643496281164
2019-02-20,0.5059971085636106,0.5673800610158649,0.45329548235102574,0.664584830006527,0.6051927850348426,0.41610302548470957
2019-02-21,0.5158608042453964,0.5613949095571023,0.46296450622205276,0.6760903393160358,0.6033385429665459,0.42841023399398465
2019-02-22,0.5101740453368356,0.5679258220759942,0.4830817163640048,0.6792547775616018,0.6104587001130795,0.4298955773973497
2019-02-25,0.514282938575058,0.5715461941096662,0.48904879105100485,0.6761345990771548,0.6091643514383758,0.42664308304743137
2019-02-26,0.5155694773939753,0.5806208528212029,0.4910771139410616,0.7017161451811577,0.6063080424534616,0.45429776477130923
2019-02-27,0.5241544888017572,0.587386277829084,0.4866375302444849,0.6777042906992596,0.6205542927919989,0.4524028641861884
2019-02-28,0.5227369829480187,0.587215835125987,0.48656866866580334,0.6765682264769236,0.6205029171528842,0.45256636081114837
2019-03-01,0.5308636430376356,0.5897539784195912,0.4851539567379207,0.6816560853751024,0.622363396279,0.4516102400752293
2019-03-04,0.5369519715085493,0.6054227311033524,0.4607900811745024,0.6787050381217596,0.6451117865842033,0.4898193903465843
2019-03-05,0.5299640624249822,0.6145857766006114,0.4503280077087112,0.6464052174756307,0.6127314674533314,0.42435234747948164
2019-03-06,0.5344697538498505,0.6196804349432826,0.4674752142905238,0.6494387150825411,0.6144113854626918,0.43964402368298006
2019-03-07,0.5317479872861556,0.623057901370286,0.46761724375101804,0.6381249312347361,0.5999326104193586,0.40741342905329336
2019-03-08,0.5437141986064182,0.6170748907536029,0.4755917096920802,0.6551454312571718,0.5976772211447868,0.4189201047449221
2019-03-11,0.5456099141462143,0.6230929121697645,0.4789324365955995,0.6678246872927669,0.6054514642185843,0.42235246949405636
2019-03-12,0.5487657585665985,0.6261056218725819,0.4838081577006853,0.6664823751697994,0.6044431052229889,0.41991726618386144
2019-03-13,0.5511979759032305,0.6277041086797482,0.48691287176791,0.665484899105611,0.6024408641916248,0.4174227685186971
2019-03-14,0.5436478649607257,0.6216824047328227,0.48899713453691246,0.655125592618432,0.6059534343225415,0.42179132605681013
2019-03-15,0.5374563174949819,0.6260637620982978,0.48147293148773507,0.6662928264185821,0.5994472426158415,0.43498977034428044
2019-03-18,0.5440419132408331,0.6378417356000838,0.511981650210807,0.6461252996332553,0.5982558955392068,0.43347803426593834
2019-03-19,0.5229350461928766,0.6346368482039777,0.4423261512820763,0.6112867718714932,0.5845147833619941,0.32414413217248444
2019-03-20,0.5124340021959566,0.5912333935307447,0.433064588937937,0.6012702521523049,0.5831086742237278,0.3240562516899869
2019-03-21,0.49729017528058805,0.5755681638987898,0.40746239870666434,0.5918899052847537,0.5565066849945888,0.2860264149399076
2019-03-22,0.4862261267980184,0.5240968015242184,0.4598683418954324,0.5919217918016835,0.5724303412964371,0.31532714026426983
2019-03-25,0.334149041225171,0.39354120706528195,0.4286724411810397,0.4915522799045611,0.5564795182052297,0.26279390884344384
2019-03-26,0.330555294631037,0.4155116035996867,0.43406095365318037,0.5020122288334359,0.5654542522415376,0.23934378637246964
2019-03-27,0.348066244889066,0.40825365378893885,0.45644077915417414,0.509799128081194,0.5659807887152887,0.24713075347869168
2019-03-28,0.35542701038369695,0.4114380599735103,0.4599130995824973,0.5015763165037441,0.5608425360956089,0.2413007107647731
2019-03-29,0.46370136922001,0.4416400527199723,0.4555648962947978,0.5036708199763811,0.6167951449799727,0.24451794608441374
2019-04-01,0.5132097595021626,0.45008900394541046,0.470896617740352,0.4367991209708841,0.5630107384249352,0.19596640461660916
2019-04-02,0.45883335245187545,0.3760782715282101,0.39062731942398476,0.38859981796718257,0.5221790540066304,0.11370397382152075
2019-04-03,0.4442106648370211,0.39273749975214245,0.3087120095017066,0.3937955366501197,0.4832033584069131,0.12199629428954062
2019-04-04,0.43642744146305884,0.38366136812962404,0.3057342113301517,0.42245893492488984,0.486891122595487,0.12245641720136782
2019-04-05,0.414160779663258,0.35953479422036194,0.3200627871570009,0.40739998388022797,0.5109928363209069,0.14117619438176082
2019-04-08,0.44241436979257825,0.351718803598821,0.3483146148101912,0.40909242383006833,0.510364270638458,0.1447677303906352
2019-04-09,0.4457962724001525,0.3499389059371825,0.3653603550463377,0.40976705704452254,0.5045834572789581,0.17506165813643995
2019-04-10,0.4392873170487348,0.3447716156712205,0.36660877196029035,0.39792869836353545,0.5100592563975415,0.1746445911216614
2019-04-11,0.4311917701887402,0.34573896252958747,0.3688378695356423,0.4183240430488804,0.540836561881769,0.175219135716278
2019-04-12,0.3801500550241573,0.370158629586832,0.3452354992424814,0.45622140023703617,0.5322342111178457,0.20554495744611176
2019-04-15,0.3831998188144986,0.3748642282976144,0.3476915299649647,0.46220568869414674,0.5331709579220303,0.2107330572016097
2019-04-16,0.3583447993897075,0.367269398584097,0.3457184209878941,0.41223851730153754,0.5111403382341857,0.20630651541339184
2019-04-17,0.348008576478729,0.3612590623249008,0.3326442916563715,0.46111456277316776,0.4849004743157523,0.19995415261489372
2019-04-18,0.3197899612255437,0.34811377033460605,0.3335989290620172,0.4316592271439274,0.4910663702597249,0.2002541817442444
2019-04-22,0.3352714174335631,0.34518106043826785,0.3440998445083854,0.42443403435358046,0.4820504441983516,0.19120135951914297
2019-04-23,0.31343764194026846,0.3345606537138682,0.32367608547735693,0.429205899546298,0.46265339673552314,0.18138572078187792
2019-04-24,0.2465775342245008,0.34304465588998484,0.27223730647969113,0.4448172939998075,0.41310106747707587,0.1834466116172929
2019-04-25,0.20586674770402374,0.34651979462935995,0.29026553809559275,0.4359660793450586,0.40591108210969273,0.17987286923922063
2019-04-26,0.14246206534371597,0.3530549554589766,0.18004072961481535,0.45569443979834867,0.2976320461436606,0.23183625253000045
2019-04-29,0.1479034977500504,0.3581157502904767,0.18834593137252964,0.41241148493912144,0.26697573262668245,0.17601795857816968
2019-04-30,0.17221895603292392,0.3482312510064808,0.19040620975931583,0.41385612869514343,0.261932315771289,0.17672633419834707
2019-05-01,0.1863802253799782,0.35837653237358125,0.20413110482052294,0.4222265891007669,0.27713088827048193,0.19495622423498876
2019-05-02,0.20322322891234415,0.37907375509083246,0.14127322627470595,0.4197589964345289,0.28504683284563387,0.17925465992361403
2019-05-03,0.19612472375681209,0.3983912097843099,0.13813525523690892,0.41116280371209923,0.2870890773891287,0.169557050590214
2019-05-06,0.158937708682329,0.3873663526821261,0.11061748687793975,0.4030799501324656,0.26653915551902363,0.15666450410566843
2019-05-07,0.17759943918124874,0.4113422547545989,0.1211445995041209,0.46245212868205526,0.289419198811086,0.18163015810785815
2019-05-08,0.1620980240456884,0.45520579629008145,0.13160551938933157,0.4663181282764707,0.2822041843945429,0.18245116973280526
2019-05-09,0.12370470971063367,0.4399252416595106,0.14189278169492142,0.4433887576047926,0.29871419935776594,0.18994106441178935
2019-05-10,0.13562450509924587,0.4420867450027085,0.14486567131572753,0.4458182970172613,0.29774367876031155,0.19360220887719834
2019-05-13,0.15739473421026146,0.4754258414789886,0.16097566751070164,0.4601222596112644,0.3258086646486911,0.2739518964349952
2019-05-14,0.15885645437789067,0.4816132929432497,0.17543574890296054,0.4344497024279019,0.323347496114312,0.265637889659984
2019-05-15,0.16322287524526066,0.4643592842650209,0.17766428883365992,0.42020801264714014,0.3262525286984878,0.2605411426504355
2019-05-16,0.15539529015383186,0.4724477286832867,0.18544878297127848,0.40353661631792354,0.32824827982262306,0.26738049888597837
2019-05-17,0.15583688700484874,0.486372921213818,0.1912802493190463,0.4138735473316602,0.3334362497557983,0.276920211296792
2019-05-20,0.1724729699336008,0.4973254893571035,0.204214061132468,0.4044569909449981,0.32924134444389896,0.2676665248648997
2019-05-21,0.17352610191428464,0.4974377530802319,0.2115444484378223,0.4099325126627881,0.32821786535373026,0.26995970577573575
2019-05-22,0.1572911506083851,0.504318023798141,0.20492811336176178,0.4049948300647379,0.32797006850912824,0.27399360089237224
2019-05-23,0.17967828302544278,0.5070665189472032,0.26448338298194396,0.40759582859947685,0.3508938522630671,0.3146484007315617
2019-05-24,0.18731260154970264,0.5075533775601035,0.26443968878268964,0.4047024152534111,0.3447468226826199,0.3146188012644418
2019-05-28,0.17302620322772477,0.4967533122771601,0.235887525274589,0.41245367271878985,0.2535547714363119,0.229992313231995
2019-05-29,0.1725100097686912,0.5028320986943844,0.24352126397133844,0.4193877793336841,0.2523618644650617,0.21983506639872857
2019-05-30,0.15952510940020412,0.5065308612544446,0.2445798005826158,0.39932474612744534,0.24811804094340384,0.221144584651057
2019-05-31,0.1545031342422361,0.49197597509928315,0.22238134334698867,0.39657686679630916,0.24343804979867267,0.20265371212156355
2019-06-03,0.16003786238047946,0.47120070289724664,0.2192725701403773,0.38189204434120017,0.23601001139435618,0.19825242449744257
2019-06-04,0.183743262564761,0.4916803547810033,0.24044755228961334,0.4251773690619326,0.2828739055470411,0.2538090071991673
2019-06-05,0.13275138916637808,0.48242815729421373,0.23025950078248847,0.40833918973064837,0.2573652523764656,0.24538932305756175
2019-06-06,0.1514138166382549,0.4706138840161005,0.2540053152302878,0.3937600816185234,0.29039926977798963,0.2262232476119863
2019-06-07,0.15582578821034596,0.4697447964675334,0.26217160112773163,0.39354480323459173,0.2951246076123912,0.22812498708073323
2019-06-10,0.16074316362232452,0.47628086490889465,0.2666587248897193,0.3963451554271752,0.30496670123162944,0.2430405347504817
2019-06-11,0.15598456087200396,0.4774348566870726,0.25451218871321923,0.3858095417712169,0.3022936763111485,0.23394416928462153
2019-06-12,0.1553926118257511,0.4673050616085566,0.26214790326749987,0.4159850550072758,0.2945768356248891,0.242025479624768
2019-06-13,0.1797164633795098,0.45040877058922185,0.3146938843513312,0.450450039957722,0.25337101690564806,0.3396850698623347
2019-06-14,0.18601278940621035,0.5127444085292532,0.3448576785675031,0.45587617138896225,0.2529005816987027,0.3438697536472302
2019-06-17,0.18334492217321152,0.50823286246943,0.3179769944522968,0.45688668303038343,0.264308163874204,0.38036904153244416
2019-06-18,0.14506300478203255,0.4829809946317598,0.29459184532063354,0.4188868373733902,0.23542112219516867,0.3529011659519006
2019-06-19,0.14514015297213143,0.47807801502390734,0.30252806003347654,0.40906414218842974,0.23587840403486934,0.3591567229909297
2019-06-20,0.14408629578042045,0.46785750551328154,0.28574567191272293,0.40509618606319775,0.2363110467964737,0.38285802426276616
2019-06-21,0.14032153081050913,0.46498811881068547,0.2767499697227552,0.4012375677374684,0.23027989287888806,0.39657658682414254
2019-06-24,0.13290845747649835,0.45909613941752864,0.27654972350580764,0.404395344629755,0.22900967858182406,0.3935494764053087
2019-06-25,0.13334948574411612,0.4568746145695886,0.27799452277608555,0.4067792216183884,0.22995379063292806,0.3959607086421793
2019-06-26,0.07522033740263975,0.4344768829989319,0.30015941813827707,0.4219142244446047,0.20745193410568386,0.3768637011813815
2019-06-27,0.06442861368246589,0.4044167395376915,0.28975291892926996,0.4297354802557229,0.21538231695744256,0.38688529555565965
2019-06-28,0.05891815412566239,0.4162468440944714,0.3424642540474514,0.4253775995367936,0.23519264192504646,0.3930038294261608
2019-07-01,0.07704897138169398,0.41894979682255606,0.34789152808174423,0.4265911885269085,0.24056514514882799,0.4057997500888853
2019-07-02,0.06202452015630225,0.42780330744276995,0.35744657107708955,0.4149198072045703,0.24140266794499288,0.4048528004821883
2019-07-03,0.06101725384643002,0.41715439257215264,0.3591693960617286,0.43051536490387027,0.23495475575914368,0.4040543080222248
2019-07-05,0.05869935345362234,0.41690595589359014,0.357450162797037,0.4291825181044673,0.23916438932765538,0.39028036046265224
2019-07-08,0.06344392496071907,0.42173584923910384,0.3419718175196744,0.4315151839372163,0.2333321943724484,0.37731631641533564
2019-07-09,0.06342811249812932,0.422203543597841,0.3431700394981851,0.4330831125092707,0.23144885338355595,0.3770353027597366
2019-07-10,0.08966337518061811,0.4074996691077205,0.36259728190978835,0.43937196606414025,0.23110863687761618,0.36966118897231176
2019-07-11,0.08334594816153479,0.4071388216229556,0.3640930672956592,0.4344548729193202,0.21926348895261732,0.36796970964706227
2019-07-12,0.07839701146101875,0.4052587747381721,0.3596767677626913,0.3855839897262924,0.22926885929251037,0.3526533364334238
2019-07-15,0.0757289614296174,0.41004753580599484,0.34127224385183097,0.3450661277151702,0.20972666473751594,0.3309986758525288
2019-07-16,0.08141058328126506,0.4066742863103185,0.34331426676113624,0.33958769000536343,0.21874329054032146,0.3245832136863157
2019-07-17,-0.006657803890163233,0.437945715619404,0.34064462885441865,0.22903035687742254,0.18442653417675747,0.3261885617981274
2019-07-18,0.007580685399218597,0.4439973209464838,0.3353944473042917,0.22155855719439665,0.17043767796048648,0.3249906415782528
2019-07-19,0.01228842224146704,0.43665018353063695,0.3390037742269623,0.2273004480207606,0.1706913734482424,0.33054518436988545
2019-07-22,0.041131573528483095,0.4364766082171869,0.32479533236206953,0.238615686295703,0.2024736992709761,0.33173020160904193
2019-07-23,0.04139090859096947,0.43485153721871045,0.3237426529321246,0.24206355969853494,0.20558557437593047,0.33612499821917374
2019-07-24,0.04027004241668893,0.44238652113465016,0.3263493761466615,0.25548303595043975,0.19947316955104702,0.3551829022354304
2019-07-25,0.04428936414432781,0.4445011896095093,0.33090296776083306,0.2646216517756458,0.21344733808223768,0.3570030816240423
2019-07-26,0.030265706030978456,0.44035325018013893,0.3221984181617698,0.25242730515543715,0.19391988940462979,0.3524119928465543
2019-07-29,0.03000198823176293,0.434112126156895,0.35603228234057116,0.24306358484366053,0.19363611790148444,0.38059387072886297
2019-07-30,0.022341182989324634,0.4194217029234524,0.3622556459182192,0.25313285494573246,0.1902147499965013,0.3953975829088385
2019-07-31,-0.0292502610659312,0.37054075069138653,0.19857632525240088,0.2682216918419938,0.2559540867714205,0.41312696204062943
2019-08-01,-0.030761968031430487,0.3874224062967056,0.20183737233254181,0.2172810176970821,0.24010621680130365,0.4049390206243275
2019-08-02,-0.005059551272113944,0.3883976394784738,0.20477530108224917,0.23688580937801995,0.25431040366248664,0.4052741473561245
2019-08-05,0.10706868762431049,0.4539127956581169,0.25002380654728873,0.35488967057378035,0.3083673291237143,0.4460657298586207
2019-08-06,0.07790195034174084,0.42546132476608944,0.22983135407598831,0.377895593630611,0.3282561227113748,0.45248301860340145
2019-08-07,0.06642764663234665,0.41606270445903953,0.22568636452731333,0.35340504255603955,0.2968243251373691,0.400158541483784
2019-08-08,0.08296435748342552,0.45691306277320604,0.29702746555465226,0.36489835116789976,0.30246730987748965,0.5093447710757615
2019-08-09,0.08232048483052545,0.4610298050446132,0.29678638965967535,0.35082878798923733,0.30130318727567057,0.5079616063002459
2019-08-12,0.07421124404988005,0.43148015932220196,0.284452200207014,0.4040530478021013,0.3370562100869048,0.534614809616332
2019-08-13,0.0967928064174574,0.4388764166346995,0.2745051905349421,0.4173675635800092,0.3076292326888367,0.5175054529161822
2019-08-14,0.1696717533749722,0.4642027116241038,0.3071131227045434,0.4534114711717413,0.35259382225572583,0.543092847998217
2019-08-15,0.1681696663814375,0.46300257454229965,0.29841038479193716,0.44578990964994136,0.35269603960873597,0.5250507563825114
2019-08-16,0.17507671536139785,0.4480701538989966,0.30364207817256317,0.45289012217405955,0.3603345579156867,0.5438310926011443
2019-08-19,0.1603413665812662,0.4601785178085422,0.2650600036550812,0.45038807732278274,0.35175344859630603,0.5325489673249876
2019-08-20,0.16266639976609604,0.45884452367315187,0.2690930890120081,0.4485065559390021,0.3646399680546206,0.5298379098485168
2019-08-21,0.16051733899860435,0.4524178977355156,0.3093160763531258,0.4330402444151664,0.4555368701118765,0.6145435269168087
2019-08-22,0.1653790708750082,0.451537196194273,0.3011744599000741,0.43135646875476596,0.4531411078480339,0.6190946955011681
2019-08-23,0.2672232580810227,0.4860579696355209,0.36658345059228736,0.4797847507914338,0.49921888109991197,0.6413416623834901
2019-08-26,0.26154647814254983,0.4817808439061983,0.3596263251835198,0.4759632764512181,0.5011336428853519,0.6386520004569848
2019-08-27,0.2539552426478799,0.49786298888382785,0.3640708707375773,0.48443790728459124,0.5019745813941519,0.6401107437400548
2019-08-28,0.24398007956242115,0.4963727658464466,0.35641406627841593,0.4587300679682855,0.477110679586222,0.6194613447890768
2019-08-29,0.27889060962533313,0.5035075549248655,0.3622331353404041,0.4689331374883604,0.4864145823376783,0.6214354991827782
2019-08-30,0.2657626682043091,0.5115173743041719,0.34381473203116686,0.48132660396495847,0.46380371355439853,0.6539275786232247
2019-09-03,0.2548136579674261,0.5013016389174177,0.33810423706386505,0.49569428084316836,0.4645256359003252,0.6541400818884243
2019-09-04,0.2513593122972682,0.5048822749082107,0.33231341858923397,0.49185075929396205,0.4618320890724861,0.6481269678301773
2019-09-05,0.24547971809122293,0.5002039966642701,0.337390528997827,0.5003732769452273,0.46449009156824067,0.6550824209438532
2019-09-06,0.2597716348436626,0.5052171980793861,0.343790556095477,0.5025429327920546,0.46556483971825535,0.6555605516500534
2019-09-09,0.25367121904754864,0.5062649133148919,0.3620257877163916,0.46240022194651487,0.4613310515762732,0.6525028580608592
2019-09-10,0.2614468903382175,0.4982007309650856,0.3546226722901765,0.45697673477963097,0.4637438679000168,0.6483035069267892
2019-09-11,0.27847470821125453,0.5090974595289929,0.35282151049194505,0.46241176002032075,0.4502789411204778,0.6372555743874712
2019-09-12,0.2579607823609623,0.500379221165511,0.3357402823498989,0.4478441055572573,0.43867212776675474,0.6273502840681882
2019-09-13,0.25990883398434955,0.4989747413280619,0.3332215885728736,0.44647659530914113,0.430912382576073,0.6292093553475069
2019-09-16,0.15707352464604257,0.3965630263340472,0.3094658017431196,0.4443687813444407,0.43354764425185227,0.637962134546837
2019-09-17,0.14975885732095354,0.3752904039429386,0.3016358358987907,0.4492495576533595,0.4379182412866765,0.6318772566282016
2019-09-18,0.14954532953678168,0.37118100310241037,0.30511890988277196,0.44776441062146044,0.4367972448048298,0.6263736182277247
2019-09-19,0.1556691490806077,0.37276945324798866,0.3085297398021795,0.44649570880885653,0.4355273203547852,0.6255404946849651
2019-09-20,0.19856841348306262,0.3851996832531472,0.2870145339590757,0.450730053551218,0.46284371768435867,0.6252983073635946
2019-09-23,0.20761313818408722,0.4010174315934749,0.29624960536113154,0.44080869367265935,0.4526931124095898,0.6216529823577599
2019-09-24,0.2170615771911725,0.394999103047528,0.30295703612497993,0.44508772845586486,0.46174129808090864,0.6124138857266253
2019-09-25,0.21116686646191254,0.3931089686352437,0.29884543417119863,0.44285219997135383,0.45929843392962527,0.6067541679347865
2019-09-26,0.2208501773575488,0.38353782742039483,0.3000000471495986,0.454269899153639,0.4597295620421952,0.6121686503264566
2019-09-27,0.23163246138826557,0.395953202395564,0.30779541110708913,0.45217466960934005,0.46641406514494393,0.622529767296796
2019-09-30,0.23357827865867373,0.39361691177323177,0.3072544051912598,0.4408505865249998,0.46452828748885716,0.6207261504866685
2019-10-01,0.22439442980137508,0.3729697640614775,0.31586679847213867,0.4672771223600903,0.46368604746237146,0.6187738464678411
2019-10-02,0.2410762199581778,0.38373573387072135,0.31859610655483644,0.49365425569606,0.46252774215361125,0.6192088923912582
2019-10-03,0.26751743386635457,0.3902777253918191,0.31844059344159215,0.4929643725905809,0.46465771638189857,0.6294957615606075
2019-10-04,0.2736636805209336,0.39098912737226477,0.3173995547240501,0.5035077130591871,0.4722909648866639,0.6284385714192274
2019-10-07,0.28417079604089135,0.3854567376940904,0.3165455711485106,0.5635592085032953,0.48349672138282096,0.6330542633137722
2019-10-08,0.28606689338504027,0.384524639943927,0.33389369775829564,0.5833946304301523,0.4927438894201338,0.6508315753644384
2019-10-09,0.29778185927122564,0.39606682469185917,0.3345840841968652,0.5927769253296858,0.49226118928318335,0.6554969968338342
2019-10-10,0.3672180332609248,0.3815528356032959,0.3337840029285684,0.6873853736119184,0.5164747042340477,0.6622091873843761
2019-10-11,0.3719098738151887,0.3841926377642714,0.33803839136879354,0.6872302893087476,0.5253449275995612,0.6688053466131548
2019-10-14,0.37353031070330084,0.3882600185093481,0.34173571284392384,0.6867718908282242,0.5259078812097222,0.6626798265944
2019-10-15,0.3417949243047939,0.37504183943656116,0.3396979536573316,0.6901581133327505,0.5139661490078142,0.6597279650652553
2019-10-16,0.34459701100552587,0.3770547872337596,0.34058715732014855,0.687807612022346,0.5107916508036687,0.6574492398002949
2019-10-17,0.3427693631294724,0.37645990037968075,0.33916383747973927,0.6886808367222045,0.5139173168767733,0.6554180120164642
2019-10-18,0.3387323634926998,0.3751546419052456,0.3374235038521148,0.6850014519179586,0.5110533938268671,0.6548588936626029
2019-10-21,0.3290184592635085,0.3800647405299744,0.34244862564198075,0.663587496586701,0.4895451420026777,0.65969005874533
2019-10-22,0.31493622810794664,0.3794213585223032,0.33426204613335553,0.6703356222267802,0.5005861504423816,0.6569008514060025
2019-10-23,0.3111816664312958,0.3782814957324543,0.3316316224802894,0.6677683206299232,0.4980525521673963,0.6564304691604871
2019-10-24,0.34421113685704474,0.4124508981712282,0.45629433351266585,0.6637989906262146,0.4966824011421495,0.6696693255000895
2019-10-25,0.3376158784985857,0.40401875872707915,0.44722647957892575,0.6624757474666558,0.4933291131271683,0.6644624510686739
2019-10-28,0.33310450413370285,0.39233551594493776,0.43783625988117186,0.6676039034948367,0.49968888600443123,0.6667833078808435
2019-10-29,0.28827936341272314,0.3320678864981602,0.3950501197765676,0.6356714942381627,0.4575601092531581,0.6379723442068705
2019-10-30,0.2959458173983945,0.3592743620342968,0.40425127752270135,0.6210133310188926,0.44579230645006096,0.6310277064489933
2019-10-31,0.29349098064002405,0.3552001823874568,0.4067748398069894,0.6240723800682618,0.4412096339097536,0.622580370436674
2019-11-01,0.248569873443449,0.32216263416115076,0.4056758014866847,0.6189359286386388,0.47499425242296067,0.5494638699769667
2019-11-04,0.2485539153086039,0.3289296803406455,0.3987444872900028,0.6511716902422241,0.45372515383418055,0.5621038431538533
2019-11-05,0.2548835813712268,0.3455876571906663,0.41617450791845595,0.6313552801593558,0.4199047191664974,0.5204229772260947
2019-11-06,0.2315626280140505,0.3368334424538718,0.4264070275873601,0.6176401851178385,0.4462753296372752,0.5370072758180933
2019-11-07,0.1751580913320901,0.2846187347301748,0.384215864564539,0.5770091495167896,0.3760462677413208,0.48631829958050654
2019-11-08,0.1773589458837565,0.28803667575004677,0.3864044251109434,0.5837978030591242,0.37818635655443056,0.5154547008737349
2019-11-11,0.17837232113691884,0.30128261157137837,0.4026053537707432,0.5834496911935615,0.3652961393999912,0.4652567824011858
2019-11-12,0.15179690284167824,0.25967336966078924,0.399188640776161,0.5790802399976567,0.36551274308333725,0.46733632494463573
2019-11-13,0.1459885571487339,0.27787665279643103,0.3595253230247272,0.5796089903291334,0.34766835223047615,0.45063305131594944
2019-11-14,0.1409616727200417,0.26853825264516196,0.32459993136948645,0.574992901395151,0.3415050997260088,0.4650094518831766
2019-11-15,0.13524578620759964,0.2685746617438175,0.3270283795905072,0.5675179616587867,0.33960124203182024,0.46543173694666923
2019-11-18,0.04879184872699026,0.16491771215893616,0.15424467250877974,0.505044739270311,0.1754941425650102,0.3573278094539474
2019-11-19,0.04605339288118585,0.16326137054934173,0.136280213554063,0.5093122866358271,0.1532281478184797,0.35538786174040154
2019-11-20,0.04456914956416855,0.1595771840885386,0.128122323391824,0.5143070230543716,0.1617214861087616,0.35555693287668066
2019-11-21,0.03516373796227245,0.14843449592211064,0.1184066928599476,0.5103513023388406,0.1568813048861195,0.3638045099106844
2019-11-22,0.027731467351740348,0.13624503543357533,0.12809122339934928,0.5065712700606211,0.14735522213531851,0.3474216535588279
2019-11-25,0.02667358905589138,0.13766152192524334,0.1316888672139987,0.5122699044736717,0.15674154680479058,0.3545680891295579
2019-11-26,0.018875775922456862,0.1529061027434209,0.1509444866768963,0.48686387258756875,0.11302842580832902,0.3267030014906835
2019-11-27,0.016627351398205363,0.13059217329815392,0.1531694864515721,0.484048535284783,0.11308390920931363,0.33441991971369744
2019-11-29,0.017277671076367778,0.1355610152321471,0.15932895648830409,0.4692675658411179,0.0947372840195427,0.32824115682093175
2019-12-02,0.027711974909819068,0.13012846173188294,0.1527454610582867,0.4733215657574238,0.11347265048133169,0.31483089348793847
2019-12-03,0.031869146592956435,0.16021045566003284,0.15187874369580723,0.5184298749412216,0.10631162037698583,0.3116464647378906
2019-12-04,0.036367782811617275,0.184379799531696,0.1587580486044212,0.5343353511454229,0.10542830348240807,0.3294717928311403
2019-12-05,0.010316386932431785,0.16762324641824405,0.18453985340136458,0.5238796347205532,0.13415048523828008,0.3480564527289706
2019-12-06,0.025149404156725185,0.1769156108386662,0.18986187488369421,0.5274746477366022,0.12702757847447638,0.344802695710099
2019-12-09,0.03143158948459318,0.1803365913450338,0.19649780137164763,0.5380136579605603,0.1684573381790445,0.34406146695922574
2019-12-10,0.1352276796584649,0.28541342078023985,0.24346301800361678,0.5290307928215912,0.17495843352247298,0.3429827102199694
2019-12-11,0.14475181039731383,0.3201014281501534,0.2513321577197919,0.5287990423686278,0.1735275976912844,0.3443216150769042
2019-12-12,0.1690464575894067,0.3390218023598037,0.3032672796725964,0.5350735983884853,0.21946814385687247,0.359363521738629
2019-12-13,0.1567394921355594,0.3382305361044334,0.31380193673618606,0.5337610564352951,0.19908830047382745,0.35087130080397677
2019-12-16,0.1516163659361822,0.3430233842296091,0.3379585456416846,0.53458980773675,0.20117244228206824,0.37533883771707105
2019-12-17,0.15103866037141378,0.34458886797034566,0.34057443924653485,0.5358917637687975,0.20917222622761128,0.368432927640368
2019-12-18,0.13851830240535096,0.3421735100466061,0.3166256783595435,0.541122147820713,0.18991555479721553,0.39762566019973666
2019-12-19,0.13539272377512154,0.34369945989267336,0.3062017122047678,0.5401425430124487,0.19339079836751283,0.39479756176111985
2019-12-20,0.11733163321893318,0.3223826501296724,0.31321874208476724,0.545442966599675,0.1732109317098869,0.36546187422961907
2019-12-23,0.11120932863310189,0.29156284071377536,0.3069767958614203,0.5318034890258645,0.1611088635828435,0.3396881368731404
2019-12-24,0.1078482518468717,0.29141336999811335,0.30741238717659636,0.5548414916579013,0.16115091946393711,0.33515595270373233
2019-12-26,0.11265991701306986,0.31661761918263875,0.3086861869199017,0.5054432321214964,0.13979985828053143,0.32453806585907
2019-12-27,0.060449857856841,0.2950574855550332,0.30108414784267096,0.4209800998184143,0.09088167193891797,0.3050275334159826
2019-12-30,0.0017692218619362633,0.30018264214247736,0.30661013279558136,0.42807602044407383,0.10053217105897774,0.30528955708791766
2019-12-31,-0.006692086269725952,0.29464191457575906,0.30519370247727107,0.40923725234366876,0.09836811463332816,0.3109188907861019
2020-01-02,-0.00250910905549271,0.3129782631471253,0.31601237225766554,0.3844181700306051,0.08113757597971452,0.3233792332986493
2020-01-03,-0.08154396035047269,0.2948833816328531,0.27719269407494135,0.2522649942760154,0.01458555360420914,0.27572570750809383
2020-01-06,-0.12004669452277528,0.24919810428423628,0.2772087311936337,0.2172997741566974,0.011112191851206482,0.28908139269662725
2020-01-07,-0.13779467386278452,0.2336255973829139,0.2919410955316116,0.20860224405326772,0.02621782454014373,0.3031251527804904
2020-01-08,-0.13585858410970528,0.24281098701440876,0.29653085894907033,0.22548224876644418,0.051224313849805796,0.28559754003678645
2020-01-09,-0.1353103363009249,0.24913821753748963,0.29753719044721844,0.2272879197157952,0.051484700103201754,0.30063959085309727
2020-01-10,-0.08196808929595975,0.29591982195066496,0.3035373783855414,0.1776499094677098,0.09231928873750592,0.33457015352798647
2020-01-13,-0.09162418683252131,0.29629311442894074,0.3031852543685106,0.17958600101693684,0.08925060721483694,0.33438171031553765
2020-01-14,-0.08236395317595016,0.2902974667647593,0.29374256699029117,0.1693601108326949,0.07443940918474688,0.33942269389589513
2020-01-15,-0.07908317698428043,0.28714023875898737,0.29233313431643526,0.12522592055270967,0.07572974315152865,0.33270288067938514
2020-01-16,-0.05646765711140667,0.27389562284577196,0.282377385597065,0.21156052967456201,0.13263893546126443,0.31267177312142985
2020-01-17,-0.02193696661847728,0.27596092078908147,0.3074893551889658,0.21914722380279875,0.11008192111481824,0.3159367673317356
2020-01-21,-0.02524846515659971,0.300236487190787,0.30390076001191235,0.1872693500664193,0.11645205172361188,0.3152077973975267
2020-01-22,-0.06870740741122681,0.2935054217060811,0.30167990570566633,0.18546617646713384,0.10762586733430464,0.31457975536852273
2020-01-23,-0.05145049196369567,0.299218923863862,0.306559329484202,0.20938302809174755,0.10605395186440003,0.3214240644838246
2020-01-24,-0.030023372114295746,0.3618215658096642,0.3421632763840781,0.19293186078609928,0.09996266724313864,0.34558492850078626
2020-01-27,-0.009435504940426047,0.39804443122767846,0.39453966927646533,0.22002934916339237,0.14744943376899278,0.4161647731400317
2020-01-28,0.015983294237377006,0.38721696417598817,0.40236515030139763,0.2183989842547681,0.14616539708046986,0.4269465729040998
2020-01-29,0.060669813884012505,0.41063270878315633,0.48994673020956725,0.2084537299460637,0.17780861205898876,0.4529199662761354
2020-01-30,0.12871881040503177,0.39446684419656525,0.4840619492945896,0.24082924007605358,0.20484155718705538,0.4525940563470617
2020-01-31,0.19420689823338053,0.42568000669806344,0.5079323523459155,0.3336982799989059,0.29245003245073836,0.4785488963453882
2020-02-03,0.19393447319032545,0.4064683737042001,0.5107832758505474,0.311226784276642,0.2890524930733211,0.4877940218421155
2020-02-04,0.22893400568077782,0.43310838538906393,0.5188269405347268,0.3408394490613191,0.3170990798276414,0.5056099694685942
2020-02-05,0.2584329272069282,0.4753694661233912,0.5177922725747978,0.3771317583653876,0.3126217845877324,0.490297008315859
2020-02-06,0.2558732898394572,0.49436756709283775,0.5297582576434543,0.37399883845567944,0.3157242571390067,0.49951378153707543
2020-02-07,0.2856113044823341,0.504235996222194,0.5277115864361095,0.37663259625887674,0.30018990101784426,0.49699133211100516
2020-02-10,0.2898263425372868,0.5100374340377599,0.5075582654163583,0.37293155583002174,0.30344718803152376,0.48554656056889867
2020-02-11,0.3041459205720714,0.5181911944406304,0.5506985673990785,0.38820648926878304,0.3181159037545937,0.5117236743594863
2020-02-12,0.26685304873075,0.5877827481597654,0.5294641821181822,0.33890977201549694,0.3227704224375857,0.45982666604162387
2020-02-13,0.2621822479966141,0.5787112151380682,0.5287998283009793,0.2899926182349682,0.33306652411412796,0.42180861346594895
2020-02-14,0.2501436089006749,0.5832486482174454,0.5535574879150567,0.30187710693430403,0.3906766316216329,0.42177485190991587
2020-02-18,0.23429871602214442,0.573087483473726,0.5729904386704352,0.31089730819071504,0.37286961718960054,0.4059820439068277
2020-02-19,0.25129980033009175,0.5600629522055,0.5970664641052351,0.31013534799742354,0.37373859078462546,0.4008721613227984
2020-02-20,0.22895476838894863,0.5615673281682151,0.5752890831737731,0.2962909052910391,0.39059821481908386,0.37846458733697014
2020-02-21,0.23535957783583322,0.5622588198884009,0.5401885725102825,0.328530449350314,0.4229240815566801,0.44339947915332945
2020-02-24,0.34895121312716326,0.6168043104558161,0.6029982117370428,0.4178688465451647,0.5135278674322974,0.5147120559664018
2020-02-25,0.4317146839634551,0.6501058834307363,0.6128349874537528,0.5108765557119568,0.5458107130150172,0.5373091179385181
2020-02-26,0.4224936337845466,0.6608763317192425,0.6120536135298552,0.5086838635127269,0.5441905983214507,0.5377060883988369
2020-02-27,0.42727885879529204,0.6489626920924261,0.5991753366541284,0.5536541602126163,0.5875612545749864,0.5882701709662782
2020-02-28,0.3705263723954026,0.6090651258002125,0.603919105840189,0.5825938253907156,0.5211333434556,0.5458371972132406
2020-03-02,0.3655892623602343,0.5982010130491567,0.6138224812582851,0.6475611505422924,0.5242090367482118,0.5722419856295966
2020-03-03,0.3141225414575927,0.5697439390183938,0.6045496517774552,0.6556586601931911,0.5123861939602073,0.572711959328617
2020-03-04,0.2613446077826961,0.53269162998878,0.5623144213379784,0.6889420959288824,0.5634705747238741,0.6090204721719263
2020-03-05,0.28254632569614313,0.5564155925560016,0.5852208851908874,0.6950099931029382,0.5745642499891499,0.6286512580077958
2020-03-06,0.2060206592808302,0.5464644777133228,0.5239268040695492,0.6819416839917891,0.5687784932199287,0.6256854244182551
2020-03-09,0.43673485433944714,0.691488589200472,0.604473084317955,0.7414986820264363,0.6390292266293347,0.7021091066004466
2020-03-10,0.5215976540364325,0.6969980221473523,0.6042610472511406,0.7542561416038854,0.650273966179028,0.7126555740264533
2020-03-11,0.5332794469764279,0.7027181335744304,0.5979156531857452,0.7661980577428994,0.6344792819359395,0.6893466364902101
2020-03-12,0.559373489149457,0.718167352931914,0.6156554721100932,0.7830018302479118,0.6699267582208088,0.7458814989980164
2020-03-13,0.5567052925369281,0.6957428370980974,0.6179839450417203,0.8360786441937051,0.7293918651614639,0.7878529387418278
2020-03-16,0.5815173613111981,0.6962742393175175,0.6405559112309618,0.8734873427117077,0.7660522709934393,0.8127198780961022
2020-03-17,0.5397780778247487,0.6851466367150068,0.6232883792601172,0.8651993104269807,0.7787607804219762,0.8189907415666866
2020-03-18,0.5407525268674406,0.5974243884564203,0.6160451490344495,0.7503878212094073,0.7667805981194188,0.7873683563798946
2020-03-19,0.500842361317569,0.5858236611136691,0.615570240241984,0.7458828126037415,0.7335121287293536,0.7820668692162613
2020-03-20,0.47161277499397375,0.5550534904886103,0.6126779473558404,0.7750741594437138,0.6926623026405675,0.7419462591282618
2020-03-23,0.4779989104631971,0.5049081528850526,0.588448002884941,0.6407926291551533,0.6180600197463184,0.7461006671527923
2020-03-24,0.5616067566446672,0.596650773851076,0.632274545460295,0.7080404898747117,0.6584443335510758,0.7660397301770844
2020-03-25,0.5623579180030204,0.5970248040640781,0.6265438240243767,0.7094005125396871,0.6489544267764921,0.7561007457208307
2020-03-26,0.5711472144567671,0.6047288045101918,0.6342897133564396,0.7269891493709961,0.6607925691484886,0.7647259407960872
2020-03-27,0.5724139579798843,0.590896542538394,0.6352118530046381,0.7212015040068211,0.6617078673519351,0.7583710271976302
2020-03-30,0.53393431548333,0.5837842823980786,0.6267423106615045,0.7105259684342848,0.668595663781098,0.7649796862459881
2020-03-31,0.5346426910722418,0.576367611521617,0.6093465325357759,0.7113227271831767,0.6644745330326776,0.7644181275544099
2020-04-01,0.536439747899222,0.579157560559315,0.6121347718070284,0.7145453736741301,0.6681981524794829,0.7669875391026688
2020-04-02,0.5474513096575923,0.5603323362809431,0.608444671214435,0.7055325760027089,0.668298568892359,0.7646355784398838
2020-04-03,0.547032562159456,0.5622365752736951,0.6111967968362075,0.7047621308535158,0.664602099711769,0.7644443871478271
2020-04-06,0.5532494014821897,0.568308829958362,0.6119389361952836,0.7114844352532723,0.6705469365616434,0.7751538018944024
2020-04-07,0.5528542273915477,0.5685251495042085,0.6124395130559505,0.709331041798906,0.6696265959068883,0.7746406679534009
2020-04-08,0.5623757690483278,0.5927033908672044,0.6093444825803652,0.7113350288286866,0.6714394546770039,0.7629335424200098
2020-04-09,0.563048952823155,0.5955356645393649,0.6077202604575561,0.7108133964150647,0.6708738802139168,0.7550880977248872
2020-04-13,0.5634214302913837,0.5940312285097555,0.6016456082674851,0.7107141775080325,0.6648388476366853,0.7343619778027879
2020-04-14,0.5527072108601864,0.5913193126842824,0.5822792372111456,0.7089565766012067,0.6706813184001843,0.7278013265271521
2020-04-15,0.5385885641626914,0.6002990418138783,0.578234619382566,0.6856500680455977,0.668969559277965,0.717682955244948
2020-04-16,0.5047225720800299,0.5899410647155255,0.5617046322134145,0.6823389223311157,0.6706767965055251,0.7181247199737331
2020-04-17,0.4877947258604672,0.6002778996315123,0.5357638189990167,0.6760186960182748,0.6715817988120828,0.7079627294093028
2020-04-20,0.48329157795412836,0.6002946198296972,0.5345951553848458,0.6737152026396624,0.6717972546445226,0.7078181253711328
2020-04-21,0.47417404098685845,0.59357839807317,0.5191166862633334,0.6772345459022459,0.679402939506367,0.7093494039465049
2020-04-22,0.474024125809835,0.5964088011711743,0.5267052252696998,0.6773597268811309,0.6782905432403572,0.7109288195259547
2020-04-23,0.464869478175811,0.5919602855251125,0.5233347160069076,0.6775891786946987,0.6790423580370565,0.7105685091032454
2020-04-24,0.4653323694884289,0.5954665701760354,0.5153772078136268,0.6770107915320865,0.6840370724427304,0.717249500780941
2020-04-27,0.4660018514988588,0.5956767911547132,0.5147954302153259,0.677689015528187,0.6852074857673389,0.7165132495269861
2020-04-28,0.45428022944475865,0.5957950221270749,0.509018448994918,0.6606544961662454,0.6832779320535726,0.7091338825351496
2020-04-29,0.4510460472390732,0.6031527950000644,0.4839539327904004,0.6602311806419788,0.679365579407748,0.6916925260530514
2020-04-30,0.4504134393468143,0.6025585338689842,0.4828162517079475,0.6595940747940442,0.6781786973603318,0.6914414008902713
2020-05-01,0.4547397327313576,0.604712976219198,0.4915677429773429,0.6609799511790325,0.6808327899739623,0.6940324231628665
2020-05-04,0.45365956283417613,0.6048669515034034,0.49508839040801667,0.6605283182774053,0.6753981022341009,0.692754829264763
2020-05-05,0.4490091682589102,0.6049304179008056,0.496274360661932,0.6587026698576356,0.6710568382338563,0.692467472552491
2020-05-06,0.4506023555236237,0.6054337841961513,0.5012812045307443,0.6586887090813917,0.6731781045044603,0.6965546592552834
2020-05-07,0.45230669293886006,0.6060315433985375,0.4990020080172261,0.6616864008552972,0.6689480107435226,0.6907803965696775
2020-05-08,0.4527452344259987,0.6058243502635672,0.5022516707785267,0.6623061964266214,0.6672069306801616,0.6939847435696321
2020-05-11,0.44846678107961485,0.6066765484920577,0.4933153467338506,0.6631551961538359,0.6698563862010756,0.6875521826465091
2020-05-12,0.45179208749939237,0.6085961855875955,0.4967080764410262,0.664924997322923,0.6718312555416203,0.6892968445544654
2020-05-13,0.455549921382456,0.6118687991027133,0.499268440686768,0.6663461421023206,0.6770600433287964,0.6934490470058084
2020-05-14,0.45531282763857633,0.6129524129143996,0.49571752616176973,0.6645851292420915,0.6727912216790217,0.6956641661323867
2020-05-15,0.45166876804699885,0.6122529377529182,0.49782710515192136,0.6637213276882462,0.6717391757105209,0.6983360442438094
2020-05-18,0.4455892469698314,0.6208949461828772,0.4980196011595112,0.659017231179115,0.6752805097549633,0.6957118340033365
2020-05-19,0.44377618733589036,0.6178018783884649,0.48354860814192685,0.6566350418745048,0.6666947230994378,0.6928268549166112
2020-05-20,0.44068229760763616,0.6162357399101167,0.4809699806897275,0.6538405563893919,0.6639142359442621,0.6907059817530772
2020-05-21,0.4411060409978971,0.6152062192983342,0.4794590755331638,0.6534959264081083,0.6613830554700265,0.6837293128877159
2020-05-22,0.440392199755474,0.6158504623960874,0.4833728671955079,0.6494507951518861,0.6586397718917817,0.6802622622914447
2020-05-26,0.43984190956932223,0.6204914236065058,0.4743973019361137,0.6299201334419259,0.6727477911367101,0.6666103957674288
2020-05-27,0.44259973352691967,0.6210758775114134,0.4731601852683302,0.6268200669250085,0.6671787990709901,0.6612286187101656
2020-05-28,0.4480243879618889,0.6237915541671046,0.4750745259247751,0.622620677943008,0.6651811650451372,0.6612184589571716
2020-05-29,0.4521336728937742,0.627906677263954,0.48046222724240295,0.6140221788943456,0.6586986281791712,0.6530325181302864
2020-06-01,0.44454861280221586,0.625900600983637,0.4756253998776097,0.6069257126454197,0.6556138077484692,0.6484044210466418
2020-06-02,0.4509052476430673,0.6205063380895177,0.47992894105042744,0.6100555794950357,0.6555823427784336,0.6499809969654308
2020-06-03,0.41766472906905644,0.612346424639907,0.4019368319506391,0.5867445759331793,0.6386444491355283,0.6224724652630773
2020-06-04,0.3894318510644408,0.6350976999158491,0.38873426892688384,0.5776784905856167,0.6293342066921487,0.6196866621543973
2020-06-05,0.3793939184643427,0.62519083720127,0.3932265141686684,0.5714079307615553,0.6351297600017359,0.6271543869452137
2020-06-08,0.36151231482190976,0.6112929975731178,0.329251283881664,0.5629868242357022,0.6284715009021008,0.6033774426866025
2020-06-09,0.35245370286748456,0.6066341743696406,0.2850197047495145,0.5347042278955206,0.5558036982244092,0.5543280605668524
2020-06-10,0.26992128211541166,0.5805384577143937,0.1967161631247141,0.45443249301679733,0.4878801161129911,0.47654931552345475
2020-06-11,0.32823514084587113,0.6073968288355827,0.2658456084078329,0.4731939190675336,0.47746342034001116,0.5022481595311268
2020-06-12,0.32838539787556587,0.6458698122625735,0.26106953692048784,0.5138813351631424,0.48663302375192674,0.4589333024817466
2020-06-15,0.350985106708891,0.6575127781964177,0.25801377507731166,0.502475895629231,0.5118015120478905,0.4680106033453488
2020-06-16,0.354355703094091,0.6846306552971126,0.2522511236128289,0.4272450130256165,0.5348006964400502,0.48642572125846095
2020-06-17,0.3216199074545642,0.7407629148724918,0.2812339927747237,0.5418486096560685,0.6339402617559146,0.47022849089664714
2020-06-18,0.16258119204918153,0.6793283417365567,0.15910330539211495,0.39949048605459436,0.566192048746321,0.3590938672395214
2020-06-19,0.16295318332590783,0.6790416842945377,0.15995904652216292,0.3985875289058959,0.5800805849749073,0.3669656307194261
2020-06-22,0.13195113979062353,0.6791657195665375,0.1390936925507086,0.33217171934910383,0.5482455059244691,0.32452729743083664
2020-06-23,0.11419900540356093,0.7027167030532149,0.12502355301903423,0.33817119917138616,0.540168583206251,0.3333139821209397
2020-06-24,0.22270397928280342,0.7211763201396009,0.1620414104794644,0.37359127051193214,0.551425140776604,0.3441216675039088
2020-06-25,0.23314110023362497,0.7371346620798166,0.17928802989543666,0.37353047879162454,0.5427821222142669,0.32931219631464564
2020-06-26,0.22386319497462562,0.7381219939806055,0.17851836380104025,0.35693027795098936,0.532479393469801,0.32329877419978065
2020-06-29,0.186483958765168,0.7813559614405482,0.16889165508984155,0.38152203765774745,0.5316935149675257,0.3297932642397039
2020-06-30,0.19469755910494232,0.7790535616348397,0.15696687708158016,0.38681495185436143,0.5485941160157554,0.3220514200238948
2020-07-01,0.1764551376555698,0.7877129004819252,0.12743512044793384,0.3452303858119457,0.5143993596684409,0.23737468775062243
2020-07-02,0.17688172464096916,0.7854630237479742,0.1252471154457927,0.347078790926154,0.5141577232657115,0.23799225406412275
2020-07-06,0.1236363402281704,0.7552984400363298,0.09192919679435177,0.29787178844029494,0.5075903477374908,0.21929407172969592
2020-07-07,0.12227277400042329,0.7582254905831725,0.09810882384732113,0.2939125563053263,0.5131944194088539,0.2353029015231382
2020-07-08,0.12135764350786578,0.7650378706648555,0.11120505477214877,0.2944214728884498,0.5307328524325869,0.28998275345456376
2020-07-09,0.12620100602389528,0.7787547337000202,0.06420210598027598,0.27864613968965196,0.4908793153654083,0.22640027970036158
2020-07-10,0.1567648739019167,0.7609702839218464,0.06543727833248879,0.3336751763652393,0.4959051186674348,0.22270478668729024
2020-07-13,0.2553561937605271,0.787272296862125,0.10095925395428774,0.34004807696459616,0.4685126453109664,0.22913173997397723
2020-07-14,0.28502738877857575,0.7781009341673093,0.1287208136251323,0.3594736481352336,0.4745892291211712,0.2508167439689796
2020-07-15,0.31092840007257533,0.7754463646615714,0.13568995593063718,0.38530569753107086,0.47708386496856137,0.25765328432170737
2020-07-16,0.3277003220655213,0.798061071996521,0.14911903065210985,0.3491028919968164,0.4309642986450308,0.20640525756367095
2020-07-17,0.29669432397389267,0.794552047668432,0.09740875815153718,0.3252249123393147,0.41539453688289385,0.17712736383442423
2020-07-20,0.32058531906449433,0.8128534593333051,0.0990529859072274,0.32208107087234367,0.40540280177744503,0.1629007759081712
2020-07-21,0.29610634328899715,0.8020391728608199,0.0862528667258394,0.31756972290164637,0.40691622707337693,0.15952283330804662
2020-07-22,0.28940416023454835,0.801517610370566,0.07214862860473896,0.3133741617651667,0.4226639828668912,0.15023765152186985
2020-07-23,0.3136470669793814,0.7990721762105988,0.08777366276707418,0.362230347421866,0.4055846720897679,0.15936210112514332
2020-07-24,0.3154974178019963,0.7894104085924166,0.09294995252385205,0.3642183325736538,0.2608699069479135,0.1283789984593662
2020-07-27,0.3135249654196183,0.7908062073709315,0.09119912624499145,0.36292492395346554,0.2566581228456699,0.11952561107553054
2020-07-28,0.279853711325584,0.7838471710590613,0.05343575170876381,0.34127012429105974,0.23151674806964107,0.09362980844993406
2020-07-29,0.2980727000613688,0.787459939438069,0.07475477714761772,0.3574935569291582,0.2819973883946188,0.1307580864648137
2020-07-30,0.3178956659795777,0.7892656471656176,0.06225338151971276,0.37076295164817924,0.2940380731788682,0.1237883008541897
2020-07-31,0.30002940085212865,0.7809176447288997,0.05402640357717382,0.36485433493673214,0.29661259951509633,0.1233834149362626
2020-08-03,0.2886357402437013,0.782121942766337,0.057135486419404996,0.33566716381472084,0.3124356033270755,0.13257560994713408
2020-08-04,0.29168017606712215,0.7747317191019298,0.061544925078106286,0.3457689365858038,0.28379271467560174,0.11039256072481367
2020-08-05,0.3316375987126237,0.7801729487714528,0.07053566963819519,0.3893882280501081,0.26209016484941017,0.11769952185954037
2020-08-06,0.31212581983897825,0.7622197246578644,0.04797312047282295,0.36032155496441787,0.24141008527381813,0.09866434429898852
2020-08-07,0.295511587098213,0.7527372088284778,0.02909356460545829,0.3411520770563327,0.23134859055937032,0.07408035923900755
2020-08-10,0.2823848634507867,0.7533864449204849,0.013041982532799519,0.33849825318900784,0.24807456097837732,0.059724890355260886
2020-08-11,0.3070918313945735,0.7493863210700163,0.040546506208737385,0.3347295546209844,0.25705363329222786,0.048749003085994634
2020-08-12,0.320031663109774,0.7304615692018932,0.04405818995996005,0.3382155361697741,0.2721867223501999,0.04765267732652659
2020-08-13,0.28789094138281296,0.7269764399723668,0.0555345877510103,0.3236703913525722,0.2808265405706353,0.05226539978420474
2020-08-14,0.27011125307635325,0.7227652974175064,0.050235633564112314,0.3147252318955131,0.2822359207829842,0.050209501054406434
2020-08-17,0.26527751626297147,0.7292268836309335,0.046549537322432215,0.3085807684575987,0.28611443617500854,0.058076027301404286
2020-08-18,0.2630460463298905,0.7304974468197946,0.054606506704689556,0.3131239394268846,0.2858336649469666,0.062484976039781336
2020-08-19,0.2918423022729716,0.7371076061987205,0.07448824167354652,0.39101562939866175,0.26972759374431055,0.11087165753149024
2020-08-20,0.2859371039685087,0.736543854827012,0.07623189389658719,0.3768964687258817,0.27831565162562555,0.11406680167569812
2020-08-21,0.29201375479124486,0.7343908988514588,0.07024170724094522,0.38331806527617374,0.28980694180549466,0.1027903487844894
2020-08-24,0.3134775233773341,0.7309531872895473,0.07650783021362041,0.40145545108383074,0.27911108193177375,0.1058136757458484
2020-08-25,0.33557374786675914,0.7264179037223552,0.08273222928576364,0.4165762370468615,0.2822552595426638,0.10345889884169804
2020-08-26,0.34448358123509015,0.7610973660029549,0.0965910867937904,0.4102561120405879,0.2789803084216464,0.10392901973990347
2020-08-27,0.3056102394559447,0.7665243399281619,0.09706037086256832,0.3953123831811068,0.17293015990307878,0.11264365079909028
2020-08-28,0.3214487549893236,0.763694841392726,0.09958679998064644,0.4277348748133201,0.16746549417149198,0.1132741862782219
2020-08-31,0.3102137711317336,0.7649935790643171,0.09328730741760698,0.4256651216238813,0.1468977639446685,0.09677674624719082
2020-09-01,0.2754079759443014,0.7556415498059849,0.10312133397701415,0.38901390884142617,0.15060503861236318,0.11561233832858615
2020-09-02,0.2548678705027335,0.7506231478498502,0.1267931428400449,0.3889616387841713,0.17077021404071593,0.12362752441663026
2020-09-03,0.2741775082176046,0.7283653837025568,0.11934678163160228,0.44175611154653405,0.2310701399412502,0.1426770854090506
2020-09-04,0.1626941218019796,0.6801136885364478,0.025023506596011668,0.32803230554801416,0.1564181929810554,0.013947572948542793
2020-09-08,0.1682047106075382,0.6768912777315987,0.041715135394578204,0.3374902963044182,0.16999970161818848,0.05772928113301893
2020-09-09,0.18538320722148768,0.6794942884034265,0.052874506487076235,0.3390258314530397,0.18483247347999412,0.05837910898880523
2020-09-10,0.22158964739969067,0.662450171655917,0.09649218676600743,0.34569734144513575,0.20016126217425617,0.06954885332013695
2020-09-11,0.23295862712057622,0.6597575323089627,0.09647317127944746,0.35312713608747204,0.19662789294259397,0.06407664537947058
2020-09-14,0.24442460693760462,0.6648655590704946,0.10474067941546275,0.3558738403591216,0.19561762621659307,0.06658250589739999
2020-09-15,0.24052280138398002,0.6652855933466412,0.1026502669101116,0.35537451859512925,0.1963311984894286,0.06719346798046291
2020-09-16,0.23016139373188754,0.6402959732226209,0.08637267383289282,0.36407606701848144,0.20378441862446747,0.0775970469632162
2020-09-17,0.22817078303966562,0.6410883452281885,0.08969241934960663,0.3619801151250965,0.20667402336051707,0.07601961530050554
2020-09-18,0.15717601465329098,0.6237735151085858,0.07252233694745475,0.3154940424277203,0.1811637070439264,0.059822704803536714
2020-09-21,0.1471201369382038,0.6314638649822351,0.06251041995859657,0.3139490025687167,0.182356037891137,0.03947260810764341
2020-09-22,0.13049542562413516,0.6181104410260776,0.04154047830805398,0.289404447411553,0.17400242265516533,0.004049259254213102
2020-09-23,0.15620381744021422,0.6230253166935504,0.06640088276750397,0.3130868289715053,0.19367710571038255,0.030876707984553557
2020-09-24,0.12372714057327577,0.6125094355195417,0.04787770806759366,0.2867064134323675,0.170122557924311,0.012125956410094589
2020-09-25,0.14389655775773297,0.6035504926037801,0.052894999969119595,0.29784497935296156,0.1790684140916604,0.01127299152665935
2020-09-28,0.14409916603869308,0.6127549531709007,0.06126291935862393,0.30276607241496667,0.18188354764021153,0.016340320031437417
2020-09-29,0.15155512091268517,0.6378748838127372,0.06615469274135757,0.29397378045381073,0.18242571310722236,0.005339370440856833
2020-09-30,0.15141468974532363,0.6362518747634992,0.06140262037529607,0.2828368844056814,0.1709822972922816,-0.00576971482819233
2020-10-01,0.15674021045874348,0.6202412615310935,0.04489662667761406,0.28621922471618794,0.1676587757171545,-0.005953210395834604
2020-10-02,0.21521384061835033,0.5833071632863771,0.1472013372221859,0.3170822030333562,0.17608502221614525,0.05169217455858824
2020-10-05,0.23635305914522706,0.6001879162030318,0.17471522899977132,0.3541274328377177,0.18478243453010007,0.09213086675688531
2020-10-06,0.25608058821728324,0.615532932629437,0.194570049933217,0.36534308632763174,0.1957961660150192,0.08547004782502987
2020-10-07,0.23544777763183,0.5903697628027366,0.18941380999773536,0.35530940910796677,0.19632762854983113,0.08317241075960459
2020-10-08,0.22563189717659807,0.5878861166172948,0.18427257844859296,0.33653838826350013,0.1953569914287669,0.08158987864534692
2020-10-09,0.22329173554307288,0.5884350221557965,0.18977698519375957,0.33462475552879656,0.18313209086170792,0.08189766647879039
2020-10-12,0.24470834017122184,0.5890452275261249,0.19004977289084807,0.3515801237708736,0.1911819673931439,0.08217149837413987
2020-10-13,0.23900253076522962,0.5903456767793704,0.1865496702534816,0.35743080010367667,0.18958412368399358,0.08796449289725465
2020-10-14,0.29275189714617544,0.5903181001909282,0.22244181342245145,0.3698189582292377,0.18936186490285875,0.09320917270133977
2020-10-15,0.28800515799486726,0.5943073928565411,0.2186850578249458,0.3623296107915071,0.1653994929761531,0.07898890096807326
2020-10-16,0.26652400121855346,0.5779797321705912,0.21153202538368296,0.37084983827225815,0.16716808434362926,0.0842732034905269
2020-10-19,0.2784841866696737,0.5894356210090392,0.2715674123328247,0.3773885244315993,0.2876035476357925,0.15309931912749403
2020-10-20,0.27586691642004396,0.6042481699457373,0.26147109496868026,0.3712599095813222,0.2901606301807497,0.14433064435361068
2020-10-21,0.28331767260732776,0.5969920764545313,0.2562642304760206,0.3688245637156185,0.30341799679112386,0.136889917474602
2020-10-22,0.3020812128620816,0.6129152310280548,0.18072009470968808,0.3866561874827211,0.24680164554534134,0.027602777580935052
2020-10-23,0.2877525543230433,0.601777801070785,0.21209915388346348,0.3830649987225132,0.23892162126262056,0.03675468794109487
2020-10-26,0.2837107970904778,0.6354528462717732,0.21758529941753452,0.35501938004673633,0.23647843286870177,0.03306665273782863
2020-10-27,0.2844059095937078,0.5995604373591892,0.21168795314787373,0.35338627853388244,0.23927431577392477,0.08010291540708155
2020-10-28,0.3072919795807695,0.6161738210127902,0.20266315949913716,0.3721340763742443,0.29945036203014297,0.1255023442377404
2020-10-29,0.2566144291064748,0.573462062698001,0.218991269503268,0.33718690218177844,0.2874793189799788,0.13239615077245281
2020-10-30,0.25693601425307877,0.5947508301414243,0.21192593973159865,0.36005587114640164,0.28750908445913065,0.11192827846723313
2020-11-02,0.2715816936313703,0.6022442624977139,0.20672974021584567,0.37422684861037153,0.2780489810412577,0.11258492711261493
2020-11-03,0.28130681917523026,0.5649033043548103,0.22594267540956653,0.4024305390076303,0.2799882450511863,0.14614815473327586
2020-11-04,0.2802236960266853,0.5889702314721891,0.21418072353403841,0.4221149437953235,0.287115880485188,0.20562558263193773
2020-11-05,0.27479132733171324,0.5566620656380451,0.20617617369603433,0.43034696701300623,0.27897276953354305,0.21907285832357717
2020-11-06,0.2747273437954172,0.5602891621652376,0.19505458678832446,0.4272940658533397,0.2824186918191516,0.20935729765647096
2020-11-09,-0.011577140841439591,0.7096100041384608,0.04022721480932988,0.1906456110960713,0.3090862399078138,0.09904812986910852
2020-11-10,0.0004427201843273354,0.7040802260591735,0.010208493731230967,0.19623721522589527,0.2762637570097278,0.09743003927864201
2020-11-11,-0.00444014311310726,0.7029904951448137,-0.006397088690670652,0.17982452291480658,0.28803016663815945,0.06594859467931632
2020-11-12,0.0012240400242545528,0.7041644417624983,-0.014697157149088215,0.18180914478965382,0.285096151486739,0.061434148572031375
2020-11-13,0.006492698846469677,0.7137326633375515,-0.016512379667192045,0.18833285881043185,0.2806214954660021,0.061978959616995455
2020-11-16,0.021078253494850523,0.7220326523579568,0.017922572068000256,0.2005261338585262,0.28281076914849046,0.08679061188417478
2020-11-17,0.021126555835268537,0.7235199808960912,0.018048671969700638,0.21411395668540498,0.2814741441700076,0.09325823991582018
2020-11-18,0.03693427990948,0.723142952049379,0.01643381293477628,0.2130512638853996,0.2787783994623263,0.10229758074007503
2020-11-19,0.047130566977111224,0.7201797479355855,0.02562566203124259,0.2162967366422894,0.28539045268005325,0.10080583595446964
2020-11-20,0.051402986241417516,0.7213946613794473,0.028336208164834984,0.2187523330117962,0.3954862263678354,0.10934954711869804
2020-11-23,0.025231776312066877,0.7326794371540817,0.03226544048401589,0.1955660543207798,0.39418850191676114,0.116743970721657
2020-11-24,-0.007094883352895505,0.7346825786579202,0.049012453141985185,0.17128582472013157,0.43250654157160356,0.14953732368583528
2020-11-25,-0.004471841464388297,0.7357043365679508,0.04350537787259389,0.16891396898417696,0.445209509015307,0.1478792337624067
2020-11-27,-0.012247359420255878,0.7368719714726741,0.039123607168105715,0.15204935181928342,0.4759331959210564,0.15701790433910995
2020-11-30,-0.013513923889019043,0.7499748835524654,-0.012721811779386097,0.13697758643786798,0.41275176890336734,0.09075050314595416
2020-12-01,-0.008076095440400914,0.7476381818030609,-0.011293076147997159,0.13935625178907124,0.41087103654442675,0.0885981837157493
2020-12-02,-0.021693109790833054,0.7513133693978682,-0.0284743439084843,0.11415828642276347,0.39783138468277607,0.03489493128682854
2020-12-03,-0.04614678404028661,0.7510182933418879,-0.052698323121203046,0.10615636736217202,0.375737846535451,0.024704737332341065
2020-12-04,-0.07730719781315118,0.769394443726263,-0.08338680971789823,0.10109413963371337,0.3597735973824434,0.029296127264434528
2020-12-07,-0.06787994624189994,0.7703494329657831,-0.088196049006992,0.10334425355274172,0.3754124355542135,0.03367785883306694
2020-12-08,-0.07033559542924023,0.7699038741788831,-0.09081530463189193,0.10093946214631207,0.3727712388503212,0.03167366985056949
2020-12-09,-0.06737498720883915,0.7689094351564467,-0.09698797559557872,0.1025130199886245,0.3714569760186064,0.03439704252766693
2020-12-10,-0.05867553532385419,0.7760298788087919,-0.0697444504416144,0.09579394530567378,0.36584905839855336,0.018671503189585346
2020-12-11,-0.05974934508400755,0.7684441368894207,-0.0690769002837367,0.09281825617123192,0.36771880872323737,0.01976234062162489
2020-12-14,-0.05472832161084407,0.7626539966250473,-0.10428104724308646,0.09485346578410876,0.365348182067397,0.0046387501296586645
2020-12-15,-0.05967018193648811,0.760986788729434,-0.06649658921629552,0.08595546177192588,0.3874907701623142,0.060359660671608174
2020-12-16,-0.061062703750720884,0.7584741223903518,-0.06672344777013356,0.09161686434466525,0.3863244422205494,0.06538611787437262
2020-12-17,-0.09167824308641917,0.7451756798995834,-0.10247426627885395,0.07314298511648619,0.359329747696338,0.025858221402664906
2020-12-18,-0.09571850051812052,0.7457411334861948,-0.09707982733549121,0.07034010970171352,0.37135546347746623,0.03462393127184542
2020-12-21,-0.10099752937249515,0.7490739865412398,-0.08654556180635208,0.07502871128281294,0.36245967166900367,0.049314053719076587
2020-12-22,-0.10346486002366201,0.7507747194885264,-0.08512360807412939,0.0652690665312614,0.35854306943671205,0.040755745283182744
2020-12-23,-0.10821329216631503,0.7522561543622657,-0.09031185450349348,0.06796161514469722,0.35914009847581746,0.05045820945185902
2020-12-24,-0.11727898276534536,0.7519535228469514,-0.09035202157313499,0.07249317283059364,0.37479468549346306,0.05042477938891282
2020-12-28,-0.11840660241246438,0.7604977808352122,-0.06380206886992026,0.0746442404281923,0.3832742505776114,0.054661384236993994
2020-12-29,-0.1446185360499096,0.7611809878824819,-0.08661560473295546,0.06593301008187581,0.35711159918752716,0.0476336202934395
2020-12-30,-0.1683173656110795,0.7582662754810866,-0.11755245161488712,0.05512365322839067,0.32628393381034226,0.02955424736203684
2020-12-31,-0.20576832766587336,0.7542849211352523,-0.1302551887976728,0.03379719801757752,0.3067598265645833,0.019060483862842637
