Date,00116101,00169001,00177301,00187801
2015-01-02,0.0074906367041198685,-0.009423704240666964,-0.007773363275177081,-0.008824508824508803
2015-01-05,-0.011152416356877248,-0.028174167581412335,-0.016538997214484596,-0.014614480094070292
2015-01-06,-0.011278195488721887,0.0003765060240963347,-0.028500619578686437,-0.019774974428912295
2015-01-07,-0.019011406844106404,0.013925479864508983,0.009293002915451876,-0.0020869565217390695
2015-01-08,0.011627906976744207,0.03823311061618395,0.024192092435457502,0.02474729871035186
2015-01-09,0.00766283524904221,0.0010725777618878496,-0.008813678829543425,-0.009013605442176775
2015-01-12,0.0,-0.02464285714285719,-0.014049439800818075,-0.016818259824952886
2015-01-13,0.011406844106463865,0.009154155986818013,-0.0021645021645021467,0.0008727526618956816
2015-01-14,-0.011278195488721887,-0.003991291727140744,-0.001446131597975353,-0.01621904429717491
2015-01-15,-0.041825095057034134,-0.02732240437158473,-0.017559739319333745,-0.012409147314305868
2015-01-16,-0.051587301587301515,-0.0074906367041198685,0.024138566427123642,0.020463112547119078
2015-01-20,-0.06276150627615062,0.02566037735849047,-0.0008996041741633487,0.004397537379067673
2015-01-21,0.09375,0.007726269315673218,0.014946875562758866,0.007880910683012221
2015-01-22,0.008163265306122547,0.02592186929536333,0.015968772178850177,0.012510860121633494
2015-01-23,-0.0080971659919028,0.005338078291814874,-0.007160321341250331,-0.0013729191693839793
2015-01-26,0.06530612244897949,0.000707964601769806,0.0079155672823219,0.0006874033339061558
2015-01-27,0.034482758620689724,-0.035019455252918275,-0.017452006980802848,-0.03572041902799239
2015-01-28,-0.02592592592592602,0.05681818181818166,-0.009236234458259274,-0.027782724844167328
2015-01-29,-0.0076045627376425395,0.031217481789802326,0.0014342058085334841,0.014105147462905254
2015-01-30,-0.01532567049808431,-0.014799865455768613,-0.014679556032939467,-0.024385838150289052
2015-02-02,0.03891050583657596,0.012632297712529938,0.003997093023255793,0.0020366598778003286
2015-02-03,0.033707865168539186,0.0,0.03528773072747016,0.014781966001478297
2015-02-04,0.03260869565217406,0.007754551584625791,-0.0033210977101905126,0.0276766205389658
2015-02-05,0.16140350877192988,0.0030110404817664804,0.008067344791301112,-0.003720765414599536
2015-02-06,-0.08459214501510581,-0.008338892595063374,0.018441196938065563,0.014938644851502758
2015-02-09,0.0033003300330034513,0.006727211570803915,-0.004783054321831237,0.004731032065883989
2015-02-10,0.0,0.0190444370197127,0.014418125643666402,0.020230205790024325
2015-02-11,0.009868421052631415,0.023606557377049198,0.016751269035532923,-0.0034188034188035177
2015-02-12,0.016286644951140072,0.012491992312620104,0.018472291562656062,0.013207547169811429
2015-02-13,0.009615384615384581,0.005061689338816899,0.012745098039215641,0.027086507533435
2015-02-17,-0.012698412698412764,0.005980484734025904,0.002420135527589684,0.007582000988956672
2015-02-18,-0.009646302250803762,0.006883604505631968,-0.002253339771446927,-0.00032717160150508295
2015-02-19,-0.006493506493506551,-0.0021752641392168703,0.001935796096144582,0.00572737686139746
2015-02-20,0.0,0.008097165991902688,0.010787312832072127,0.01480637813211838
2015-02-23,0.0,0.02718566573988279,-0.00477859190825114,-0.006734006734006592
2015-02-24,0.016339869281045694,-0.006315789473684275,0.007202304737516041,0.0019370460048426796
2015-02-25,-0.003215434083601254,-0.025423728813559254,-0.002701414269823621,-0.0009666505558241223
2015-02-26,-0.006451612903225823,0.012422360248447228,0.003824091778202643,-0.016126431220770843
2015-02-27,0.009740259740259605,-0.014723926380368235,-0.01650793650793647,0.0529421406326831
2015-03-02,0.032154340836012985,0.004669987546700005,0.016462233699160667,-0.0037359900373598043
2015-03-03,-0.02180685358255452,0.002169197396963085,0.007939028262940573,-0.020312499999999956
2015-03-04,-0.02866242038216571,-0.006493506493506551,-0.0033081285444233055,-0.002870813397129135
2015-03-05,-0.022950819672131084,-0.016495487083722393,-0.011221748063853343,0.006877799104286542
2015-03-06,-0.020134228187919434,0.0015822784810126667,-0.015185421994884929,-0.019221604447974605
2015-03-09,0.0034246575342467,0.004107424960505535,0.0017854244440838052,0.00032393909944916643
2015-03-10,-0.0034129692832765013,-0.020453115166771618,-0.021224886584575553,-0.03432642487046633
2015-03-11,-0.0273972602739726,-0.018310311596530737,0.0018208905810297438,0.004024144869215318
2015-03-12,-0.028169014084507116,0.01799738219895297,0.0008261731658956162,0.004342017368069495
2015-03-13,-0.0036231884057970065,-0.0067502410800386325,-0.014693742776952345,0.005653475224476123
2015-03-16,0.0036363636363636598,0.011003236245954673,0.01742627345844494,0.016865079365079527
2015-03-17,0.0036231884057971175,0.016645326504481472,0.0036231884057971175,-0.0011382113821137851
2015-03-18,-0.0072202166064981865,0.011335012594458238,0.020019691499835846,0.0032557382386455558
2015-03-19,-0.0036363636363635488,-0.007783312577833046,-0.0014478764478763617,-0.010222294337173476
2015-03-20,0.021897810218977964,-0.012237213680577397,0.029805058804575513,-0.0003278688524590567
2015-03-23,0.014285714285714235,0.010165184243964509,0.011733416770963734,-0.0024598228927517063
2015-03-24,-0.017605633802816878,-0.004088050314465352,-0.011133446729549967,0.003945421666940785
2015-03-25,-0.057347670250896154,-0.02620776760341026,-0.040656763096168946,-0.02816440150646793
2015-03-26,0.0076045627376426506,0.007133592736705552,-0.019885900570497106,-0.010614995787700088
2015-03-27,0.026415094339622858,-0.008048937540244716,0.016131714618326853,0.0
2015-03-30,-0.007352941176470562,0.025316455696202667,0.0279869067103109,0.009877384196185224
2015-03-31,-0.007407407407407418,-0.015194681861348536,-0.02642891259353608,-0.011129848229342265
2015-04-01,0.003731343283581934,-0.0016072002571521082,-0.009321340964840608,0.0017053206002728416
2015-04-02,0.0,0.008692852543464191,-0.001320567844173004,0.018386108273748647
2015-04-06,0.003717472118959231,0.016278327481646926,0.012892561983470996,-0.0018388498829822186
2015-04-07,0.0,-0.010678391959799027,-0.009791122715404721,0.016412661195779554
2015-04-08,0.0037037037037035425,-0.0031746031746032743,0.009887936717205115,0.018783984181907964
2015-04-09,0.0036900369003691758,0.007643312101910826,0.004569190600522299,0.015849911046417642
2015-04-10,0.014705882352941124,0.004108723135271886,-0.005685510071474997,-0.0011144722177997002
2015-04-13,0.007246376811594235,-0.0018885741265344258,-0.004084299950988357,-0.015460631176283046
2015-04-14,-0.03956834532374098,-0.004099653106275691,0.0011482939632545541,0.0038853812530352805
2015-04-15,0.011235955056179803,0.0037998733375554927,0.019170899557594545,-0.008063215610385477
2015-04-16,0.06296296296296289,-0.0050473186119873725,-0.0012861736334406348,0.0024386278653876214
2015-04-17,-0.10104529616724744,-0.01109701965757759,-0.022054088860270382,-0.021245540058384638
2015-04-20,-0.03488372093023251,0.022763706316126786,0.022057613168724233,0.011433305716652908
2015-04-21,-0.05622489959839361,-0.005329153605015624,0.005959091641166037,0.009338138925294892
2015-04-22,-0.029787234042553346,0.013551843681058884,0.011527377521613813,0.00844018828112314
2015-04-23,0.021929824561403688,0.008084577114428004,-0.012187401076290016,0.00997907613069371
2015-04-24,-0.012875536480686844,0.004626773596545286,-0.007370613683704397,-0.0017529880478087678
2015-04-27,0.01739130434782621,0.018114829597789317,0.0029055690072639084,-0.03256704980842906
2015-04-28,-0.012820512820512775,-0.01568154402895039,0.0009657170449057784,0.000990099009900991
2015-04-29,-0.012987012987013102,-0.014705882352941346,0.01238141180254071,-0.018463567424991667
2015-04-30,-0.00877192982456143,-0.027052238805970075,-0.05162007623888187,-0.045515619751427594
2015-05-01,0.02212389380530988,0.030361137743688094,0.045888460894322636,0.013197254970966021
2015-05-04,0.0,-0.002171215880893307,-0.015532425940752659,0.0031260854463355248
2015-05-05,-0.012987012987013102,-0.022381100404103238,-0.007319453480806648,-0.017659279778393322
2015-05-06,0.004385964912280826,-0.006359300476947549,-0.0024578076355890044,-0.009693338033133658
2015-05-07,0.013100436681222627,0.0022400000000000198,0.001149802890932916,0.0028474817583199474
2015-05-08,-0.004310344827586077,0.01883780332056184,0.01066447908121404,0.01614906832298124
2015-05-11,0.0043290043290042934,-0.01034158570980892,-0.0024350649350649567,0.003318197694725855
2015-05-12,0.012931034482758674,-0.003483217226092461,-0.006346623270952034,-0.011314186248912228
2015-05-13,0.008510638297872353,0.0009532888465204614,0.011300360301342849,0.03327464788732404
2015-05-14,-0.016877637130801704,0.023492063492063453,0.022995951417004168,0.004941216561594741
2015-05-15,-0.0042918454935623185,-0.0015508684863524413,-0.0061738166851353915,-0.003051881993896277
2015-05-18,0.012931034482758674,0.011183597390493905,0.015769353297228506,-0.006802721088435382
2015-05-19,-0.029787234042553346,-0.0009216589861749114,-0.003293084522502765,-0.015068493150684814
2015-05-20,0.01754385964912286,0.0,-0.002831969792322253,0.0010431154381083108
2015-05-21,-0.017241379310344862,0.010147601476014678,-0.015777847901546238,-0.0012156998957971732
2015-05-22,0.0,0.00852359208523601,-0.003206155819172829,-0.01947487393496783
2015-05-26,-0.02631578947368407,-0.021732568668880292,-0.027339980701190147,-0.02323106933853525
2015-05-27,0.02702702702702675,0.018512804689910567,0.009424603174603252,0.007443718228032026
2015-05-28,-0.004385964912280604,-0.0021205695243865508,0.0031122031122032823,-0.016939989187241045
2015-05-29,0.004405286343612147,-0.011232544019429191,-0.007348138471587218,-0.007332722273143855
2015-06-01,-0.013157894736842035,0.001842186060792228,0.0004935022207599449,0.004432132963988922
2015-06-02,0.022222222222222143,-0.0042905301869445855,-0.005754685958566319,-0.0007354293068578821
2015-06-03,-0.008695652173913104,0.001231148045552466,0.009426161733090854,0.010855565777368792
2015-06-04,0.021929824561403688,-0.005840762373193864,-0.031127129750982974,-0.02202402621041133
2015-06-05,0.0,-0.00556586270872006,-0.005410889414947606,0.016378187232458652
2015-06-08,-0.008583690987124526,-0.006529850746268551,-0.012920775246514804,-0.0067753158762130505
2015-06-09,-0.008658008658008698,-0.0028169014084507005,0.0006889424733034222,-0.005899705014749235
2015-06-10,0.013100436681222627,0.011299435028248483,0.016523235800344205,0.019473293768546007
2015-06-11,0.0,-0.0021725636250775615,0.00660345411445995,-0.0089139530653084
2015-06-12,-0.004310344827586077,-0.011197511664074677,-0.006728343145500526,-0.007709251101321479
2015-06-15,0.0043290043290042934,-0.0018873859704309215,-0.006096528365791665,-0.009248982611912648
2015-06-16,0.012931034482758674,0.005357705641348742,0.005793150451524953,-0.0022404779686333587
2015-06-17,0.051063829787234116,-0.0025078369905955356,-0.004404540064373963,0.0026197604790418882
2015-06-18,0.020242914979756943,0.004714016341923255,0.016675174408711912,0.010824934677118314
2015-06-19,0.023809523809523725,-0.010009383797309979,-0.007364016736401635,-0.010893648449039839
2015-06-22,0.015503875968992276,0.00789889415481837,0.015848929354240315,0.018293821168564373
2015-06-23,-0.003816793893129833,-0.004388714733542187,0.00016597510373439484,-0.008432630614115366
2015-06-24,0.003831417624521105,0.00850125944584379,-0.009956853634251583,-0.0033277870216307237
2015-06-25,-0.01526717557251911,-0.004683109584764367,-0.01072745558162913,-0.011315154887775902
2015-06-26,-0.04263565891472865,-0.005959849435382636,-0.022873602168756335,-0.02063789868667909
2015-06-29,-0.052631578947368585,-0.0176711896497318,-0.027917461418415113,-0.03429118773946371
2015-06-30,0.025641025641025772,0.007388371345968592,-0.004637887977167465,-0.006546320174568465
2015-07-01,0.008333333333333304,0.009247448979591733,0.002508960573476715,0.005990415335463295
2015-07-02,0.045454545454545414,-0.0012638230647709081,0.01465856274579913,0.008932115919015438
2015-07-06,-0.02371541501976271,-0.0034799114204365766,-0.01497533474277668,0.002360810544953962
2015-07-07,-0.15384615384615397,-0.0025396825396825085,0.006438919692362877,0.045927379784101996
2015-07-08,-0.03827751196172258,-0.024824952259707267,-0.028789763639594845,-0.015199849878025917
2015-07-09,-0.01492537313432829,-0.020234986945169786,-0.014089661482159177,-0.0003810975609754852
2015-07-10,-0.010101010101010055,0.02664890073284476,0.012249443207126953,0.0009531071292412374
2015-07-13,0.0,0.019143413367942896,-0.0003667033370002848,0.006284517234812492
2015-07-14,0.04591836734693877,-0.0003183699458771949,0.010271460014673384,0.008705526116578266
2015-07-15,-0.04390243902439017,0.009554140127388644,-0.002904865649963617,-0.013508442776735463
2015-07-16,-0.04591836734693866,0.013564668769716182,0.004734158776402042,-0.001521491061239999
2015-07-17,-0.042780748663101664,0.008714596949890963,-0.007792678506705286,-0.005904761904761968
2015-07-20,0.005586592178770999,0.018821351434742617,0.00018264840182635744,-0.006514657980455918
2015-07-21,0.0,-0.009993943064809385,-0.0025566106647187947,0.005207328833172431
2015-07-22,-0.005555555555555536,-0.04252064851636572,-0.029659465397290363,-0.002302379125095899
2015-07-23,-0.016759776536312887,-0.00031948881789145567,0.016792452830188598,0.006538461538461604
2015-07-24,-0.051136363636363646,-0.005433045701502048,-0.012247170161440057,-0.01069927397783721
2015-07-27,-0.029940119760478945,-0.013817480719794384,-0.007514559458951742,-0.014098107377365832
2015-07-28,0.09259259259259256,0.004887585532746819,0.06643952299829659,-0.0031341821743388065
2015-07-29,0.10734463276836159,-0.0029182879377431803,0.036741214057507854,-0.01572018078207893
2015-07-30,-0.015306122448979553,-0.005203252032520367,-0.003424071220681335,0.010181672988620383
2015-07-31,0.0,-0.008826413860738791,-0.0010307507301151597,-0.00039525691699615617
2015-08-03,0.13989637305699487,-0.023416886543535687,-0.017884780739466866,0.05377619612495055
2015-08-04,-0.03181818181818197,-0.03208375548801079,0.003502013657853409,0.01594746716697948
2015-08-05,0.014084507042253724,0.0066294487090021725,0.03158262083406038,-0.000738688827331524
2015-08-06,-0.02314814814814825,-0.002426343154246058,-0.014039242219215153,-0.02162262058769182
2015-08-07,-0.009478672985781977,0.0034746351633077044,-0.004288900325956413,0.0017000377786173804
2015-08-10,-0.07655502392344493,0.036357340720221565,0.021192281185389517,0.025457288327361827
2015-08-11,-0.015544041450777257,-0.05212161710658203,-0.015016028344862486,-0.005884516366311154
2015-08-12,0.0,0.015509340853013587,-0.016957862281603342,0.014058453570107154
2015-08-13,-0.05789473684210522,-0.0006942034015966492,-0.00731834814427601,-0.00383071871579721
2015-08-14,0.027932960893854775,0.006946856547412228,0.005616991398981863,0.0045779161325765205
2015-08-17,-0.021739130434782594,0.010348395998620141,0.02024786175597848,0.009843237331389032
2015-08-18,0.0,-0.005804028678729867,-0.02668947818648426,-0.01462093862815872
2015-08-19,0.0,-0.012706043956044022,-0.002988222886271763,-0.004945960798681148
2015-08-20,-0.05555555555555558,-0.020521739130434757,-0.022390691114245298,-0.022459499263623006
2015-08-21,0.04705882352941182,-0.061079545454545414,-0.02993688007213713,-0.025235404896421954
2015-08-24,-0.016853932584269704,-0.024962178517397904,-0.042944785276073705,-0.04578825347758886
2015-08-25,-0.05142857142857149,0.005818463925523654,-0.013403263403263366,-0.024701356549908904
2015-08-26,0.03614457831325302,0.057462398765908196,0.04961606615475489,0.01992941664936687
2015-08-27,0.03488372093023262,0.029540481400437635,0.041830800975426685,0.0177081213108079
2015-08-28,0.0393258426966292,0.0031880977683316214,0.003601008282319018,-0.04959999999999998
2015-08-31,-0.021621621621621623,-0.004590395480225995,0.0032292787944026013,-0.01620370370370372
2015-09-01,-0.05524861878453047,-0.04469670095778655,-0.03737482117310453,-0.026951871657753923
2015-09-02,0.03508771929824572,0.04307463795024136,0.010217350919561552,0.010991426687184003
2015-09-03,0.011299435028248705,-0.017799928800284803,0.01746965796248623,-0.0010871928680148413
2015-09-04,0.016759776536312776,-0.00978615440376951,-0.01915778058919204,-0.012407488027862401
2015-09-08,0.03296703296703285,0.027818448023426035,0.03593145384190155,0.031739034604364225
2015-09-09,-0.015957446808510523,-0.019230769230769162,-0.015119174670935598,-0.013885921811578883
2015-09-10,-0.005405405405405461,0.02178649237472774,0.004515080368430624,0.0015164644714038555
2015-09-11,0.09239130434782594,0.014570007107320482,0.007731032002876725,0.00151416828898987
2015-09-14,-0.0945273631840795,0.009807355516637362,-0.004460303300624413,-0.003239740820734305
2015-09-15,0.0219780219780219,0.008324661810614087,0.028315412186380007,0.010184182015167798
2015-09-16,0.016129032258064502,0.0010319917440659854,0.011153712094806645,0.006006006006006093
2015-09-17,0.0,-0.02130584192439866,-0.017235436056532216,-0.0025586353944562212
2015-09-18,-0.01058201058201047,-0.004213483146067398,-0.024552788495264877,-0.006412997007268162
2015-09-21,-0.03208556149732622,0.015514809590973178,0.006832074793239995,0.020008605851979278
2015-09-22,-0.04419889502762431,-0.015625,-0.02767857142857133,-0.01012444631934184
2015-09-23,-0.017341040462427793,0.008112874779541368,-0.017079889807162574,-0.00021308331557634563
2015-09-24,0.0117647058823529,0.005948215535339418,-0.004484304932735439,0.002770673486785835
2015-09-25,-0.005813953488372103,-0.0024347826086956736,-0.0022522522522523403,-0.0017003188097768351
2015-09-28,-0.0292397660818714,-0.01987447698744771,-0.02934537246049651,-0.017670853736427516
2015-09-29,0.006024096385542244,-0.030238349341871196,0.01104651162790704,-0.01950585175552666
2015-09-30,0.029940119760479167,0.011738811445340946,0.05961280429365545,-0.02431476569407609
2015-10-01,0.011627906976744207,-0.006526468455402501,-0.00868306801736618,-0.02265518803806077
2015-10-02,0.051724137931034475,0.006934306569343018,0.02956204379562055,0.019935095039406603
2015-10-05,-0.016393442622950838,0.003986951794128224,0.02995391705069128,0.006590909090909092
2015-10-06,0.016666666666666607,0.004693140794223893,-0.0012046119428670288,0.011515014675999025
2015-10-07,0.016393442622950838,-0.004671218109953301,0.012060647829083448,0.024553571428571397
2015-10-08,0.037634408602150504,-0.011552346570397165,0.010044262853251551,0.030718954248366126
2015-10-09,0.015544041450777257,0.023739956172388776,-0.016180684308107263,0.09004438807863036
2015-10-12,-0.04591836734693866,-0.004637887977167465,-0.0039403803323624365,-0.0003878223773512435
2015-10-13,0.026737967914438387,0.0017921146953405742,0.003955968352253203,0.010281280310378227
2015-10-14,0.015625,-0.014311270125223596,0.013876991605276778,-0.013632872503840265
2015-10-15,0.01025641025641022,0.014882032667876688,-0.008279824264954438,0.015378625656998324
2015-10-16,-0.015228426395939132,-0.007153075822603716,-0.004770829783608765,-0.0023006134969324465
2015-10-19,0.036082474226803996,0.006123919308357317,-0.0013696284882724896,0.00768639508070712
2015-10-20,0.004975124378109541,0.018259935553168738,0.0003428767358135687,-0.008390541571319576
2015-10-21,0.03960396039603964,0.0,-0.008397600685518425,-0.016730769230769216
2015-10-22,0.01904761904761898,0.015471167369901506,0.015381956446595346,0.02855466458048106
2015-10-23,0.032710280373831724,0.030817174515235468,0.00919148936170222,-0.0038030043734550434
2015-10-26,-0.02714932126696834,-0.03191132012092712,-0.006240512734019155,0.023286886810460095
2015-10-27,0.0,-0.006245662734212343,-0.01238968092328585,0.009140085804887121
2015-10-28,0.013953488372093092,0.041201117318435676,-0.037291630864409564,0.025878003696857554
2015-10-29,-0.022935779816513846,0.010395707578806146,-0.019278828989646613,-0.007927927927927847
2015-10-30,-0.004694835680751019,-0.008297378028543023,0.0009100837277029594,0.00236106066109687
2015-11-02,0.03301886792452824,0.014056224899598346,0.020731042007637868,0.030802681645225594
2015-11-03,0.041095890410958846,0.011221122112211157,0.0265455193301265,0.018280892951309635
2015-11-04,-0.0350877192982455,-0.004569190600522188,0.029850746268656803,-0.0017262213015708516
2015-11-05,0.0,-0.008852459016393421,0.004887091338051874,0.09787307625799757
2015-11-06,-0.022727272727272818,0.000992391663910075,0.005869528760690912,0.00614269963773828
2015-11-09,-0.018604651162790753,-0.00396563119629878,-0.008169389796598758,-0.005792110206637502
2015-11-10,-0.04265402843601884,-0.03151957531519578,-0.006555723651033851,-0.002361832782239004
2015-11-11,0.024752475247524774,-0.005481329222336462,0.0037225042301183286,-0.019570707070707072
2015-11-12,-0.033816425120772875,-0.003444712366517444,-0.03051247471341878,-0.005956213779781061
2015-11-13,-0.0050000000000000044,-0.02903560318008991,-0.02243088158581119,-0.021052631578947323
2015-11-16,0.0,0.01601993592025619,0.008004268943436532,0.007940446650124056
2015-11-17,-0.005025125628140725,-0.0042046250875962254,-0.0063525674960296374,0.005251928442475018
2015-11-18,0.07070707070707072,0.03166783954961283,0.01562777481797184,0.0
2015-11-19,0.009433962264151052,0.012960436562073685,0.00384682636824607,0.018612244897959096
2015-11-20,0.03738317757009346,0.004040404040404066,-0.006444870231666955,-0.0294919057541273
2015-11-23,0.0,-0.012743125419181767,-0.010343618513323882,0.03567299752270858
2015-11-24,0.054054054054053946,0.009510869565217295,-0.004782993799822943,0.0059001754106202675
2015-11-25,0.017094017094017033,-0.0070659488559891015,0.0012459950160199629,-0.0025364616360177283
2015-11-27,-0.021008403361344463,-0.0020332090816672643,0.00924444444444461,0.0020661157024792765
2015-11-30,0.012875536480686511,0.004414261460101931,-0.0036991368680641123,0.006661379857256122
2015-12-01,-0.008474576271186418,-0.008113590263691628,0.014144271570014189,0.019694343784464996
2015-12-02,-0.029914529914529808,-0.009202453987730008,-0.006973500697350032,-0.002626699629171836
2015-12-03,-0.017621145374449365,-0.009287925696594423,-0.020716292134831504,-0.0021688613477923724
2015-12-04,0.022421524663676973,0.03333333333333344,0.02384367156686973,0.013662474770998356
2015-12-07,0.03508771929824572,-0.006384408602150615,-0.00682892663281387,-0.02358707305866148
2015-12-08,0.01271186440677985,-0.000338180588434267,-0.008991537376586756,0.0032941176470588918
2015-12-09,-0.01673640167364021,-0.02198917456021643,-0.01441024728695961,-0.011100687929956221
2015-12-10,0.042553191489361764,0.004496713939813102,0.0018050541516245744,-0.00015810276679839586
2015-12-11,-0.03673469387755113,-0.025482093663911742,-0.00018018018018017834,-0.033839342188488275
2015-12-14,-0.008474576271186418,-0.00636042402826853,-0.01405658677239141,-0.005891980360065441
2015-12-15,0.008547008547008517,-0.01778093883357046,0.016267592761835203,0.005762265393480348
2015-12-16,0.07627118644067798,0.007965242577842035,0.005215827338129531,0.01375020461613996
2015-12-17,0.007874015748031482,-0.021192528735632155,-0.020933977455716568,-0.019215243016308725
2015-12-18,-0.04296875,-0.027155963302752273,-0.015350877192982337,-0.020085610800131715
2015-12-21,0.03265306122448974,0.012070916635231965,0.019302152932442418,0.010752688172043001
2015-12-22,0.0948616600790515,-0.000745434215430496,0.004552075746540485,0.013630319148936199
2015-12-23,0.02166064981949467,0.012681835136143293,0.023019757114373762,0.017382748442112295
2015-12-24,0.03180212014134276,-0.0051565377532227785,-0.0054925584691707385,-0.0030625402965828163
2015-12-28,0.027397260273972712,-0.01147723065531292,-0.01229289150187074,0.00016168148746964484
2015-12-29,0.0,0.01797752808988773,0.005591630591630592,0.005819592628516057
2015-12-30,-0.00666666666666671,-0.012877115526122251,-0.007174887892376636,0.00048216007714563247
2015-12-31,-0.03691275167785235,-0.019008572493477427,-0.021138211382113803,-0.02120481927710849
2016-01-04,-0.03484320557491294,0.0007598784194529085,-0.019195275009228463,-0.010175611357295167
2016-01-05,-0.0072202166064981865,-0.02505694760820043,-0.013549115543846413,0.0013264798540872924
2016-01-06,-0.09090909090909094,-0.01947040498442365,-0.03223960320488373,-0.014075178009604228
2016-01-07,-0.08800000000000008,-0.042494042891183526,-0.038438793613246536,-0.05979173664763193
2016-01-08,-0.06140350877192968,0.005391953546246331,-0.014965149651496645,-0.01643444087173984
2016-01-11,0.09345794392523343,0.016089108910891214,0.004370447450572357,0.00308754086451124
2016-01-12,0.021367521367521514,0.014616321559074219,0.001243265644426117,-0.007966684772768406
2016-01-13,-0.05857740585774063,-0.0256102440976389,-0.021109271523178874,-0.07154590253695936
2016-01-14,-0.01777777777777778,0.021765913757700206,0.018816067653276924,0.03499115392176133
2016-01-15,-0.08144796380090502,-0.024115755627009516,-0.021166217057480674,-0.06172839506172845
2016-01-19,-0.039408866995073843,-0.0049423393739703725,-0.010811956752173058,-0.036639676113360276
2016-01-20,-0.07692307692307687,0.0016556291390728006,0.0004286326618088143,0.0065139735238495255
2016-01-21,0.16111111111111098,-0.0049586776859504855,0.010068551842330686,-0.0006263048016701411
2016-01-22,-0.03349282296650713,0.05315614617940212,0.04199363732767769,0.024232295801128068
2016-01-25,0.04950495049504955,-0.019716088328075698,-0.009566456340321716,-0.021619416683663073
2016-01-26,-0.02358490566037752,0.005631536604987941,0.024660912453760897,0.009380863039399667
2016-01-27,0.02898550724637694,-0.06559999999999999,-0.013638186923385476,-0.0398595621643949
2016-01-28,-0.023474178403755763,0.006849315068493178,0.0026433509556731405,-0.02624220262422028
2016-01-29,0.05769230769230771,0.03486394557823136,0.04644088420198744,0.03423901038215149
2016-02-01,-0.027272727272727337,-0.009449465899753484,0.01744186046511631,0.017727466894489563
2016-02-02,-0.0700934579439253,-0.0203235172127747,-0.03447619047619055,-0.036935991605456464
2016-02-03,0.04020100502512558,0.019898391193903464,0.008285657920694467,0.07997385051209416
2016-02-04,0.009661835748792313,0.00249066002490661,0.08393660731755026,-0.0010088781275222614
2016-02-05,-0.05263157894736836,-0.026915113871635588,-0.011732851985559511,-0.06746111896586537
2016-02-08,-0.025252525252525304,0.010638297872340496,-0.0060273972602739034,-0.05891271388347408
2016-02-09,-0.015544041450777257,0.0,-0.027747151782433033,-0.01864211737629462
2016-02-10,-0.03157894736842093,-0.0075789473684210185,0.02683802683802683,0.025328330206378924
2016-02-11,0.010869565217391353,-0.0063640220619430865,-0.04362230811706236,-0.01052150045745659
2016-02-12,-0.016129032258064502,0.0034158838599487318,0.034064665127020666,0.038372630605640445
2016-02-16,0.0,0.028085106382978786,0.03647868974502133,-0.0006678539626001623
2016-02-17,0.0382513661202184,0.01531456953642385,0.007900879870712973,0.03965248384940967
2016-02-18,0.0052631578947368585,-0.018752547900530048,0.018884731872438998,0.023141204199699894
2016-02-19,0.0,-0.00249272953884494,-0.0040216821122572854,0.04523560209424082
2016-02-22,0.05235602094240832,0.008746355685131046,0.002457865168539408,0.00881586856341432
2016-02-23,-0.01990049751243772,-0.022708505367464826,-0.011733800350262724,-0.013108242303872975
2016-02-24,0.025380710659898442,0.014786649767638327,0.014176856282119399,-0.010263634534111499
2016-02-25,0.004950495049504955,0.007077435470441262,0.00786300891141023,0.004880032533550294
2016-02-26,0.019704433497536922,0.0016535758577924664,0.0046809986130376124,0.03581545932820718
2016-02-29,0.0338164251207731,-0.0024762690879075455,-0.013632441760138114,0.010744285993358194
2016-03-01,0.01869158878504673,0.03971865949524189,0.03219034289713085,0.049671434093544686
2016-03-02,0.06422018348623837,0.0023875845602865375,0.0011864406779660275,0.0018412815319461817
2016-03-03,0.06034482758620685,0.007542675664946374,0.004570848146267181,0.00698401029222584
2016-03-04,-0.03658536585365846,0.014578408195429438,0.009437141894169221,0.02664719839386742
2016-03-07,0.04219409282700415,-0.010873786407767039,0.01285475792988322,0.03413333333333335
2016-03-08,-0.06882591093117418,-0.00824499411071844,-0.020932915773858585,-0.022520199415506315
2016-03-09,-0.017391304347826098,0.0007917656373712667,0.015993265993266004,-0.0029897995075625072
2016-03-10,0.0,0.00039556962025311115,-0.0137531068765534,-0.013053448579996352
2016-03-11,0.1150442477876108,0.011071569790431113,0.02318548387096775,0.011796246648793529
2016-03-14,0.07936507936507953,0.002346499804458224,0.0021346469622332,0.0015898251192369983
2016-03-15,-0.0845588235294118,0.019898556379243093,0.0036047845321973693,-0.006701940035273468
2016-03-16,0.056224899598393385,0.013389441469012997,0.007183673469387752,0.011541193181818121
2016-03-17,0.06463878326996197,-0.0015100037750094275,0.0022694115739989584,0.0015797788309637184
2016-03-18,0.046428571428571486,0.0011342155009452792,0.02151059356299534,0.013144058885383725
2016-03-21,-0.04436860068259396,0.0,-0.0020582647245090957,0.0062272963155163286
2016-03-22,-0.0035714285714284477,0.007552870090634434,0.0038077106139933203,-0.003266288464844558
2016-03-23,-0.03942652329749097,-0.005622188905547221,-0.0123281175912755,-0.011900655398413229
2016-03-24,0.041044776119402826,-0.004146249528835244,0.0040006401024164084,0.0013964042590328685
2016-03-28,-0.0035842293906810374,-0.004542013626040897,-0.0035065349059610895,-0.004531985358201096
2016-03-29,0.02877697841726623,0.02357414448669215,0.021912987843889953,0.0196112764839782
2016-03-30,0.0,0.017459138187221335,-0.002034747221787536,-0.005667181865018023
2016-03-31,-0.0034965034965034336,-0.005111354508944843,0.010194479297365167,0.007081174438687388
2016-04-01,-0.007017543859649145,0.00917431192660545,0.014128240956373217,-0.009260847196021271
2016-04-04,0.0,0.010181818181818292,-0.023576240048989505,0.007270209451272214
2016-04-05,-0.024734982332155542,-0.011879049676025932,-0.002508623392913245,-0.01855989001546654
2016-04-06,0.01449275362318847,0.01056466302367931,0.008173530336372359,0.01173174575380842
2016-04-07,-0.05714285714285705,-0.021629416005767732,-0.023074524477705083,-0.024056767047421213
2016-04-08,0.037878787878787845,0.0007369196757553986,0.009575486753909956,0.0065614470650823264
2016-04-11,0.007299270072992581,0.003313696612665673,-0.0007903888713246543,0.0019379844961240345
2016-04-12,0.018115942028985588,0.013211009174311839,0.0052206929283340475,-0.01670476525408815
2016-04-13,-0.003558718861210064,0.014487504527345152,0.01731192949323268,0.03201001430615169
2016-04-14,-0.02857142857142847,0.000357015351660106,-0.007735148514851464,0.006411367180731098
2016-04-15,-0.007352941176470562,-0.019985724482512457,0.001247271593389332,0.005853994490358172
2016-04-18,0.022222222222222143,-0.021485797523670747,0.0043600124571785415,0.012324546388223112
2016-04-19,-0.05072463768115931,-0.005210271678451783,0.0032558139534881736,-0.000169090294217078
2016-04-20,0.03053435114503822,0.0018705574261130842,-0.0016998918250656914,0.004397091155081911
2016-04-21,-0.029629629629629672,-0.010828976848394456,-0.014241486068111375,0.01144973901330193
2016-04-22,0.5229007633587786,-0.002642506606266415,-0.0009422110552763652,-0.008823039786915232
2016-04-25,-0.13533834586466165,-0.005677517032551149,-0.0007859163784972312,0.007557944239166892
2016-04-26,0.0608695652173914,-0.006851922344880079,0.017303759635048044,0.017002833805634276
2016-04-27,0.0191256830601092,-0.06285933307780767,0.006649141796814417,0.00639239468939512
2016-04-28,-0.03217158176943702,-0.030265848670756546,-0.029493087557603603,-0.00016286644951135631
2016-04-29,-0.016620498614958512,-0.011809363137916584,-0.017094017094017033,-0.02557419775207692
2016-05-02,0.05352112676056353,-0.0008536064874092864,-0.04895330112721419,0.02591106653293207
2016-05-03,-0.03743315508021394,0.01665954720205054,0.0027091093802911193,-0.016783444679810855
2016-05-04,0.0,-0.010504201680672232,0.0008443093549477254,-0.026682134570765736
2016-05-05,0.016666666666666607,-0.01019108280254788,0.005905179686181761,-0.004597309722458642
2016-05-06,0.005464480874316946,-0.005577005577005578,-0.0015095605501509457,0.003421142661648835
2016-05-09,-0.00815217391304357,0.0008628127696290733,0.0026877204770703322,0.002216160927378086
2016-05-10,-0.002739726027397249,0.006896551724137945,0.02311945049422026,0.013267562510631103
2016-05-11,0.0027472527472527375,-0.009845890410958957,-0.005731128213525505,-0.009064965586704665
2016-05-12,-0.016438356164383605,-0.023346303501945442,-0.006258234519104011,-0.01643232254785698
2016-05-13,0.022284122562674202,0.0017706949977867037,-0.0021544580709313976,-0.003272476748191644
2016-05-16,0.032697547683923744,0.03711886875828552,0.01876764657033725,0.0209089338171764
2016-05-17,0.0,-0.004260758414997734,-0.007010107597000492,-0.018618821936357555
2016-05-18,0.01319261213720302,0.011553273427471034,0.00640288950911172,-0.0037944118661606963
2016-05-19,-0.01822916666666663,-0.0038071065989847552,-0.004241435562805873,-0.0041551246537395725
2016-05-20,0.02652519893899208,0.010615711252653925,0.009010484927916229,-0.023122392211404774
2016-05-23,0.043927648578811374,0.013025210084033567,0.006656924825458654,0.013703505961915052
2016-05-24,0.03960396039603964,0.015346329323931984,0.019838709677419297,0.026334269662921406
2016-05-25,-0.004761904761904856,0.01756535947712412,-0.0009489166534871751,0.007697570988710156
2016-05-26,0.04066985645933019,0.007627458851866775,0.0028494538546779413,-0.013580037345102602
2016-05-27,0.05747126436781613,-0.0003984063745020583,0.011838989739542116,0.021166752710376935
2016-05-31,-0.006521739130434634,-0.005181347150258975,0.008112324492979939,-0.0180316818335019
2016-06-01,-0.030634573304157642,-0.014022435897435903,0.009439801918910584,0.0005148446885188118
2016-06-02,-0.042889390519187276,-0.007314099959366049,0.011191169707189808,0.007890222984562545
2016-06-03,-0.018867924528301883,0.002046663937781412,-0.014402668283808207,-0.007998638529611912
2016-06-06,0.07451923076923062,0.007352941176470562,0.022919550838332414,0.006519128495453774
2016-06-07,0.008948545861297452,0.0040551500405514584,0.014887218045112727,0.0001704448610873044
2016-06-08,-0.011086474501108556,-0.0008077544426495775,0.0031115720847534334,-0.002556237218813928
2016-06-09,0.013452914798206095,0.006871463217461571,0.004283604135893571,-0.012643089014180764
2016-06-10,-0.044247787610619316,-0.008028904054596553,-0.018679217531989978,-0.02785949126146392
2016-06-13,0.0185185185185186,-0.014973694860380471,-0.01124100719424459,-0.005161979352082624
2016-06-14,-0.002272727272727426,0.0008216926869351049,0.0010610883735031607,-0.0032206119162641045
2016-06-15,0.006833712984054774,-0.003284072249589376,0.0016656571774682494,0.016155088852988664
2016-06-16,0.07466063348416285,0.004530477759472795,-0.0022675736961451642,0.002826355767532318
2016-06-17,0.10736842105263156,-0.022960229602296156,-0.0031818181818180635,-0.0015853443720275084
2016-06-20,-0.03041825095057038,-0.0025178346621904657,0.013223894208846287,0.015525758645024812
2016-06-21,0.06862745098039236,0.008834665544804388,0.002400240024002409,0.008860319666434968
2016-06-22,-0.0788990825688074,-0.003753127606338613,-0.005387608500448948,-0.011882211124504827
2016-06-23,0.03784860557768943,0.005441607367099088,0.013090580800481533,0.029278494248867304
2016-06-24,-0.06333973128598847,-0.02789342214820978,-0.0632704589336105,-0.08499830680663734
2016-06-27,-0.032786885245901676,-0.0145610278372591,-0.04851752021563349,-0.06476683937823835
2016-06-28,0.0847457627118644,0.016949152542372836,0.01116480586568902,0.01859912940245345
2016-06-29,0.001953125,0.008547008547008739,-0.0034607778510217235,0.03379953379953382
2016-06-30,0.0019493177387914784,0.012711864406779627,0.023648089961964658,0.017286734310409724
2016-07-01,-0.013618677042801397,0.0029288702928871313,-0.0006462035541194844,0.003694126339120807
2016-07-05,-0.021696252465483346,-0.009178139340842661,-0.026996443582282592,-0.028340080971660075
2016-07-06,0.016129032258064502,0.005473684210526297,-0.005150357202192923,0.003030303030303161
2016-07-07,-0.003968253968254065,0.0041876046901172526,0.02004008016032066,0.010762839879154162
2016-07-08,0.015936254980079667,0.007923269391159282,0.036018336607727575,0.030076592564916904
2016-07-11,-0.01764705882352935,0.003309888291270102,-0.0017383059418457636,0.006347479143997026
2016-07-12,0.02594810379241519,0.004536082474226877,0.01820484407155276,0.034060191025409914
2016-07-13,-0.009727626459143934,-0.005747126436781658,-0.004819651741293396,-0.008888114325549035
2016-07-14,0.015717092337917515,0.019818331957060398,0.008279956256834975,0.02268331281870939
2016-07-15,-0.005802707930367523,0.0,0.00821196157421733,-0.0030949105914718222
2016-07-18,0.07198443579766534,0.010526315789473717,0.0015368065160596966,0.0005174197999311403
2016-07-19,-0.01814882032667875,0.0004006410256409687,0.003989565751112645,-0.008446819513876824
2016-07-20,0.0,0.0008009611533841277,0.010545621274644645,0.013038942976355994
2016-07-21,-0.03512014787430695,-0.005202080832332867,-0.002419842710223996,-0.011841427835936225
2016-07-22,0.11877394636015337,-0.008045052292839916,-0.002274105518495939,0.020840569642236906
2016-07-25,0.14726027397260277,-0.012976480129764822,-0.0009117155447501135,-0.009527050017012595
2016-07-26,0.04179104477611939,-0.0069843878389481695,0.006235741444866827,0.00910340089316386
2016-07-27,-0.018624641833810962,0.06495655771617703,-0.0012091898428052694,0.0148085106382978
2016-07-28,-0.004379562043795526,0.01359751359751371,0.0037832929782082303,-0.0028513921502850703
2016-07-29,0.0058651026392961825,-0.0015331544653123252,0.0024121815166591176,0.0
2016-08-01,-0.03206997084548113,0.017658349328214973,0.0021055797864339976,0.004878048780487809
2016-08-02,-0.05722891566265054,-0.014711429649189034,-0.052979138526189296,-0.03130231001004358
2016-08-03,0.006389776357827559,0.012633996937212899,0.019017432646592614,0.001382408847416805
2016-08-04,0.026984126984126888,0.0007561436672967048,-0.0018662519440122427,0.0051768766177739955
2016-08-05,0.021638330757341562,0.015111446921042715,0.015736989716422345,0.018540772532188887
2016-08-08,0.010590015128592922,0.00818756978042412,0.01595336708084072,0.0006741951795043999
2016-08-09,-0.0119760479041916,0.004060538944259839,0.0012079118224368468,0.0163382179551963
2016-08-10,-0.016666666666666607,-0.007352941176470562,-0.006183079475192255,-0.0006629101756713274
2016-08-11,0.013867488443759513,-0.0007407407407407085,0.006980273141122817,0.023383084577114577
2016-08-12,0.022796352583586588,0.0025945144551520194,0.00015069318866789416,0.001944579484686404
2016-08-15,0.0326894502228825,0.01182994454713504,0.006629501280699168,0.018599385411612435
2016-08-16,-0.024460431654676262,-0.001096090610157141,-0.015117497380631728,-0.00523975865354076
2016-08-17,-0.014749262536873253,-0.001463057790782707,-0.001975683890577451,0.0022346368715084886
2016-08-18,0.05389221556886237,-0.001098901098901095,0.014618547281863847,0.011307533046663432
2016-08-19,0.08238636363636354,0.0025669233590026597,0.008704787633198263,0.0037795275590550848
2016-08-22,-0.005249343832021025,-0.007681053401609406,-0.011754203243564798,-0.007059930969563921
2016-08-23,0.01187335092348274,0.002948765204570547,-0.0003011141222523106,0.002686048348870207
2016-08-24,-0.031290743155150014,-0.007350238882763649,-0.009036144578313365,-0.004569807752915156
2016-08-25,0.004037685060565233,-0.004442798963346983,-0.0016717325227963986,0.008390058572107062
2016-08-26,0.02815013404825728,-0.005578281889178194,-0.0006089206880802722,0.0811616954474097
2016-08-29,-0.010430247718383301,-0.0014958863126401933,0.008987052551408858,-0.007986060694061492
2016-08-30,-0.013175230566534912,-0.0074906367041198685,0.0022644927536232817,-0.004244730679156761
2016-08-31,-0.012016021361815787,0.0007547169811321641,-0.008435005271878349,-0.00926062031456698
2016-09-01,-0.006756756756756799,0.006033182503770718,-0.0028862220871942457,-0.0004451038575667976
2016-09-02,0.02176870748299331,0.009370314842578775,-0.006093845216331606,0.009499777348968452
2016-09-06,-0.022636484687083902,-0.0003713330857778585,-0.004751686082158035,-0.004705190413174631
2016-09-07,-0.0681198910081744,0.006315007429420483,0.010010780840905564,0.013443640124095158
2016-09-08,-0.09064327485380119,-0.026208933185677408,-0.00945410186032336,0.003061224489796066
2016-09-09,-0.05144694533762051,-0.022744503411675443,-0.04079433497536933,-0.028629559657026626
2016-09-12,0.006779661016949268,0.022498060512024853,0.011715615471031837,0.0076301615798921585
2016-09-13,-0.03367003367003374,0.023899848254931744,-0.025063451776649703,-0.023311061618411233
2016-09-14,0.05226480836236935,0.03519822156354224,-0.00032541490400261885,-0.004104591061112717
2016-09-15,-0.0033112582781458233,0.034001431639226976,0.00944010416666674,0.02869790871622646
2016-09-16,0.004983388704318914,-0.005538248528902723,-0.013705256368913288,0.0031161893456002066
2016-09-19,0.0181818181818183,-0.011486251305255935,0.04577407225764252,0.007840236686390556
2016-09-20,0.0016233766233766378,-0.00035211267605628205,-0.0401750820697202,0.009687362395420784
2016-09-21,0.01944894651539708,0.0,0.024592833876221576,0.0421572903038232
2016-09-22,0.012718600953895098,0.009510390982740313,0.028930217771419686,0.009206304923978115
2016-09-23,0.028257456828885363,-0.016748080949057886,-0.016375714506411287,-0.009398756046993695
2016-09-26,-0.03511450381679382,0.0014194464158978626,-0.01507774462070055,-0.008232175247662954
2016-09-27,0.034810126582278444,0.0017717930545713134,0.009567852017222211,0.011536297129994377
2016-09-28,0.007645259938837912,0.0077821011673151474,0.008529458221449904,0.010431154381084884
2016-09-29,0.012139605462822445,-0.015444015444015413,-0.0075176194205168745,-0.014590502408809436
2016-09-30,0.0359820089955023,0.007486631016042855,0.00946820261953607,0.010336639195418273
2016-10-03,0.005788712011577379,-0.004600141542816738,-0.013600125058621182,-0.015899350200469953
2016-10-04,0.0028776978417266452,0.004265908282971909,0.003328050713153674,0.0033717336330429948
2016-10-05,-0.027259684361549463,0.000353982300884903,0.01737482230295373,0.02506300756090729
2016-10-06,0.026548672566371723,0.007430997876857637,0.003260363297624691,-0.005190547739379769
2016-10-07,-0.030172413793103425,0.0017562346329469403,-0.008356545961002881,-0.011259096526156753
2016-10-10,0.01333333333333342,0.01718092566619922,-0.006398252184768971,0.0027773920288847176
2016-10-11,-0.049707602339181256,0.0024129610479144414,-0.014606565101303537,-0.028250934773576986
2016-10-12,0.01846153846153853,0.008940852819807388,0.0015938795027097274,0.002280176713695292
2016-10-13,-0.01963746223564955,-0.0030674846625766694,-0.006842775302355331,-0.014787430683918523
2016-10-14,0.04006163328197232,0.0054700854700855395,-0.004326229770869938,0.00245345648722739
2016-10-17,-0.011851851851851891,-0.0006800408024481008,-0.0004827808175088544,-0.00878203282464729
2016-10-18,0.008995502248875686,-0.0006805035726437092,0.0014490420222186273,0.018591140159767594
2016-10-19,0.005943536404160454,-0.003064351378958108,0.0001607717041800516,0.009268501354627201
2016-10-20,0.028064992614475592,-0.000683060109289646,-0.011734447837968287,0.004944899689177662
2016-10-21,-0.06321839080459779,-0.00375939849624074,-0.0009759271307742123,0.00070293828201895
2016-10-24,0.07361963190184051,0.008919382504288142,0.02100293064148495,0.014610845743186163
2016-10-25,0.0714285714285714,0.005100306018360978,-0.0020730346037315384,-0.011908058709498737
2016-10-26,-0.028000000000000025,-0.022327469553450663,-0.0030361137743687427,-0.009809417040358759
2016-10-27,-0.024691358024691357,-0.009688581314878819,-0.017150184324410955,-0.0011321822813472604
2016-10-28,0.012658227848101333,-0.00663871418588402,-0.006033920417482075,0.018135449135732618
2016-10-31,0.004166666666666652,-0.00140696447414701,0.002789171452009853,0.005844698023935502
2016-11-01,-0.019363762102351356,-0.018316308559351846,-0.007853403141361182,-0.030160486995019498
2016-11-02,-0.046544428772919644,0.0010764262648008671,0.005606860158311244,-0.02025677603423659
2016-11-03,-0.008875739644970349,-0.01577060931899632,-0.028369957363069798,-0.015579499126383345
2016-11-04,-0.020895522388059806,-0.009104151493080859,0.012827004219409188,0.027067001922792544
2016-11-07,0.060975609756097615,0.01433296582138932,0.025329111814697658,0.03686635944700467
2016-11-08,0.005747126436781658,0.005797101449275477,-0.008776206728425162,0.009583333333333277
2016-11-09,-0.008571428571428563,-0.0014409221902018654,0.020331201836366608,-0.0008254230293025522
2016-11-10,-0.09221902017291073,-0.02777777777777779,0.008998875140607376,0.011840837119647452
2016-11-11,0.060317460317460325,0.005936920222634479,0.015607580824972267,0.004354333922982789
2016-11-14,0.01646706586826352,-0.02508299520472146,0.021013015524541157,-0.0035225579189812617
2016-11-15,0.026509572901325384,0.01324252743094978,0.008908001843034752,0.021753908905506547
2016-11-16,0.10043041606886649,0.026885735623599638,0.002435682752321533,0.032202262142381644
2016-11-17,0.10299869621903524,-0.0003636363636364548,0.006074411541381997,0.011473507799407034
2016-11-18,0.029550827423167947,0.001091305929428854,-0.005283018867924483,-0.01988274279887825
2016-11-21,0.02640642939150384,0.014898255813953432,0.006676783004552211,-0.017945383615084687
2016-11-22,-0.027964205816554788,0.0007160759040458764,0.017184202592704256,-0.00410487288135597
2016-11-23,0.012658227848101333,-0.005008944543828275,0.004593953764078229,-0.0007977662544872421
2016-11-25,-0.003409090909091028,0.005034160373966312,0.007965776663224622,0.009048569527611239
2016-11-28,0.0068415051311288,-0.0021466905187834673,-0.0014634860237083824,-0.008571805354081419
2016-11-29,0.011325028312570762,-0.0010756543564002241,0.002491572622013827,0.0010641127959563068
2016-11-30,-0.002239641657334812,-0.008255563531945453,-0.0019005847953217359,-0.03521126760563387
2016-12-01,-0.058361391694724984,-0.009410061527325264,-0.003368976124212497,-0.04668778405178353
2016-12-02,0.016686531585220266,0.004018998903909443,0.0011757789535566943,0.01950303380525842
2016-12-05,0.017584994138335253,-0.00727802037845704,0.0098355842630653,0.008643899674082745
2016-12-06,0.08870967741935476,0.0076979472140761285,0.008576828027329286,0.07221129530767056
2016-12-07,0.011640211640211673,0.00982175336486013,0.01657538195445385,0.052672955974842894
2016-12-08,0.08158995815899583,0.009726224783861648,0.017581171132851292,0.01742593975603679
2016-12-09,0.0,0.01641098822689968,0.00153267381914457,-0.007707364815267903
2016-12-12,0.03288201160541582,-0.005967005967005945,0.007651641624930594,-0.03378128467513253
2016-12-13,-0.01310861423220977,0.016949152542372836,-0.0041419301394450825,0.01658798009442375
2016-12-14,0.0009487666034158071,0.0,-0.002911409954249211,-0.03564704405673402
2016-12-15,0.02938388625592414,0.005208333333333259,0.004032258064516014,0.02720291552778864
2016-12-16,-0.018416206261510082,0.001381692573402482,-0.005954853898351931,-0.03091738469336036
2016-12-19,0.027204502814258902,0.005864091065884924,0.0030649205906938537,-0.01019874476987448
2016-12-20,0.05114155251141561,0.00274348422496562,0.004999999999999893,0.004095112285336988
2016-12-21,-0.0034752389226758718,0.0006839945280439075,-0.0004145936981757581,-0.004999342191816969
2016-12-22,0.011333914559720881,-0.006493506493506551,-0.008295313148071304,-0.01388337961126529
2016-12-23,-0.0017241379310344307,0.0020639834881319707,0.0034852920674752763,0.019039957093054394
2016-12-27,0.042314335060449126,0.00652248541023015,0.006390664073353536,-0.000263157894736743
2016-12-28,-0.04308202154101071,-0.004433833560709366,-0.006073992269464368,-0.012634903922084884
2016-12-29,0.0034632034632033903,-0.00034258307639611907,0.0022222222222221255,-0.0005331911490268348
2016-12-30,-0.021570319240724722,-0.007882111034955508,-0.011917960088691837,-0.012936783142171282
2017-01-03,0.007936507936507908,0.0031088082901553626,0.0021037868162694373,0.02932036211322786
2017-01-04,0.0,-0.0013774104683195176,0.021553533939817848,0.01758991861380932
2017-01-05,-0.016622922134733153,0.005172413793103292,-0.0036991368680641123,-0.007610939112487003
2017-01-06,0.007117437722419906,0.01132075471698113,0.004400440044004528,0.030807227349538335
2017-01-09,0.015017667844522853,0.00915875169606517,-0.010131434830230157,0.0036569987389660774
2017-01-10,-0.004351610095735481,0.0010084033613446675,0.011065006915629283,0.004900113079532531
2017-01-11,-0.020979020979021046,0.005372733378106176,0.0068399452804377425,0.01112778194548647
2017-01-12,-0.03928571428571426,-0.004342017368069606,-0.006385869565217361,-0.0027204154816371506
2017-01-13,-0.016728624535315983,-0.0016772895001676558,0.009298509503623764,0.008307501549906782
2017-01-17,-0.07183364839319473,0.008064516129032251,-0.02167727950142273,-0.03320216428922762
2017-01-18,0.006109979633401208,0.0,0.01564880210497166,0.013864156703128794
2017-01-19,-0.011133603238866474,-0.0020000000000000018,-0.006953913280610902,0.0033872788859616865
2017-01-20,-0.0020470829068577334,0.002004008016031955,0.002883427159137808,0.021130282570642533
2017-01-23,0.016410256410256396,0.0006666666666665932,-0.004518072289156794,-0.0015917717644177154
2017-01-24,0.053481331987890846,-0.0009993337774817368,0.009214688488516032,0.005641402992396349
2017-01-25,-0.008620689655172376,0.01600533511170399,0.005178522758244819,0.007926829268292801
2017-01-26,0.01642512077294689,0.0003281916639317206,-0.011388286334056419,-0.012220205686630403
2017-01-27,0.014258555133079831,0.00032808398950123774,-0.0008228195282501405,0.0014698677119060477
2017-01-30,-0.005623242736644829,-0.002623811085601835,0.00027449903925336194,-0.007338551859099929
2017-01-31,-0.022620169651272448,-0.00230187438342655,0.008781558726673966,0.0022178413011335607
2017-02-01,0.1629701060752171,0.06097560975609739,-0.0057127312295973676,-0.0007376444553724992
2017-02-02,0.018242122719734466,-0.0018639328984154657,0.001367989056087593,0.018208661417322913
2017-02-03,-0.0032573289902279035,0.004357298474945592,0.017213114754098147,0.01993716771387133
2017-02-06,0.11356209150326801,0.009296560272699095,0.0016116035455278066,-0.018836630730956094
2017-02-07,-0.024944974321350122,0.009517961314092771,-0.054438187181550024,0.02028495532480079
2017-02-08,0.02031602708803626,0.003953771289537666,0.024673851389676926,-0.018579881656804687
2017-02-09,-0.0103244837758113,0.002726446531354343,0.00871851646830879,0.011455444350657151
2017-02-10,0.011922503725782407,-0.002114803625377637,-0.010289477294553429,-0.00774916547448723
2017-02-13,-0.006627393225331346,0.008779897063275754,-0.007624064319378898,0.012615643397813292
2017-02-14,-0.017049666419570064,0.013205282112844996,0.008660427433998974,0.003084954912197402
2017-02-15,0.003016591251885359,0.0035545023696683664,0.01911092646447865,-0.002129169623846794
2017-02-16,-0.024812030075187952,-0.0011806375442738881,-0.007202065498029597,0.009246088193456625
2017-02-17,0.012336160370084892,0.0026595744680850686,0.0060224473035861426,0.014799154334038223
2017-02-21,0.06626047220106623,0.007073386383731339,0.004897959183673528,0.00868055555555558
2017-02-22,0.020000000000000018,0.0032191981270119907,0.0008123476848092004,-0.008835341365461935
2017-02-23,0.0028011204481792618,-0.004375729288214614,-0.007034632034631949,0.008335262792313003
2017-02-24,-0.013966480446927498,0.0008789920890710512,0.0012261580381469628,0.005166475315729002
2017-02-27,0.0764872521246458,0.002049180327868827,-0.001632875221118435,0.0021701884637350677
2017-02-28,-0.04868421052631566,0.0005842827928719263,-0.015946572168461293,-0.016412126738089783
2017-03-01,0.03457814661134173,0.020437956204379715,0.04390581717451525,0.030475086906141424
2017-03-02,-0.0708556149732621,-0.006008583690987113,-0.01817699349873958,-0.018104126841336
2017-03-03,-0.06258992805755403,0.005757052389176565,0.0014864864864865268,-0.022904260192395776
2017-03-06,0.0007674597083653367,-0.0028620492272465325,-0.004587774929159405,-0.02789498359118603
2017-03-07,0.0007668711656443339,0.0011481056257174327,-0.007726718178121095,-0.010489510489510523
2017-03-08,0.013026819923371624,-0.0037270642201835402,-0.0004098360655737654,0.01693676130132804
2017-03-09,0.00832072617246582,-0.002302158273381205,-0.0015033483668169811,0.009345794392523477
2017-03-10,0.04351087771942996,0.003172771848860778,0.00451683547768944,0.022317188983855818
2017-03-13,0.02659956865564328,0.0005750431282345314,0.0006812917291183496,0.006618671620993943
2017-03-14,-0.012605042016806678,-0.001436781609195359,-0.002723311546841023,-0.0089975775752682
2017-03-15,-0.008510638297872242,0.010647482014388476,0.019251774986346337,0.028983820277034278
2017-03-16,-0.023605150214592308,0.0014236902050115408,0.005894172806429898,-0.01889140271493217
2017-03-17,-0.01172161172161168,-0.0048336650554450244,0.0034625116526834088,-0.005880318228986603
2017-03-20,0.06745737583395117,0.010571428571428454,-0.012342402123423968,0.001159823706796459
2017-03-21,-0.040277777777777746,-0.011591744416171834,-0.02593388873958624,-0.031047265987024897
2017-03-22,0.02026049204052094,0.011155606407322605,-0.003034901365705611,0.011477761836441891
2017-03-23,-0.021985815602836967,-0.0033946251768035562,0.006365020063650251,0.012884160756501117
2017-03-24,-0.006526468455402501,-0.001986942946352599,0.003987350474357054,0.00921927879565887
2017-03-27,0.0,0.0017064846416383617,-0.003697617091207861,-0.012025901942645745
2017-03-28,-0.0007299270072992359,0.020726859738784853,0.0013745704467353903,0.000351123595505598
2017-03-29,0.0014609203798394699,0.0022253129346314626,0.00123541523678794,0.0108810108810109
2017-03-30,0.024799416484317938,-0.0013877324451846418,0.012887304633945718,-0.0009259259259261077
2017-03-31,0.03558718861209975,-0.0016675931072817063,-0.006361667569030893,0.0017377201112140916
2017-04-03,0.006185567010309256,0.0,-0.015801661898923847,-0.012489880883543414
2017-04-04,-0.032786885245901676,0.007516703786191403,-0.0011072664359861317,-0.005152828200023385
2017-04-05,0.0007062146892655718,-0.004973749654600734,-0.016904530968546494,-0.016597998822836968
2017-04-06,-0.06351446718419196,-0.002499305748403069,0.002114164904862381,0.006344266219774797
2017-04-07,0.018839487565938118,-0.00222717149220486,-0.004781997187060294,0.008564291661710577
2017-04-10,-0.031065088757396442,-0.0013950892857144126,-0.0016958733747880483,0.01026064394386128
2017-04-11,0.0,-0.010617490919251238,0.006653454133635384,0.003852439878589742
2017-04-12,-0.025954198473282397,0.0011296243998872857,-0.01603150049219515,-0.004302825909989427
2017-04-13,-0.03526645768025072,-0.005359661495063617,0.004430470201514991,-0.00829245503387066
2017-04-17,0.03899268887083651,0.005672149744753385,0.008821855435401371,0.012719349899894095
2017-04-18,0.012509773260359625,-0.00451212633953757,-0.00042313117066294925,0.004884288870798947
2017-04-19,-0.008494208494208455,-0.0036827195467420415,0.003668689149146198,0.01759055664853615
2017-04-20,0.02102803738317749,0.012510662496445724,0.012371713763531744,0.0054588877516204
2017-04-21,-0.008390541571319576,-0.0011232799775343638,-0.0158311345646438,0.0019228594050446635
2017-04-24,0.010000000000000009,0.009558616811920162,0.021024410893184742,0.017611198916233972
2017-04-25,0.027418126428027323,0.006126427179058869,0.01243781094527363,0.001996893720878523
2017-04-26,-0.005930318754633013,-0.005812344312205897,0.0005460005460005135,-0.0009964570416296503
2017-04-27,0.015659955257270708,0.0008351893095768226,-0.014461118690313857,0.004433115371827556
2017-04-28,-0.023494860499265635,-0.0011126564673158423,-0.02408637873754149,-0.006178969436169024
2017-05-01,0.02406015037593967,0.020607073238652296,0.014184397163120588,0.021205728877539798
2017-05-02,-0.2422907488986783,0.0062755798090041726,-0.0023776223776224015,0.015981735159817267
2017-05-03,0.006782945736434121,-0.0032537960954448497,0.009953736155895232,-0.0010700909577314732
2017-05-04,-0.0279114533205006,-0.003536452665941159,0.04455857856746248,-0.0010712372790572244
2017-05-05,0.008910891089108919,0.01665301665301655,0.017142857142857126,-0.00010723860589822998
2017-05-08,-0.014720314033366044,0.027121374865735737,0.014240919780506678,0.001608751608751735
2017-05-09,0.013944223107569709,0.006535947712418277,-0.014556228262269655,0.014455509155155699
2017-05-10,0.05992141453831046,-0.004935064935064903,0.00091503267973847,0.011927380198437865
2017-05-11,0.02594995366079722,0.004698512137822908,0.002089591223717102,-0.004798164180661368
2017-05-12,0.017163504968382925,0.013769810340348076,-0.014726964681350263,-0.0002096216329524614
2017-05-15,0.014209591474245054,-0.0025627883136852825,0.0010582010582012025,0.012999266170458101
2017-05-16,0.11646234676007006,-0.001284686536485169,0.003435517970401536,0.014488254165373027
2017-05-17,-0.1215686274509804,-0.03370208386930784,-0.032262312351856726,-0.041415893093950884
2017-05-18,0.0071428571428571175,0.015175718849840258,-0.006531500884473962,0.01979355113334047
2017-05-19,0.01152482269503552,0.003409388932598789,0.012464046021092967,0.14692684962955238
2017-05-22,-0.03242769500438225,0.006272869837950834,0.007575757575757569,0.03138931853334559
2017-05-23,-0.013586956521739024,-0.0012987012987012436,-0.006310418904403869,-0.0034403669724770714
2017-05-24,0.0,-0.0028608582574772834,0.004729090663423863,-0.00433743471718151
2017-05-25,0.008264462809917328,0.003390714658320082,0.011161915008068846,0.012535561877667023
2017-05-26,0.0018214936247722413,-0.0018195996880686627,-0.003856895863811549,-0.007551145842479623
2017-05-30,0.010909090909090757,0.0005208333333335258,0.008411214953270907,0.0011501371317348408
2017-05-31,0.00629496402877705,-0.005986465382613271,0.0007943863365549308,-0.012283492400141371
2017-06-01,-0.0232350312779267,0.0028803351662738397,0.012700092604841728,0.011273150219200279
2017-06-02,-0.0027447392497712553,0.014621409921671047,-0.001567602873938423,-0.001061665044678417
2017-06-05,0.031192660550458662,-0.009778692743180661,-0.011252126128483808,-0.017978921264724113
2017-06-06,0.07028469750889665,0.0033783783783785104,0.00939526267037194,0.005140692640692723
2017-06-07,0.029093931837074205,0.00595700595700599,-0.001048767697954922,-0.002512337371018414
2017-06-08,0.04200323101777048,-0.0023171987641606995,0.014173228346456623,-0.00044976162633802996
2017-06-09,-0.04806201550387601,-0.0389677419354838,-0.0021997929606625277,-0.0465262778977682
2017-06-12,-0.015472312703583069,-0.023899033297529515,-0.0014265335235378318,0.014063237376120696
2017-06-13,-0.01075268817204289,0.008253094910591452,0.0010389610389609505,0.0010238272524198955
2017-06-14,-0.015886287625418216,-0.009822646657571599,-0.002464971458225218,-0.012552301255230103
2017-06-15,-0.022939677145284554,-0.006062276109120912,-0.00351150994927818,-0.0058380414312617646
2017-06-16,-0.00521739130434784,-0.013861935126143643,0.006525711302531878,-0.006630043568857769
2017-06-19,0.04283216783216792,0.02839471464717458,0.013355809128630769,0.012204424103737566
2017-06-20,0.059513830678960655,-0.009021323127392011,-0.008189379398592433,-0.01158628485305191
2017-06-21,0.106012658227848,0.006068965517241454,-0.006450780544445922,0.007242923853997718
2017-06-22,0.028612303290414864,-0.0016451878256101837,0.006882223087910644,0.010313180054877469
2017-06-23,-0.014603616133518793,0.0043943971436419815,0.022826928037142036,0.009084098145720088
2017-06-26,-0.00635144671841914,-0.003281378178835004,0.006304375236414028,-0.0151276102088167
2017-06-27,-0.048295454545454475,-0.014266117969821801,-0.0185440420999875,-0.030154542027893028
2017-06-28,-0.012686567164179152,0.014750904536598997,0.014681475807481137,0.013214146910221602
2017-06-29,-0.04761904761904767,-0.014810751508502418,-0.013714141922496315,-0.02771384733410054
2017-06-30,-0.00952380952380949,0.0025055679287304677,0.00038270187523914423,-0.005621856198836261
2017-07-03,-0.02644230769230771,-0.0036101083032489267,0.007523590920683443,-0.014481253719500042
2017-07-05,0.08559670781892992,0.0039018952062430667,-0.0010125300594860942,0.032608695652173836
2017-07-06,-0.012888551933282755,-0.00943920044419777,-0.018117319143544974,-0.005360623781676344
2017-07-07,0.02611367127496167,0.010369955156950494,0.016516129032258187,0.012444879960803457
2017-07-10,0.03368263473053901,0.005825242718446644,-0.005331302361005319,0.004065040650406582
2017-07-11,0.005792903692976026,0.003309431880860636,0.005232261357835499,0.005398110661268607
2017-07-12,0.028797696184305055,0.0016492578339746267,0.010029198933604322,0.02281879194630876
2017-07-13,-0.05318404478656402,0.013721185510428002,0.005027652086475598,0.003655793025871601
2017-07-14,0.02882483370288247,0.008662696264212233,0.009504752376188197,0.01559727281217893
2017-07-17,-0.008620689655172376,0.0034889962426194465,0.007556987115956426,-0.016553246275519573
2017-07-18,-0.023188405797101463,0.0034768654720513936,-0.0012295585884666282,0.007106788853562751
2017-07-19,0.005192878338278861,0.006396588486140553,0.013541794903360715,0.02367688022284109
2017-07-20,0.01845018450184499,-0.004766949152542388,0.0019433985181585012,-0.003083900226757419
2017-07-21,0.005797101449275477,-0.000266098988823793,-0.0009698145229725119,-0.0014557365116913967
2017-07-24,0.020172910662824117,0.011977641735427369,0.0030336124256764574,0.009658314350797337
2017-07-25,-0.0035310734463277482,0.004471330878484947,0.014396322284055074,0.013085461600938597
2017-07-26,0.04606661941885193,0.00471327572662994,-0.0023852116875371365,0.016212364154641
2017-07-27,-0.04336043360433606,-0.019025280166796943,-0.0026300059772862427,-0.02244039270687237
2017-07-28,-0.012039660056657242,-0.006907545164718365,-0.019417475728155442,-0.0001793400286943525
2017-07-31,-0.024372759856630788,-0.005350454788657144,-0.006356191174673009,-0.006367713004484243
2017-08-01,0.0073475385745775945,0.008875739644970349,0.0066428835035059475,0.005325390378192907
2017-08-02,-0.02479941648431816,0.047187416688883044,-0.0030551142612733617,-0.02020111330579999
2017-08-03,-0.009723261032161479,-0.00992871690427699,-0.015322382936994394,-0.011454228901310315
2017-08-04,-0.009063444108761365,0.005399845718693674,-0.006473297647205278,0.004727474972191281
2017-08-07,0.023628048780487854,0.01534526854219953,-0.011777972685127147,0.013193098994372043
2017-08-08,-0.023827252419955314,0.008060453400503764,-0.012425510333460177,-0.013385539974503757
2017-08-09,-0.02135774218154074,0.0059970014992503096,-0.009628963923481781,-0.0083064143977849
2017-08-10,-0.055339049103663385,-0.03551912568306015,-0.022426756546538806,-0.022987436016752016
2017-08-11,0.009075907590759158,0.013906773113572024,-0.0014586924811033075,0.028862640502953063
2017-08-14,0.04333605887162717,0.014986029972060111,0.015006640106241864,0.008239977779835206
2017-08-15,0.020376175548589393,0.011011011011010874,-0.008111997906581236,0.008264462809917328
2017-08-16,-0.02995391705069117,-0.003960396039603853,0.0022424482258276424,0.006284153005464477
2017-08-17,-0.022961203483768844,-0.019135188866799324,-0.019083969465648942,-0.02353154131595614
2017-08-18,0.002431118314424552,-0.0022802128198631255,-0.004025224741714739,0.00621002873296872
2017-08-21,-0.02586903799514939,-0.002031488065007747,0.0017513134851137035,0.010961680176860611
2017-08-22,0.009958506224066355,0.016284987277353613,0.01855836471221073,0.011480637813211958
2017-08-23,0.025472473294987807,0.0012518778167251998,-0.005545286506469571,-0.0032429510854877774
2017-08-24,0.0016025641025640969,-0.004251062765691427,0.013143919277748495,-0.00036150022593772757
2017-08-25,-0.005600000000000049,0.003766951280763431,0.008124754291704894,0.0394177741614683
2017-08-28,-0.01609010458567972,0.010007505629221924,0.003249707526322698,-0.030355744976950483
2017-08-29,-0.006541291905151292,0.008917513004706557,0.0016843741902046183,-0.001883745963401573
2017-08-30,0.04279835390946496,0.0027007120058926137,0.012417539774931985,0.018154039723195847
2017-08-31,0.026045777426992878,0.003917727717923425,0.014820493164686477,0.010327478153411507
2017-09-01,0.014615384615384475,0.00024390243902439046,-0.003651013470980846,-0.00655250742617508
2017-09-05,-0.020470053070507976,-0.011948305291392236,-0.022997220116249828,0.000527658077565718
2017-09-06,-0.004643962848297267,-0.000987166831194597,-0.0011639937920330246,0.00017579326711802956
2017-09-07,-0.017884914463452417,-0.0041996047430828964,-0.0027191505891493994,0.0022849108005975616
2017-09-08,-0.03008709422011091,-0.016125031009675106,-0.0036354193715918415,0.0034195528277072285
2017-09-11,0.02448979591836742,0.01815431164901682,0.015897836851707092,0.017825934987766523
2017-09-12,-0.019920318725099584,-0.003962357602773747,0.009492047203694343,-0.0027472527472528485
2017-09-13,-0.006504065040650375,-0.007707608155146706,0.00038119440914874403,0.00017217630854005073
2017-09-14,0.003273322422258529,-0.008519168128288568,0.000508065540454572,-0.006111206748149467
2017-09-15,0.021207177814029254,0.010108668182966962,0.00952139139266217,-0.011604745821425455
2017-09-18,0.04472843450479247,-0.007505629221916332,0.0035211267605634866,-0.002540962060807783
2017-09-19,0.003058103975535076,0.0002520796571716666,0.0,-0.006676036542515806
2017-09-20,0.04725609756097571,-0.016633064516128893,-0.004135338345864659,-0.0030951538733638984
2017-09-21,-0.024017467248908297,-0.017170681701691448,0.0006291682395871412,-0.003903131375853741
2017-09-22,-0.00820283370618935,-0.00990873533246417,0.0090543259557343,-0.004541811381244987
2017-09-25,-0.051879699248120414,-0.00869107189886753,0.0,-0.017534442655215643
2017-09-26,-0.012688342585249868,0.01700318809776835,0.004112662013958213,0.007193589510107401
2017-09-27,0.02329317269076303,0.007314524555903867,-0.0008688097306689402,0.012205044751830707
2017-09-28,0.0,-0.006224066390041583,0.0,-0.004555198285101758
2017-09-29,0.0007849293563579884,0.005480167014613846,-0.001118012422360315,0.007267833109017463
2017-10-02,-0.0031372549019607066,-0.002076304178562083,0.019400572068150712,0.0018706574024585088
2017-10-03,0.055861526357198876,0.004421326397919145,0.004025863120653783,0.010313861474170904
2017-10-04,-0.008196721311475419,-0.006473329880890777,0.0027946537059537757,0.0036962069875912107
2017-10-05,0.002253944402704766,0.012509773260359847,-0.0016963528413910245,0.0218325295922841
2017-10-06,-0.008245877061469176,-0.000514800514800573,-0.002791600922442128,0.003603912819632571
2017-10-09,0.018140589569161092,0.0033479268606748658,-0.0019474196689386325,0.0015389876880984588
2017-10-10,0.017074981440237558,0.0005133470225870962,0.007317073170731714,-0.0007683114222298837
2017-10-11,0.013138686131386912,0.004104669061057109,0.0032687651331719803,0.012985903460059678
2017-10-12,0.023054755043227626,-0.0035769034236076136,0.005792204657897759,0.0035422113519441023
2017-10-13,0.0014084507042253502,0.0064102564102563875,-0.004559088182363502,0.005378603243969993
2017-10-16,0.002812939521800173,0.018343949044586028,0.00108472942027249,-0.0035944161163586896
2017-10-17,-0.007012622720897643,0.0037528146109582217,0.00024078979051278537,-0.004026845637583931
2017-10-18,-0.006355932203389814,-0.004486540378863424,0.004694270582570992,-0.0015161725067385223
2017-10-19,-0.008528784648187737,-0.023785678517776576,-0.009464478255660658,0.006326978235194902
2017-10-20,-0.01003584229390675,0.0017953321364452268,0.010885341074020172,0.012742057171598598
2017-10-23,0.020999275887038316,-0.0005120327700973704,-0.00466618808327357,-0.01506497806472984
2017-10-24,0.010638297872340496,0.005891393442623016,0.0016828945786753202,0.00252122027061108
2017-10-25,-0.13473684210526315,-0.0043290043290044045,0.0007200288011521838,0.005448906027328393
2017-10-26,-0.025952960259529645,0.006393861892583175,0.006835351960666758,0.011755877938969483
2017-10-27,-0.014154870940882636,0.03583227445997439,-0.0022629823725582865,0.018376596621343166
2017-10-30,-0.0802364864864864,0.02257114818449457,-0.006684970753253028,0.0026703350056642705
2017-10-31,0.008264462809917328,0.013915547024951902,0.004566758803028703,0.008473892341215317
2017-11-01,-0.016393442622950838,-0.012778040700425874,-0.01722694102165323,-0.0014404609475031638
2017-11-02,0.004629629629629539,0.007430488974113247,-0.03712720632988453,-0.00048084628946953867
2017-11-03,0.02488479262672816,0.025933856768974417,-0.011757269279393134,0.0010423348300192536
2017-11-06,0.07284172661870514,0.010204081632653184,-0.0005117052577715553,-0.008249899879855804
2017-11-07,0.010058675607711676,0.003213957759412356,0.003967746064251987,-0.003392020675173524
2017-11-08,-0.028215767634854783,0.008237986270022812,0.0028046914839368053,0.003565640194489461
2017-11-09,-0.05038428693424435,-0.0020426690876078624,-0.0008899059242307716,-0.011627906976744207
2017-11-10,0.0125899280575541,-0.006822833750284252,-0.003944522203842782,0.005800653594771221
2017-11-13,-0.015097690941385467,-0.004121822761621208,-0.0026826775677057935,0.012427909999187747
2017-11-14,0.0027051397655544207,-0.014945964589560767,-0.003842705264506141,-0.006177792041078267
2017-11-15,-0.004496402877697703,-0.013305322128851493,-0.005914877202005786,0.0012109469605230405
2017-11-16,0.016260162601625883,0.011828720132481596,0.015004527228042797,0.024028382518948677
2017-11-17,0.011555555555555541,-0.0053776011222820275,-0.01070472792149868,0.003858267716535302
2017-11-20,-0.0035149384885765356,-0.0011753643629524024,0.011851088496715123,-0.009490940465918807
2017-11-21,0.005291005291005346,0.018592610025888412,0.005219605346912681,0.011324041811846541
2017-11-22,-0.0026315789473685403,0.010628465804066511,-0.0035460992907799804,0.00046981442330285006
2017-11-24,0.0008795074758136678,0.0,0.0024148449415353213,0.013539954605932492
2017-11-27,0.01493848857644986,-0.005029721079103822,0.0002535818435398518,0.005714285714285783
2017-11-28,-0.032900432900432985,-0.0057444852941176405,0.023830650272531395,-0.002226658476658594
2017-11-29,-0.0304386750223814,-0.02079963022879605,-0.005571375510709409,-0.1585994613312811
2017-11-30,0.005540166204986097,0.013924946896389123,0.005104581673306852,0.003292482165721644
2017-12-01,-0.014692378328741929,-0.004655493482309203,-0.018952062430323324,-0.024065633546034637
2017-12-04,-0.06523765144454807,-0.00724976613657613,-0.018813131313131448,0.008313095460489528
2017-12-05,-0.011964107676968982,-0.0009422850412250661,0.0003860507013253578,-0.012598425196850394
2017-12-06,0.00908173562058523,-0.003772695119075631,-0.009004373552868428,0.003095975232198178
2017-12-07,0.0040000000000000036,0.0018934911242602936,0.0059709241952232706,0.025158997381219628
2017-12-08,-0.009960159362549792,0.00023623907394298982,0.004903225806451639,-0.022351975184745965
2017-12-11,0.02213279678068414,0.019603212092583755,0.0053929121725733165,-0.003079507278835325
2017-12-12,-0.025590551181102317,-0.0057910586055131,0.0007662835249042654,-0.0046803332397267194
2017-12-13,0.021212121212121016,0.0034948741845293174,-0.004594180704441064,-0.002915451895043719
2017-12-14,0.001978239366963619,-0.00023218017181325656,-0.010000000000000009,0.0021694019996227887
2017-12-15,0.01579466929911133,0.009986065954482148,0.016705516705516787,0.02023529411764713
2017-12-18,0.06705539358600587,0.014026212922510828,0.020889058718634557,-0.008487084870848705
2017-12-19,-0.002732240437158584,-0.010657596371882017,0.003618215845289985,-0.019445478228507618
2017-12-20,0.00273972602739736,-0.0009168003667201496,0.0013674788662356718,-0.0034158838599487318
2017-12-21,-0.008196721311475419,0.003670566643725559,0.0009931719428926122,-0.005712653527563449
2017-12-22,-0.032139577594123225,0.0,-0.002852536276819917,-0.005170927894283306
2017-12-26,-0.007590132827324347,-0.0253714285714286,-0.007711442786069722,-0.0008663008951775852
2017-12-27,0.006692160611854625,0.00023452157598491397,0.0012534469791927183,0.007514450867051936
2017-12-28,0.0018993352326686086,0.0028135990621338536,0.007761642463695706,0.0046854082998661895
2017-12-29,-0.025592417061611528,-0.010755202244563944,-0.001118012422360315,-0.0022841914913867
2018-01-02,0.06809338521400798,0.017726305837863388,0.010073373958462861,0.02184489172946691
2018-01-03,0.051912568306010876,0.0,0.006648608717064741,0.021097834204630184
2018-01-04,0.049350649350649256,0.004644681839294007,0.012108610567514555,0.02459316145547641
2018-01-05,-0.01980198019801971,0.011326860841424091,0.010634441087613133,-0.010975283305077133
2018-01-08,0.03367003367003352,-0.0036571428571428033,0.0035872294631114077,0.005232767953807338
2018-01-09,-0.037459283387622055,-0.0002294104152329446,0.0007148814488262545,0.006192784060312206
2018-01-10,0.011844331641285955,-0.00022946305644788723,-0.01952613406357906,-0.005708678976005688
2018-01-11,0.015050167224080147,0.0057378930456737365,0.011414693381906593,0.01605813223288788
2018-01-12,-0.009884678747940745,0.010269283432222887,0.004562372433665418,0.02339749249514389
2018-01-16,-0.009151414309484185,-0.004969505308335398,-0.004183100274889551,-0.03390561642653778
2018-01-17,0.02267002518891692,0.016345062429057977,0.006120979356697198,0.00910876942311134
2018-01-18,0.023809523809523947,0.0008934554389099514,0.0035786711201239996,-0.0039823008849557695
2018-01-19,0.009623095429029505,-0.004240124972104575,0.033400689409247564,0.02434473567303419
2018-01-22,0.004765687053216894,-0.008292245629762385,-0.0059811364159190195,0.0185618874143465
2018-01-23,0.02292490118577062,0.00022598870056489417,-0.006364267530664214,0.011070424934003231
2018-01-24,-0.01777434312210191,-0.015815634884771668,-0.016420170024455727,-0.015413122210056418
2018-01-25,-0.023603461841070095,-0.017906336088154284,-0.012431920435709176,-0.0002566295979469224
2018-01-26,0.043513295729250556,0.002337540906965918,0.007313271789953335,0.007786429365962189
2018-01-29,0.028571428571428692,-0.020755597014925353,-0.007855272554153747,-0.011886568177958967
2018-01-30,-0.03378378378378388,-0.005953798523458009,-0.011276391554702503,-0.011685856676404871
2018-01-31,0.06759906759906764,0.0028749401054144474,-0.013103615627274912,0.005216484089723528
2018-02-01,-0.03566229985443958,0.00191113234591489,0.008605851979345935,-0.0004324511330220382
2018-02-02,-0.060377358490566135,-0.043395326657129196,-0.012676743052169703,-0.03400536471402604
2018-02-05,-0.0706827309236947,-0.024925224327018936,-0.022839506172839474,-0.022035112862773154
2018-02-06,0.006914433880726101,0.04192229038854811,-0.00555906506632986,0.0315076021249312
2018-02-07,-0.0042918454935623185,-0.02158979391560345,0.011561428026934495,-0.01846918842123957
2018-02-08,-0.03275862068965507,-0.027331995987963986,-0.04144687264506419,-0.051836439297991754
2018-02-09,0.008021390374331583,0.007991750451147306,-0.0030136268343814443,0.010781413987214883
2018-02-12,0.03271441202475689,0.04040920716112528,0.024313313181758334,0.023031904851802842
2018-02-13,0.008561643835616417,0.009832841691248762,0.006030279702335051,0.013009780402288396
2018-02-14,0.035653650254668934,0.018500486854917453,0.022701186073204926,0.0011840786956918148
2018-02-15,-0.0008196721311475308,0.03369980879541101,0.01596209003616411,0.03275109170305668
2018-02-16,-0.03035274815422473,-0.0032369942196531776,0.004173315330796568,-0.005021141649048544
2018-02-20,0.016920473773265554,-0.00347947112038971,0.0017112822393350324,0.011686586985391711
2018-02-21,-0.024958402662229484,-0.004422718808193671,-0.0068334350213544726,-0.016627286251859608
2018-02-22,0.010238907849829282,0.008183306055646433,-0.0017201130359995043,0.00017798344753927609
2018-02-23,0.019425675675675658,0.017625231910946226,0.019569230769230783,0.023489634309102225
2018-02-26,0.028997514498757315,0.019598906107566094,0.004466441332689364,0.016430496392245475
2018-02-27,0.008856682769726287,-0.003129190880643784,-0.010215118375195176,-0.006842285323298003
2018-02-28,-0.03351955307262566,-0.0015695067264573925,-0.009470616804273968,0.011625904236996165
2018-03-01,-0.01734104046242768,-0.017516281158769353,-0.027457710223093845,-0.023239976164127096
2018-03-02,-0.007563025210084007,0.006857142857142895,0.004033274514746665,0.013421648945441955
2018-03-05,0.008467400508044065,0.0034052213393871433,0.011423550087873435,0.02227382180942561
2018-03-06,-0.012594458438287215,-0.0006787330316742057,0.015514459476231757,0.008412551526878032
2018-03-07,0.04081632653061229,-0.009282318315598892,-0.0031777071620630037,0.1487444731792773
2018-03-08,-0.022058823529411686,0.010968921389396868,-0.030284453163315295,-0.0029774872912127215
2018-03-09,-0.022556390977443774,0.01695298372513565,0.030977367555949042,0.01507757302061341
2018-03-12,-0.01538461538461533,0.009779951100244544,0.0008584743684081353,-0.007103903559127489
2018-03-13,0.01041666666666674,-0.009685230024213065,-0.003063350079647087,-0.017127990171279972
2018-03-14,-0.024054982817869552,-0.008446321404756651,-0.008603736479842694,0.0013970588235294734
2018-03-15,0.008802816901408494,0.00112082492714638,-0.00024795437639468787,0.0038916219986784295
2018-03-16,0.0008726003490400203,-0.0033587102552619097,0.014384920634920695,-0.007094792276184925
2018-03-19,-0.0034873583260680574,-0.015277465738036344,-0.03239608801955984,-0.010607734806629798
2018-03-20,-0.027996500437445393,-0.0004563084645219373,0.005180037902716261,0.0021591839773658084
2018-03-21,0.013501350135013634,-0.022597580461081956,0.005153343388637488,0.006983655274888534
2018-03-22,-0.031083481349911124,-0.014245679588977045,-0.034512942353382536,-0.03047070975357824
2018-03-23,-0.025664527956003602,-0.02298033641317221,-0.03315632690066039,-0.025797123506582365
2018-03-26,-0.01787394167450629,0.04728419010669249,0.024380442062960306,0.048429932822996236
2018-03-27,-0.04214559386973171,-0.025700393609631833,-0.009153916568588993,-0.044032185963343684
2018-03-28,-0.018999999999999906,-0.01093155893536124,-0.0005279134221986004,-0.02930402930402931
2018-03-29,0.024464831804281273,0.007688611244593968,0.01703420044896342,0.008269771176234508
2018-04-02,-0.05174129353233847,-0.006437768240343256,-0.04557257855102559,-0.0225354355789138
2018-04-03,0.0020986358866736943,0.010319174466042691,0.014555842742483893,0.017026476578411387
2018-04-04,0.023036649214659644,0.019002375296911955,0.0032180209171359664,0.021307273309836505
2018-04-05,0.025588536335721557,0.006993006993007089,0.017241379310344973,0.004078431372549041
2018-04-06,-0.04091816367265466,-0.025694444444444464,-0.04362107476021537,-0.01773160443680688
2018-04-09,-0.008324661810613976,0.009978617248752597,0.018546503640609835,0.014473161033797144
2018-04-10,0.047219307450157455,0.018819101387908876,0.02630159158349077,0.032609547699302244
2018-04-11,-0.01603206412825653,-0.004617871161394671,0.007491128926271351,-0.00599711531162217
2018-04-12,0.026476578411405383,0.009742519137091232,0.0036524915210018882,0.00939361539636474
2018-04-13,-0.014880952380952439,0.00344589937973816,-0.009097998440343202,-0.022698040402511888
2018-04-16,0.01611278952668682,0.006181318681318659,0.010362014690451282,0.004257954633428929
2018-04-17,0.042616451932606436,0.013879408418657535,0.0005192782032972243,0.022047486894850588
2018-04-18,-0.01520912547528519,-0.002244165170556589,0.01531075645517066,0.009729974355106252
2018-04-19,-0.02413127413127414,-0.028340080971659853,0.0012779552715653786,-0.011503697617091135
2018-04-20,-0.011869436201780381,-0.0409722222222223,-0.0063816209317166805,-0.016927378523388548
2018-04-23,0.005005005005005003,-0.002896451846488013,-0.0028259473346178288,-0.006995157198862345
2018-04-24,0.004980079681274896,-0.013798111837327487,-0.026278500579672737,-0.0425762501935284
2018-04-25,-0.037661050545094055,0.00417280314187507,0.004894827358115972,0.0023447606727036163
2018-04-26,0.13697219361482982,0.0036665851869959187,-0.012901527119536516,0.024280067758328583
2018-04-27,0.006340579710145011,-0.011690209449586098,0.001200320085355866,-0.002677587021578276
2018-04-30,-0.02070207020702053,0.017989157220305696,-0.00439589716264821,-0.0058433354390398096
2018-05-01,0.022977941176470562,0.023238925199709604,0.014182499331014231,0.009213661636219284
2018-05-02,-0.014375561545372895,0.04423941329548131,-0.005277044854881119,-0.014166535495041654
2018-05-03,-0.003646308113035679,0.001812415043044746,-0.023209549071617985,0.018681143222097907
2018-05-04,0.0320219579139982,0.03934871099050219,0.009504412763068348,0.014576802507836994
2018-05-07,0.027482269503546153,0.007180156657963455,0.001210490921318197,0.016298470570060175
2018-05-08,0.0017256255392579245,0.004752646359905022,0.008597528210639416,0.009044615033822367
2018-05-09,0.02928509905254084,0.007095248333691906,0.007192328183271313,0.019282916541126793
2018-05-10,0.015062761506276168,0.014304013663535287,0.012562814070351536,0.008498374224061633
2018-05-11,-0.01483924154987648,-0.0075773521363923235,0.00235079012668149,-0.001905180625778491
2018-05-14,0.023430962343096384,-0.0023329798515376865,-0.014201954397394134,-0.015417370237133743
2018-05-15,0.017988552739165886,-0.009141156462585065,0.0010573618821041464,0.015285959287152151
2018-05-16,0.029718875502008135,0.009440034327397484,-0.009770266701874752,-0.0016891891891891442
2018-05-17,0.0,-0.006376195536663021,0.0012000000000000899,0.004340469359229049
2018-05-18,0.014040561622464809,-0.0036363636363636598,-0.006259155679850803,0.017067096396132353
2018-05-21,-0.0007692307692307443,0.0070845856590811,0.006968641114982521,-0.008498379546272972
2018-05-22,-0.0007698229407235857,-0.002558089959496801,-0.0018631887143998327,-0.006973196774896384
2018-05-23,0.009244992295839749,0.006411626415900873,-0.00653333333333328,0.019018360032184933
2018-05-24,0.023664122137404542,-0.0010617965597792267,0.0018789424238356833,-0.0027995118799799545
2018-05-25,0.009694258016405666,0.0023384353741495723,-0.005760214333556668,-0.044414051252519404
2018-05-29,-0.013293943870014702,-0.003605514316012748,0.0018862840204796338,-0.023578154425612063
2018-05-30,0.034431137724550975,-0.002128565346956046,0.013448090371167343,-0.0019287147045209396
2018-05-31,-0.0065123010130245795,-0.0034129692832765013,-0.01645435244161353,-0.002087037180180995
2018-06-01,0.04879825200291332,0.017979452054794676,0.01699946033459243,0.03423702556158026
2018-06-04,0.03125,0.008410428931875602,0.004112496683470468,0.015353505092869923
2018-06-05,0.0,0.007714762301918254,0.013872374157748668,0.009072803717636857
2018-06-06,0.05521885521885528,0.003310573142975448,0.008209538702111052,0.008260233918128579
2018-06-07,-0.04977664326738984,-0.0024747370591875484,0.0023264831329972147,-0.02747770608279576
2018-06-08,0.02417730020147757,-0.00930328716146367,0.002450032237266253,0.007380348889220345
2018-06-11,0.03147540983606567,-0.002295492487479067,0.00591715976331364,0.006216236216976201
2018-06-12,0.0076287349014620975,0.005438192846684675,0.0016624040920716343,0.010222843274251714
2018-06-13,0.029652996845425994,-0.00832119825254829,-0.0006383250351078562,-0.0014560279557368494
2018-06-14,-0.0042892156862744946,0.0006293266205161796,0.010475217169136242,0.009113444152814232
2018-06-15,0.005538461538461492,-0.010272536687631062,0.005056890012642201,-0.0030344628278302643
2018-06-18,0.047123623011015914,-0.0004236390595213635,-0.01132075471698124,0.023697369374592325
2018-06-19,-0.0245470485096434,-0.01631701631701621,-0.0029262086513993646,-0.0015574118646467516
2018-06-20,-0.010185739964050478,0.004308487720809939,0.006762791884649788,-0.0007090187180941454
2018-06-21,-0.052663438256658535,-0.0053625053625053765,-0.012801013941698414,-0.022704697034198862
2018-06-22,0.009584664536741228,-0.003019193444037116,-0.003979971755039169,-0.0089298678669959
2018-06-25,-0.04367088607594949,-0.01492537313432829,-0.020237174529517787,-0.04952018167167238
2018-06-26,0.02581072137657192,0.012516469038208244,0.012629917116168787,0.0032369942196530666
2018-06-27,-0.03419354838709676,-0.0015181088700932932,-0.02052747823827461,-0.019589767227471633
2018-06-28,0.022712090848363342,0.00738488271068638,-0.003316089667064648,0.02052969753957057
2018-06-29,-0.02090137165251471,-0.0021561017680035155,0.0018631887143998327,0.006526412776412638
2018-07-02,0.011340893929286278,0.01123595505617958,0.0065090329436767735,0.006178961019147167
2018-07-03,-0.01055408970976257,-0.01752136752136757,-0.0038273723109408797,-0.0022744503411676886
2018-07-05,0.03333333333333344,0.008046976946498585,0.01563328033916256,0.00911854103343468
2018-07-06,0.05548387096774188,0.013807982740021485,0.005217845030002666,0.017394578313252973
2018-07-09,0.015281173594132058,0.01404554160459659,0.01738904749545811,-0.0010361927318481845
2018-07-10,-0.0036122817579770095,-0.0012591815320041055,0.0020408163265306367,-0.0044454323182928634
2018-07-11,-0.016918429003021207,-0.013027947047699162,-0.02125763747454179,-0.016000595370990633
2018-07-12,0.01782421634910869,0.016819246327443027,0.006892963974509003,0.03963091816669184
2018-07-13,-0.017512077294685957,0.0014656616415409385,0.0015499870834410068,-0.0018187108977156807
2018-07-16,0.01905347264904722,-0.0020907380305248413,-0.006319319061129813,-0.007069455579039374
2018-07-17,0.017490952955368178,0.002723653886444577,0.008825438027255217,0.0023487962419259656
2018-07-18,-0.0011855364552459946,-0.0054325114918512,0.0066898237488741685,0.006370826010544839
2018-07-19,-0.008308605341246333,0.007773109243697451,0.0011501597444090184,-0.021319944699119575
2018-07-20,-0.012567324955116699,-0.002293099854075442,-0.020040847587439514,-0.0013382899628253675
2018-07-23,0.00969696969696976,0.0008357709987463213,-0.007555034518692216,0.0013400833829662062
2018-07-24,-0.0282112845138055,0.007306889352818313,-0.016143850899068224,-0.016282527881040898
2018-07-25,-0.00864731315626932,0.00932642487046631,0.00600320170757751,0.026755347290454257
2018-07-26,0.14330218068535827,-0.0030800821355236874,0.013393449144675884,0.002134707397865254
2018-07-27,0.03215258855585823,-0.016683831101956592,-0.018450667364564244,-0.036579991185544225
2018-07-30,0.025343189017951406,-0.005446166736489455,-0.001199840021330556,-0.0317169868862458
2018-07-31,-0.056127703398558326,0.0018955349620892736,0.012279765082754857,0.011338582677165254
2018-08-01,0.008183306055646655,0.059070842968257375,-0.002373417721519111,-0.009810028028651385
2018-08-02,0.016774891774891776,0.029178245335450548,0.025376685170499735,0.03129422865230369
2018-08-03,-0.01596593932943058,0.0028929604628735728,-0.011600928074245842,0.006785605367490177
2018-08-06,0.05083829096809089,0.005192307692307718,-0.004825247782994313,0.0174176448315031
2018-08-07,0.006690684508491973,-0.009374402142720561,0.006683265627047463,0.006252326014142273
2018-08-08,0.0010224948875254825,0.0005793742757822518,0.0018224420723769175,-0.007766846660256066
2018-08-09,-0.02451481103166475,0.007913530206523856,0.014812889812889862,0.007231250931862387
2018-08-10,-0.0020942408376964927,-0.006510915358100222,-0.02151088348271435,-0.0019243579305752156
2018-08-13,0.035152151101783824,0.0065535851966074254,-0.007066213033237401,-0.010826844642195077
2018-08-14,0.014698428788646689,0.004212945231711895,0.012256193990511477,0.004573056451008473
2018-08-15,-0.015984015984015998,0.0022883295194509046,-0.009503970837130615,-0.02201492537313421
2018-08-16,-0.01878172588832494,0.014649923896499217,0.009989484752891853,0.020450209843571043
2018-08-17,0.022762545266425294,0.02006375398462401,0.015226444560124897,-0.010319300082255234
2018-08-20,0.01062215477996964,-0.00974264705882355,-0.0015382643250866357,0.010351341140914183
2018-08-21,0.02102102102102088,-0.002041952849452411,0.015791500834510197,0.013460963206700649
2018-08-22,0.02450980392156854,0.0,-0.0029069767441860517,0.010478158205430743
2018-08-23,0.06650717703349285,0.0020461309523809312,-0.005957662568132793,-0.004600554987585825
2018-08-24,0.07581875280394801,0.0031557453127901702,0.007013516959959221,0.15325361308781438
2018-08-27,0.053377814845704696,0.008142116950407008,0.012029884766366905,-0.016348600508905853
2018-08-28,-0.008313539192399078,0.008076358296622788,-0.0010010010010009784,0.014098169824742879
2018-08-29,0.0059880239520957446,0.014930808448652577,-0.00676352705410832,-0.007269944518844551
2018-08-30,-0.012301587301587258,0.009329027628274034,-0.016267339218158816,-0.011627160017986582
2018-08-31,0.011249497790277285,0.011553501599715688,-0.00615305730034621,0.0031847133757960666
2018-09-04,0.11481922924116006,0.003162888771744976,-0.007094028118147744,-0.004923874311629328
2018-09-05,0.01603706343549538,-0.006480994920301408,-0.005196154845414469,-0.027736180740933647
2018-09-06,-0.023500526131182142,-0.016748942172073233,-0.009793679811961331,-0.0035491863657670653
2018-09-07,-0.016522988505747183,-0.007889546351084853,-0.007253066068838132,0.002486559139784683
2018-09-10,0.09167275383491602,-0.013555033435749153,0.002656748140276388,0.010591942079506644
2018-09-11,0.007025761124121788,0.025283986808354753,-0.0017223105458400445,0.000796019900497491
2018-09-12,0.07009966777408638,-0.012330235882773377,0.0005308560053085554,-0.000596540067607898
2018-09-13,-0.05371002794163304,0.024063687352994467,0.011937922801432688,0.0039793076004774885
2018-09-14,0.0734908136482939,-0.011307420494699683,0.009830908375934033,-0.00019817677368216824
2018-09-17,-0.008863080684596514,-0.026626161543960025,-0.005970924195223382,-0.03059134456557644
2018-09-18,-0.015417823003391895,0.0016522856618321757,0.0022199007573779905,0.014108505997818988
2018-09-19,-0.022549326652051338,0.0005498533724339616,0.009120521172638396,-0.002621143894078859
2018-09-20,-0.000961230374879829,0.00769371679794828,0.009038089089735246,0.032547169811320664
2018-09-21,-0.005131494547787052,-0.010725322668605597,-0.013051823416506902,-0.005416693858904864
2018-09-24,0.05125725338491294,0.01433296582138932,-0.011409308958900466,0.002821522309711222
2018-09-25,-0.0012266176019625208,0.006340579710144789,-0.019278688524590137,0.016816070143296447
2018-09-26,-0.011667178385016963,-0.008100810081008047,-0.014576089863599928,-0.003732303732303821
2018-09-27,0.012426219322771326,0.020689655172413834,-0.00420681232188902,0.007621754295310756
2018-09-28,-0.05216324025774788,0.0035561877667140696,0.00463341509948223,0.000705128205128247
2018-10-01,0.017157656199417337,0.006555634301913527,-0.005697232772653327,-0.003907501121004464
2018-10-02,-0.07638446849140679,0.00897729273015302,0.004229195088676807,-0.010160771704180172
2018-10-03,-0.02033080634045481,0.01221214235868806,0.005434044287460971,0.006172037422037535
2018-10-04,-0.022863172704889134,-0.0175801447776629,-0.010944466963923816,-0.017885968877122793
2018-10-05,-0.015478761699064036,-0.016315789473684172,-0.0064207650273223615,-0.0006574621959236637
2018-10-08,-0.03254113345521026,-0.002318530408418118,-0.012099546267015149,-0.03809210526315787
2018-10-09,0.02947845804988658,0.01394351090454049,-0.00974251913709101,-0.022912249504137838
2018-10-10,-0.08223201174743022,-0.046368124118476683,-0.03668306394940268,-0.06551868962620755
2018-10-11,0.01200000000000001,-0.008874098724348412,-0.015173621243069868,-0.01955056179775294
2018-10-12,0.04110671936758892,0.0358142137660884,0.014518518518518597,0.05569562227824898
2018-10-15,-0.0030372057706908873,-0.021429857734557856,-0.003796728971962704,-0.025908235634679477
2018-10-16,0.07311500380807301,0.022083179977916645,0.03400762239812383,0.050668647845468096
2018-10-17,-0.031227821149751533,-0.004321209938782933,-0.005528777998298873,0.0024748974685335767
2018-10-18,-0.02490842490842493,-0.023327305605786552,-0.01981468282252319,-0.03160047965013768
2018-10-19,-0.1111945905334335,0.015182373634512025,-0.007853403141361293,-0.02993663049020312
2018-10-22,0.05790363482671168,0.0060186029545867825,0.004983875696276785,0.018471241928217363
2018-10-23,0.00239712345185783,0.009427121102248082,-0.003500583430571913,-0.011206133883809977
2018-10-24,-0.09166998804304505,-0.03430316091954022,-0.04800936768149866,-0.06859528780196844
2018-10-25,-0.1544537077665643,0.021945322670634093,0.007841328413283888,0.04074607748959336
2018-10-26,-0.08510638297872342,-0.01583257506824398,-0.0038138825324179892,-0.04076609491577565
2018-10-29,-0.04424276800907534,-0.018860946745562046,-0.006738131699846828,-0.004650789832411184
2018-10-30,0.020771513353115667,0.005088578967206825,0.023743447425223607,0.014742608555546655
2018-10-31,0.0587209302325582,0.026064129008062986,0.019728915662650337,0.026119402985074647
2018-11-01,0.11037891268533762,0.015350877192982448,0.04342046964997803,0.04626692456479686
2018-11-02,0.0004945598417409602,-0.06641468682505403,0.06128803963198859,-0.008134289728610522
2018-11-05,-0.016312407315867583,-0.028340080971659853,-0.01320352093891719,-0.004696935808543912
2018-11-06,0.039195979899497635,0.010714285714285676,0.005811596161643617,0.0014981273408238849
2018-11-07,0.05609284332688591,0.03042795445622315,0.010749798441279212,0.03904263275991027
2018-11-08,-0.02930402930402931,-0.007048961706991874,-0.00904014889657001,0.012165274978404916
2018-11-09,-0.008018867924528217,-0.019186492709132752,-0.002817279313120591,-0.035986060735367364
2018-11-12,-0.09510223490252023,-0.050469483568075124,-0.01950760123772366,-0.0401327923275544
2018-11-13,0.030478192327903164,-0.009888751545117369,0.01193743139407255,0.006225501498731578
2018-11-14,0.06119326874043862,-0.028297960882230577,-0.017898305084745658,-0.011380996028108603
2018-11-15,0.03267659778952425,0.024625267665952855,0.02913157531409638,0.03754925442324031
2018-11-16,-0.03862261516984633,0.011076280041797393,0.006841964046149673,-0.0018616427135303981
2018-11-19,-0.07502420135527588,-0.03947912360479544,-0.019187208527648214,-0.06192181438376598
2018-11-20,0.005232862375719627,-0.047987949214546965,-0.025132454829506767,-0.02139335135994913
2018-11-21,-0.024986985944820406,-0.000904159132007254,0.020206243032329763,0.09744006501422176
2018-11-23,0.03470368392952472,-0.025565610859728527,0.003961207485316365,-0.017402251184834072
2018-11-26,0.03611971104231171,0.013698630136986134,0.007482993197278853,0.046047177632074776
2018-11-27,0.0483067729083666,-0.0022904260192394554,-0.010128291694800784,0.009798270893371708
2018-11-28,0.013776722090261151,0.038567493112947604,0.027967257844474736,0.021404109589041154
2018-11-29,0.004217432052483483,-0.007736516357206069,0.014863968148639772,0.016694607432243824
2018-11-30,-0.006066262249183385,-0.005346402316774412,0.006538511834706329,-0.007214015802129881
2018-12-03,0.11314553990610321,0.034714445688689866,0.018578667013122052,0.024359861591695564
2018-12-04,-0.10923660902572752,-0.043939393939393945,-0.03813775510204098,-0.05526280232401026
2018-12-06,0.008522727272727293,-0.011093502377179099,-0.009547805330857972,0.0021453089244849455
2018-12-07,-0.08638497652582156,-0.03571428571428581,-0.03976435935198819,-0.05401741116026826
2018-12-10,0.027235354573484027,0.006647673314339908,-0.0030674846625766694,0.01848080259485574
2018-12-11,-0.0005002501250623848,-0.005660377358490565,-0.008671328671328693,-0.008517256702710752
2018-12-12,0.025025025025025016,0.002609108159392859,0.015237020316027028,0.029282139388959294
2018-12-13,-0.0302734375,0.011118996924532665,-0.008615897720955945,-0.01611147398214674
2018-12-14,0.002014098690835908,-0.032054281703322474,-0.013036164844407172,-0.030021391163236655
2018-12-17,-0.053768844221105505,-0.00942712110224797,-0.007385314585996228,-0.03216730038022819
2018-12-18,0.03558151885289451,0.013177159590044063,0.007440263270854119,0.026007700165003644
2018-12-19,-0.06871794871794867,-0.031310211946050215,-0.023718221843488152,-0.018762444478480744
2018-12-20,-0.012114537444933848,-0.025111884634510195,-0.017457084666860467,-0.024974635136189693
2018-12-21,-0.056298773690078074,-0.039020657995409325,-0.02931596091205213,-0.03706075402225251
2018-12-24,-0.016538688718251704,-0.02574309978768574,-0.03523489932885915,-0.016458852867830442
2018-12-26,0.07507507507507505,0.07028057749931893,0.05786561264822132,0.06431710615280606
2018-12-27,-0.022905027932960897,-0.006362942224484636,0.01614108503960532,0.011752560946557633
2018-12-28,0.018867924528302105,0.0005122950819673733,0.0036770113251949343,-0.0014127619496114852
2018-12-31,0.03591470258136931,0.00972862263184826,0.010404454865181822,0.010846498467342647
2019-01-02,0.02004333694474525,0.0010141987829614951,0.00870195794053652,0.0027214058004820796
2019-01-03,-0.09453000531067435,-0.09954407294832823,-0.042559309849029336,-0.055133374689826375
2019-01-04,0.11436950146627556,0.0424753867791845,0.03844421084246896,0.05276979893311462
2019-01-07,0.08263157894736839,-0.0021586616297897265,0.016052060737527185,0.0346117867165574
2019-01-08,0.00875060768108904,0.01919956733369399,-0.002704241389126283,0.008664858348402804
2019-01-09,-0.026987951807228905,0.01698063146723272,0.012130726416440751,0.021662807201015877
2019-01-10,-0.022288261515601926,0.003130707018001777,0.02270163564579808,-0.0004386926957666848
2019-01-11,0.02684903748733536,-0.009882964889466939,0.013649524334757857,0.00021944261575601587
2019-01-14,-0.0019733596447951696,-0.014972419227738398,-0.0016322089227419623,-0.014553166593535227
2019-01-15,0.007414730598121588,0.020533333333333514,0.0021798365122616126,0.008385899814471243
2019-01-16,-0.031894013738959726,0.01228116017768488,-0.0038064165307232223,-0.0042684721813363025
2019-01-17,0.026355803345159634,0.005937016004130102,0.012145196506550215,0.008869179600886845
2019-01-18,0.02567901234567893,0.005901975878881194,0.01537009572603476,0.03831501831501827
2019-01-22,-0.04862782859894066,-0.022193877551020535,-0.02124551852343659,-0.01883863684470466
2019-01-23,0.002024291497975561,0.003913383772501833,-0.008140008140008037,-0.011290090608370384
2019-01-24,0.05303030303030298,-0.008056133056132952,0.012310217480508978,-0.010473488981016743
2019-01-25,0.05179856115107895,0.03327220330102154,0.02107823267126041,0.044321940463065035
2019-01-28,-0.07979936160510714,-0.009127789046653123,-0.00727802037845704,-0.009220157657657713
2019-01-29,-0.046085232903865236,-0.010491299897645745,-0.004532124766728707,-0.004333309654045658
2019-01-30,0.19948051948051937,0.06826997672614432,0.010980182110337244,0.04166666666666674
2019-01-31,0.0571676050238199,0.0072621641249090985,0.00596026490066226,0.008219178082191636
2019-02-01,0.004096681687832948,0.0004806536890171742,-0.0010533245556286763,0.012703804347826031
2019-02-04,-0.015503875968992387,0.028344943550324242,-0.0002636088045342433,0.016904809820889488
2019-02-05,-0.03398259428097805,0.01728568091567384,0.006460118655240654,0.005475295204169006
2019-02-06,-0.0021450021450020174,0.00022962112514357536,0.01113439874246791,-0.0009185146306258662
2019-02-07,-0.02536543422184001,-0.018824609733700703,0.019691669905428144,-0.01129498292618858
2019-02-08,0.01676224084693434,-0.0032756200280767978,0.006733578960741893,0.024907013815090417
2019-02-11,-0.0039045553145335976,-0.005633802816901401,0.003407370015144018,0.0016849199663016012
2019-02-12,-0.0060975609756097615,0.008498583569405138,0.015343981889070601,0.03215371676263179
2019-02-13,0.0013146362839615566,-0.003979400749063666,0.007803790412485911,0.0030713300739626526
2019-02-14,0.012253829321662968,0.003525264394829808,-0.006391347099311662,-0.0005623945510216943
2019-02-15,0.023778642455685395,-0.0023419203747072626,0.004329539831766427,0.002563461297986791
2019-02-19,0.011402027027026973,0.003051643192488074,-0.0017243502894445095,0.0020579981290926863
2019-02-20,0.0,0.0065527732272407935,0.01159777914867366,-0.005476723923325877
2019-02-21,-0.0012526096033401712,-0.005812601720530108,-0.002683254055372619,0.0001877346683354375
2019-02-22,0.018394648829431315,0.01122544434050532,0.0020790020790020236,0.010511168116123182
2019-02-25,0.014367816091954033,0.007400555041628065,-0.0006102025872589678,0.015045508018079357
2019-02-26,-0.02023472278429783,0.00045913682277309853,-0.012944193430211248,-0.0038428693424423788
2019-02-27,-0.030152829409334947,0.0032124827902708653,-0.008165285166398584,0.005939624027922363
2019-02-28,0.002129471890971013,-0.00983531564501372,-0.005862542098041601,-0.007730703676649631
2019-03-01,0.006374840628984302,0.010395010395010562,0.0072772898368882455,-0.01987608122201079
2019-03-04,-0.013091216216216117,0.005029721079103711,-0.007847533632286963,-0.012392814671089769
2019-03-05,0.005562687205819428,-0.0018198362147406888,-0.008537350910232333,-0.019519614677736108
2019-03-06,-0.046382978723404245,-0.005697356426618061,-0.01291629732809918,-0.007756447547023537
2019-03-07,-0.014725568942436484,-0.011689204675682019,-0.006927517639512604,-0.004820532864308391
2019-03-08,-0.0031702898550722836,0.0025510204081633514,-0.003229556904792652,-0.002618315114224057
2019-03-11,0.04316219900045426,0.03469812630117963,0.011664074650077794,0.010960162761698422
2019-03-12,0.023083623693379796,0.011178180192264797,-0.0014091724314629905,0.00499870163593874
2019-03-13,-0.004682843763303524,0.004421843908910095,0.007055805003207238,-0.009237129384406684
2019-03-14,-0.0239520958083832,0.011005943209333013,-0.009936305732484052,-0.0014995436171599819
2019-03-15,0.02059596844872913,0.01306335728282182,0.010679361811631427,0.0008488410055500495
2019-03-18,-0.0017174753112924046,0.010315925209542165,-0.002928071292170653,0.003718684759916435
2019-03-19,0.11827956989247301,-0.008083386513507707,-0.00038304392236965246,0.008124796880077945
2019-03-20,-0.011538461538461608,0.00879262277503745,-0.0012773023374633707,-0.005093488072211438
2019-03-21,0.08521400778210131,0.03677721088435382,0.022253485100396597,0.029226880953923784
2019-03-22,-0.05449982072427395,-0.020709452532294503,-0.04091079694732902,-0.028963606598665148
2019-03-25,-0.01516875237011761,-0.011934673366834181,-0.009261674928254582,0.003047594345739757
2019-03-26,-0.010781671159029504,-0.010383555838101133,0.0007899934167214795,0.007886741224384153
2019-03-27,-0.031140521603736926,0.008993576017130467,-0.0026312327325351825,-0.01802321852350719
2019-03-28,0.0068300522298110344,0.0012733446519526126,0.009233610341643717,-0.0004572175048986882
2019-03-29,0.018355945730247347,0.006570580754557076,0.0071886027970200495,0.018231719270731084
2019-04-01,0.03291536050156729,0.006738260686460329,0.023228652997663968,0.05134129123347453
2019-04-02,0.01479514415781491,0.014641288433381972,-0.004185161699429285,0.0032352582102308514
2019-04-03,0.08485981308411206,0.006802721088435382,0.017065715741212406,0.013994523881959209
2019-04-04,0.002412129565816601,0.0016380016380015405,0.01778111695467066,-0.009600960096009525
2019-04-05,-0.003781368167755206,0.006745707277187263,0.013779527559055094,0.007755225689185075
2019-04-08,-0.01552795031055898,0.015634517766497602,0.008009708737864107,0.0024649792581012964
2019-04-09,-0.045215562565720346,-0.0027988804478208396,-0.013725018059234317,0.0019191555715485364
2019-04-10,0.021659324522760537,0.005613472333600544,0.013916015625,0.020351969352328636
2019-04-11,-0.0014372978799855884,-0.0083732057416267,0.0038526366482061203,0.008330400093863544
2019-04-12,0.0021590500179922145,-0.00040209087253728626,0.014871671863756486,-5.818012566904951e-05
2019-04-15,-0.018671454219030603,0.0018101367658891476,-0.001536279839281618,0.005236515971373645
2019-04-16,0.021953896816685026,0.0,0.004615930879394048,-0.000578804190542459
2019-04-17,-0.01575366988900828,0.019474001204577318,-0.008718190386427849,-0.026872068106793212
2019-04-18,0.006911604219716372,0.0037416305632138602,0.009745661991918064,0.006963042313872458
2019-04-22,0.018063583815028927,0.0031391014322150745,-0.01483050847457612,0.017434988179669153
2019-04-23,-0.0074520936834634455,0.014472912184627429,0.028076463560334552,0.018181818181818077
2019-04-24,0.017518770110833026,-0.0015423173317909988,0.0005810575246949501,0.005876312186216426
2019-04-25,-0.028109627547435068,-0.009075111025294458,-0.02717770034843192,-0.005615109749872449
2019-04-26,0.00795372378886472,-0.004676539360872978,0.01456542502387781,0.0095254391968973
2019-04-29,-0.0068149210903872826,0.0013703993735316722,-0.002235820192986515,-0.0017515113848239894
2019-04-30,-0.0021668472372698977,-0.01915933528836744,-0.0033022762118174454,0.008659723794430585
2019-05-01,-0.0296778863554108,0.049033286824795796,-0.011951248372973677,-0.023792155322372555
2019-05-02,0.05520328235732941,-0.006460193805814196,-0.09952095808383232,-0.003506351669828045
2019-05-03,-0.002474372569812644,0.012430675081277487,0.01276765527330781,0.019266266728195536
2019-05-06,-0.02834868887313957,-0.0154892330940688,-0.018384766907419636,-0.008036219581211035
2019-05-07,-0.027716994894237845,-0.026861089792785897,-0.01792642140468237,-0.026015518028297602
2019-05-08,0.016129032258064502,0.00019716088328070036,-0.022612723062253037,0.004627460168697306
2019-05-09,0.0044296788482836025,-0.010841711019120792,-0.012961672473867702,-0.0005247507433968623
2019-05-10,0.027563395810363822,-0.017536867277800017,0.005083309799491786,0.013709018784272775
2019-05-13,-0.06151645207439205,-0.05821501014198782,-0.04327058162405184,-0.05087184209011919
2019-05-14,0.041158536585365946,0.015722593150979902,0.005580029368575712,0.030497786939913896
2019-05-15,0.009516837481698293,0.012086513994910897,0.0055490654205607726,0.019769357495881268
2019-05-16,0.015591007976794913,-0.004399748585794949,-0.0011617775196050006,0.01938610662358653
2019-05-17,-0.018207782934666294,-0.005681818181818232,-0.033876126781041016,-0.013300882952229975
2019-05-20,-0.029818181818181855,-0.03132275132275131,0.004213694507148258,-0.021338840130786463
2019-05-21,0.02511244377811095,0.019226567620712176,0.021429641840251756,0.02121798253326279
2019-05-22,0.002193784277879196,-0.020364415862808016,-0.025674882629107998,-0.001147907937783299
2019-05-23,-0.038307187157971545,-0.017067833698030666,-0.02183406113537123,-0.025800149399528904
2019-05-24,0.003034901365705611,-0.004007123775601085,0.00461822660098532,-0.049073964846053975
2019-05-28,0.0979576399394857,-0.0040232454179705,0.0019920318725099584,-0.0008063515692842138
2019-05-29,-0.03238029624526362,-0.004937163375224429,-0.012234286588163279,0.002669315289589802
2019-05-30,-0.0021359914560341586,0.005412719891745521,-0.0004644681839294229,0.006810302129767187
2019-05-31,-0.022119158044951903,-0.018169582772543658,-0.02942998760842641,-0.010515311769770053
2019-06-03,0.006202116016052361,-0.010052547406899759,0.014363230130865157,-0.03784724380088256
2019-06-04,0.07215373459028296,0.03646434341103166,0.04373820012586527,0.03287688929078936
2019-06-05,-0.002367264119039536,0.01603206412825675,-0.008139885438649519,0.00875492464511285
2019-06-06,0.07864406779661026,0.01468332237562997,-0.0004559270516717451,-0.0009298865538405199
2019-06-07,0.018541797611564936,0.026781857451403823,0.012315645431047573,0.025688756515264366
2019-06-10,0.025300833076211005,0.012831299957930087,0.028386902973866146,-0.0010889292196007982
2019-06-11,-0.02467649714113751,0.011422637590861928,0.01752592376223161,-0.011627906976744318
2019-06-12,-0.007096575131132266,-0.0030800821355236874,-0.01765465767188179,0.0034926470588236835
2019-06-13,-0.02454940957116214,-0.0002059732234809264,0.010520163646990044,-0.008853880442083462
2019-06-14,-0.03281299776999047,-0.007210548001648109,-0.029786003470213984,-0.025628388368654442
2019-06-17,-0.03820816864295129,0.00581033409421039,-0.0016393442622950616,-0.004931714719271674
2019-06-18,0.042808219178082085,0.02351970290901595,0.024182713837886283,0.02872029482780536
2019-06-19,0.0016420361247948545,-0.0028220116911913395,0.009473837632998139,0.023038912909203235
2019-06-20,-0.01606557377049178,0.008085708510208178,0.009529309846953549,0.02306345468816029
2019-06-21,-0.030323225591469494,-0.003408863043914079,-0.0024313501144165306,0.008498082030097276
2019-06-24,0.005498281786941561,-0.001006036217303885,-0.003870967741935405,-0.013985604775001437
2019-06-25,-0.0136705399863295,-0.015307150050352436,0.005613126079447417,-0.0316913946587537
2019-06-26,0.03672903672903671,0.021681325424422138,0.003148704737369279,-0.0041676881588624815
2019-06-27,0.027406417112299408,-0.0002002002002002845,0.00998715936652883,0.01704825209256522
2019-06-28,-0.012036434612882174,-0.009211053263916691,0.006780618731459187,-0.014220877458396286
2019-07-01,0.027329601580507124,0.01839126919967682,0.010523361863336689,0.039226519337016486
2019-07-02,0.0012820512820512775,0.005755110140901021,-0.028325465148569706,0.004784688995215225
2019-07-03,-0.0016005121638923425,0.008287292817679592,0.016433266647613465,0.01116990005878904
2019-07-05,0.009939083039435692,-0.0007827788649705791,0.0014058765640379,0.0013372093023256149
2019-07-08,0.017142857142857126,-0.02056404230317277,-0.03902849922785345,-0.013702606979039578
2019-07-09,0.034644194756554336,0.005998800239952029,0.007304601899196461,0.008712544887266693
2019-07-10,0.019306184012066296,0.00993838203140518,-0.0005801305293692272,0.008112051356871985
2019-07-11,-0.021604024859425808,-0.007282031096241037,-0.023363807865331543,0.0034155378024778305
2019-07-12,0.00453720508166966,0.0077319587628865705,0.024517087667162096,0.004961633877574423
2019-07-15,0.035531466425775315,0.009246507967735518,-0.0007251631617113397,-0.002755611688386228
2019-07-16,-0.015702239022971742,-0.0035087719298245723,-0.018142235123367212,-0.01554314662368328
2019-07-17,-0.00738552437223039,-0.00547730829420956,-0.011677753141167813,0.003567042862990588
2019-07-18,-0.017857142857142905,0.011408339889850572,0.005833084056236837,0.004428388299732022
2019-07-19,-0.014848484848484889,-0.014974718008557097,0.006245353159851419,-0.017809490660169347
2019-07-22,0.010458320516764097,0.02270483711747273,0.01714201270873361,0.006201641958537563
2019-07-23,0.019482496194825005,0.007915057915057977,0.012930408252215697,-0.0036393519605540936
2019-07-24,0.01851298895192577,-0.0007661367554108178,0.02997705106138837,0.02221043949569923
2019-07-25,-0.012899442978598574,-0.007858922752539854,-0.00919092048461212,-0.02069045011814885
2019-07-26,0.01039501039501034,0.0034775888717155645,0.007870695713281695,-0.01135828625235391
2019-07-29,-0.01587301587301604,0.009241432422025575,0.0018128573420723715,-0.031073278171319663
2019-07-30,0.011648745519713177,-0.004196871423120974,0.010996659242761497,-0.015236222891196305
2019-07-31,-0.10097431355181574,0.02030651340996159,-0.0002753683051079925,-0.025703412564726413
2019-08-01,-0.01937602627257795,-0.021592189260232764,-0.009640545379424381,-0.017288851892168666
2019-08-02,-0.014065639651707929,-0.021109192093648033,-0.02085940759282434,-0.03720596859321046
2019-08-05,-0.049252717391304435,-0.05234267790629277,-0.022013918477488903,-0.02835679480238218
2019-08-06,0.031082529474812493,0.018824989656599067,-0.014667441185013175,0.0006965243435257396
2019-08-07,0.011434511434511574,0.01035532994923849,0.00044215180545315036,0.003480197675227892
2019-08-08,0.16204179513532035,0.022106109324758982,0.027990571596935965,0.05493514600818483
2019-08-09,0.007959905660377187,-0.011993708218639432,-0.014903983949555832,-0.004931290683148126
2019-08-12,-0.051477040070195934,-0.002587064676616957,-0.012656386383473772,-0.01632086692216206
2019-08-13,-0.00986740672217079,0.042298483639265916,0.018417562988065406,0.019748774098206523
2019-08-14,-0.05823730924945503,-0.0296707503828485,-0.03530092592592593,-0.03221131677755096
2019-08-15,-0.018849206349206282,-0.0049319392385085425,-0.00959808038392318,-0.027225701061802332
2019-08-16,0.050893158072126576,0.02339413164155424,0.02998182919442738,0.00846627483907092
2019-08-19,0.00962155227710082,0.018791166214645605,0.006909732431637838,0.01422327065843354
2019-08-20,-0.02414231257941557,0.0,-0.010658490290553213,0.0025995348200849033
2019-08-21,0.03190104166666674,0.01083856246434678,0.01328217237308138,-0.004162117903930174
2019-08-22,0.006309148264984188,-0.0007524454477050302,0.0033498397902709254,-0.005070229530661052
2019-08-23,-0.07398119122257052,-0.04631024096385539,-0.022935113949774988,-0.00840162523242205
2019-08-26,0.025050778605280932,0.018949861823924108,0.011291041450007366,0.026460170845197695
2019-08-27,-0.0026420079260238705,-0.011235955056179692,-0.01013662406346405,0.016305818673883588
2019-08-28,0.01920529801324511,0.006661442006269613,-0.00044523597506684887,-0.06743891884694753
2019-08-29,0.02176738141650425,0.01693265862203197,0.027319970304380048,0.018203883495145456
2019-08-30,0.0,-0.0011483253588516762,0.00014452955629429276,0.0013321180677277056
2019-09-03,-0.01748807631160576,-0.014753784249856183,-0.016040462427745705,-0.011693040190449477
2019-09-04,0.0016181229773462036,0.01711396343835081,0.024085768835365062,0.02260007084661697
2019-09-05,0.017770597738287597,0.019502868068833612,0.03513552273053211,0.0268809754745738
2019-09-06,-0.02984126984126989,-0.00018754688672162345,0.008589637018564522,0.014370530292807882
2019-09-09,-0.0019633507853402676,0.004314387544550602,0.019505494505494436,0.004456268706351851
2019-09-10,-0.008852459016393421,0.01176690324990659,0.018593371059013597,-0.01966626936829563
2019-09-11,-0.015547469401256953,0.03193649621561745,0.012698412698412875,0.04471462343802757
2019-09-12,0.015120967741935498,-0.0023255813953487747,0.010449320794148287,0.006594685459365257
2019-09-13,0.01588877855014892,-0.019365250134480982,-0.00956566701137529,-0.014194874429957038
2019-09-16,0.00456174649723029,0.005302614737612066,-0.0069172539806838795,0.0025410476935106008
2019-09-17,0.00518975024326962,0.003455802109858297,-0.010382441845183443,-0.0012997985312277471
2019-09-18,-0.0183930300096804,0.00942541236179073,0.0023904382470121277,-0.016659074640463123
2019-09-19,-0.004273504273504369,-0.008080445322319885,-0.009009009009009139,0.01502216928065625
2019-09-20,-0.007923407065037913,-0.014663287472845843,-0.01377005347593585,-0.00026079019428859596
2019-09-23,0.019633943427620704,0.004593055300385895,0.0115222990375492,-0.006325811921220836
2019-09-24,-0.03655352480417762,-0.004754937820043881,-0.01581345483784513,-0.02126402835203789
2019-09-25,0.0006775067750677266,0.015435501653803696,0.01647603485838789,-0.011399450144169432
2019-09-26,-0.0023696682464454666,-0.00524791892870069,-0.0026791694574682667,0.011123923217798204
2019-09-27,-0.025449609772650206,-0.004911770056394316,-0.005104096709200978,-0.026028040517877438
2019-09-30,0.009401114206128103,0.023583180987202912,0.0068853786958282814,0.017287691989806397
2019-10-01,-0.007933770265608708,0.0028576531523485382,-0.021319388576025777,-0.013473256601218564
2019-10-02,-0.015646731571627326,-0.02511130899376668,-0.0036991368680641123,-0.019696657744835644
2019-10-03,0.013069586718474024,0.008403361344537785,0.0016501650165017256,0.013511621394567408
2019-10-04,0.011506276150627714,0.028079710144927494,0.020455793520043786,0.014643917938799378
2019-10-07,-0.0027576697690452345,0.00017621145374446812,-0.021660164132920712,0.004561236299271743
2019-10-08,-0.0241963359834082,-0.011627906976744096,-0.01925192519251928,-0.012943887232312212
2019-10-09,0.008147360963514094,0.0117647058823529,0.012198541783511097,0.018674905595605917
2019-10-10,-0.0028109627547435734,0.013389711064129672,0.01343676409474992,-0.024533261440992216
2019-10-11,0.04827343199436229,0.026599443671766254,0.014488791689447833,0.03862364402680862
2019-10-14,0.026218487394958023,-0.001354784081286975,-0.004446240905416343,-0.0003326237360297135
2019-10-15,0.006223386832623579,-0.002374088519586204,0.013668967383949182,-0.001796765821521329
2019-10-16,0.0029296875,-0.004079551249362434,0.009879839786381739,-0.03080000000000005
2019-10-17,0.0107108081791627,0.003925584570745766,0.005420412480169112,-0.007635163021048164
2019-10-18,-0.005459216441875414,0.00476028561713715,-0.00539119000657462,-0.03188466070562157
2019-10-21,0.034226670971908346,0.01742808798646367,0.0063458487572713995,0.013030715257392522
2019-10-22,-0.01623477989384947,-0.002328288707799775,0.00302154492905915,-0.010036044950173295
2019-10-23,-0.004760393525864881,0.013502250375062363,0.003012442698100859,0.013279074748340225
2019-10-24,0.011479591836734748,0.00164473684210531,-0.005092713502219959,0.02423730007750291
2019-10-25,0.03121059268600268,0.012315270935960632,0.012862580391127532,0.0011694297310311796
2019-10-28,0.029960256802201046,0.009894566098945567,0.005960865621355449,0.009962896798131116
2019-10-29,-0.019590382902938464,-0.02312881464824923,0.008501867834600274,-0.009524457446084766
2019-10-30,0.003027550711474536,-0.00016441959881619006,-0.0011495721037170226,0.021910845525104694
2019-10-31,0.024147298520977856,0.022693635915145505,0.013810741687979577,-0.009544293587847696
2019-11-01,0.028293545534924913,0.02830036983437867,0.022704339051463185,0.01961183496199781
2019-11-04,0.0401261106334192,0.0067240031274431455,0.009990133201775997,0.006788685524126592
2019-11-05,-0.0038578120694405804,-0.001553277415346277,0.008425937232873437,0.0030409202088979015
2019-11-06,-0.006085753803596106,0.00046670815183569303,-0.006539113586824796,-0.001449943979437096
2019-11-07,0.009741163373225836,0.008552324677344014,-0.0030472940029253603,0.0020460695663653272
2019-11-08,0.0002756339581035938,0.0026210299105766666,-0.0007335860129600302,0.007508892109076681
2019-11-11,0.0005511160099200829,0.007996309395663426,-0.005995350544475864,-0.00026150627615073585
2019-11-12,0.011016248967226527,-0.0009153318077803618,-0.007877892663712416,0.033612346324875864
2019-11-13,0.022064832470716444,0.009619789280806312,-0.005955334987592931,0.0072757180817411005
2019-11-14,0.022121535181236718,-0.006957047791893656,-0.0013729405891163005,-0.006720683374160097
2019-11-15,0.005475880052151272,0.011879378617118519,0.0007499062617171148,0.022827874035664664
2019-11-18,0.034232365145228316,0.0051173991571342725,-0.007743224678406269,0.004265842349304494
2019-11-19,0.03535606820461368,-0.003144654088050425,-0.0025173064820642743,0.012866289091356897
2019-11-20,-0.0075078711552434285,-0.011566771819137678,-0.005173501577287021,0.004862335136449403
2019-11-21,-0.0356271351878964,-0.004559270516717229,0.005580923389142622,-0.0016935825319058795
2019-11-22,-0.009362348178137747,-0.0009160305343511865,0.00025227043390518844,0.011875189336564507
2019-11-25,0.016347381864623367,0.017573349633251967,0.015636822194199373,0.011196934315310436
2019-11-26,-0.02010555415933646,-0.007808980327376647,-0.004842314377948798,0.011369019422075022
2019-11-27,0.010771992818671361,0.013470561525654512,0.005115408608858285,0.05491803278688523
2019-11-29,-0.006597310327328021,-0.0022401433691755512,-0.011420059582919584,0.003996003996004083
2019-12-02,-0.01072796934865905,-0.011525220775333023,0.002636865896534335,-0.02913211719181874
2019-12-03,0.004389362251484785,-0.017867958812840756,-0.0055103318722604655,-0.001309571257757769
2019-12-04,0.02030848329048851,0.008942337341967255,0.013726230953280405,0.005701254275940704
2019-12-05,-0.0017636684303351524,0.014517114914425422,0.00819875776397505,0.0013038548752832835
2019-12-06,0.0002523977788997378,0.01943063714414839,0.014662395268605133,0.015229575949725405
2019-12-09,-0.017663386323492403,-0.014036643026004714,-0.002064359441408481,-0.0027325451706445847
2019-12-10,0.013100436681222627,0.0058444477746140144,0.0038938914577755224,-0.0020690040820892097
2019-12-11,0.0007606490872211769,0.008492252681763901,0.00957575757575757,0.006612125966602989
2019-12-12,0.07904737775525716,0.0025114492539519695,0.02197142514107342,-0.009686038744154857
2019-12-13,-0.03381075369805131,0.013704686118479303,-0.007871240601503793,0.008487914558740872
2019-12-16,0.02916160388821387,0.017153656054659017,0.00639431616341013,0.027646173568920407
2019-12-17,0.009917355371900971,0.001857939116764351,-0.004471114248735142,-0.015620762596951776
2019-12-18,-0.010989010989011172,-0.002282453637660442,-0.006145845644722758,0.012452476720480332
2019-12-19,0.012529550827423241,0.0008578781812982328,0.004043286954453551,0.00016326530612253976
2019-12-20,0.030819519028718156,-0.0020000000000000018,0.003908563306881385,-0.005114811187289181
2019-12-23,0.02967157417893551,0.016318350987689634,-0.0002359603586599146,0.00043754101947057755
2019-12-24,0.023757149142102918,0.0009859154929576786,-0.003304224687278756,0.00541220205554338
2019-12-26,0.0019338203695746792,0.019839594765724167,0.003788775751835338,0.0017943559349682392
2019-12-27,-0.009650439631138763,-0.00041390728476820016,-0.003066761028544529,0.006187581415544763
2019-12-30,-0.01429190125595492,0.005935127674258078,-0.0013014671083767526,-0.011220196353436074
2019-12-31,0.00746924428822493,0.0072722283205268745,0.003909489396990873,0.0008728859792690447
2020-01-02,0.07064980375054519,0.022885165508786276,0.012390842577295391,0.02381990624659336
2020-01-03,-0.010183299389002087,-0.009721667332534323,-0.01328826203520228,-0.015333013895543979
2020-01-06,-0.004320987654320985,0.007934373318988719,-0.01724748966331968,0.011732900783995692
2020-01-07,-0.0028931597437487078,-0.004669779853235578,0.021877629522779163,0.0020307823856349216
2020-01-08,-0.008704663212435237,0.01608579088471851,-0.009645924008940265,0.01306666666666656
2020-01-09,0.023834413547982436,0.02124010554089706,0.00665162133269992,0.01047644116872859
2020-01-10,-0.016540739228098844,0.002196098695258941,-0.003303834808259576,0.002188183807440014
2020-01-13,0.012043189368770912,0.02139726733694247,0.004853794246477916,0.0004678727386149273
2020-01-14,-0.010874025441116153,-0.013503281171125647,-0.008600377002827453,-0.00696284749285514
2020-01-15,0.0070524787388508425,-0.004349494691057942,-0.002139037433155133,-0.001674428339699774
2020-01-16,0.025128733264675684,0.01259154567647447,0.002143622722400984,0.008962733895906627
2020-01-17,0.023307213180630892,0.011039208222306973,-0.021746880570410076,0.004415584415584428
2020-01-21,0.0023561751423522015,-0.006777108433735024,-0.0071671525753157495,0.012878200155159059
2020-01-22,0.007443682664054929,0.0035380338640385034,0.0031812064113543315,-0.005667892156862808
2020-01-23,0.005444293214077467,0.004910601863510555,0.0015855592145384012,0.01987367123709749
2020-01-24,-0.02630052214271905,-0.0028818443804035088,-0.007306380905991339,0.0029707955689828314
2020-01-27,-0.02164846077457805,-0.029404372958029668,-0.027232580961727204,-0.016667503388724247
2020-01-28,0.025781567194478328,0.028223718280683707,0.005800756620428782,0.02123857660693318
2020-01-29,-0.059766475361171634,0.020901536136993082,-0.008024072216649913,-0.0014497825326200697
2020-01-30,0.026731214481162002,-0.0013566847557967554,-0.00682507583417602,-0.003754881345749528
2020-01-31,-0.0364903649036491,-0.04433740891688287,-0.033596334945278694,-0.01075430926177201
2020-02-03,0.021702127659574577,-0.002713879555440557,-0.004477218856992371,0.012242824485648951
2020-02-04,0.029779258642232298,0.032914344952701624,0.015079365079365026,0.023486901535682003
2020-02-05,0.007886754297270038,0.008154560281018686,0.020328381548084362,-0.009120329508678915
2020-02-06,-0.010433386837881309,0.011697361871577883,0.014303959131545474,0.01939825811559781
2020-02-07,0.008313057583130501,-0.015867158671586612,-0.027071266683455164,0.004902912621359112
2020-02-10,0.05087472350693756,0.004749406324209504,-0.0020706613174582555,-0.0043959229022751956
2020-02-11,0.029468044393417436,-0.006095285483268986,0.01115289845675016,-0.0014556040756913413
2020-02-12,0.0016728624535315983,0.023779724655819567,0.030396306271643025,0.006365403304178896
2020-02-13,0.011876043792911517,-0.007090464547677255,-0.014065222803086974,0.0019313408333734294
2020-02-14,0.014304052814964274,0.0002462447672986201,-0.000252493372048912,0.006939424606043021
2020-02-18,0.028566262881938087,-0.018340718857705496,-0.0074504356610684,-0.009045226130653172
2020-02-19,0.03533134118474246,0.014420062695924774,0.00788804071246818,0.01786921665217811
2020-02-20,-0.02767402376910011,-0.01013597033374547,0.009845998485231044,-0.019405959385082605
2020-02-21,-0.06966998428496596,-0.022727272727272596,-0.025125000000000064,-0.02303188658247446
2020-02-24,-0.0780780780780781,-0.04753386148734984,-0.037697140659058825,-0.037343370808776144
2020-02-25,-0.03155537459283386,-0.03380735175744576,-0.03304463690872761,-0.03930647733703774
2020-02-26,-0.0016817321841496868,0.015828936406553806,-0.019153920352762643,0.02109998393402246
2020-02-27,-0.07327858496525597,-0.06533624931656645,-0.04748524866535553,-0.05255152881942615
2020-02-28,0.03340149965916828,-0.0005849663644339476,-0.0109144542772861,0.05662884029892057
2020-03-02,0.04353562005277056,0.09306409130816506,0.02609603340292277,-0.0002619446772840206
2020-03-03,-0.014959966287399928,-0.031726907630522105,-0.017293997965411978,-0.053869936592778944
2020-03-04,0.07187165775401061,0.046315498410065103,0.029133392487429743,0.060204929382442485
2020-03-05,-0.03991219317501493,-0.03237315010570829,-0.01853714614168711,-0.03855396510291509
2020-03-06,0.009977135730617315,-0.013245937457326162,-0.009516837481698293,-0.05770484677244081
2020-03-09,-0.10948754887836998,-0.07915859396623304,-0.10347376201034753,-0.07709606735093977
2020-03-10,0.04876357753639926,0.07198677487225713,0.021434460016488188,0.027678850359262652
2020-03-11,0.007051564565887958,-0.034627786345156286,-0.06101694915254241,-0.0612840466926069
2020-03-12,-0.1463894967177244,-0.09875108916642461,-0.0905965274196322,-0.11917098445595853
2020-03-13,0.12535247372468605,0.11972284885594564,0.07391304347826089,0.16198529411764717
2020-03-16,-0.11822323462414575,-0.12865160454741686,-0.12462594613624367,-0.06296272859583618
2020-03-17,0.08189098424179808,0.04409578860445906,-0.027146591594610747,0.04619124797406782
2020-03-18,-0.0659025787965617,-0.024517557734893947,-0.15130219098801156,-0.08455977278595406
2020-03-19,0.017893660531697497,-0.007621209664342432,0.09011203117389166,0.052249330136793004
2020-03-20,-0.005273731793068781,-0.06356209150326797,0.0469168900804291,-0.008108289217985565
2020-03-23,0.05124968442312561,-0.021287733379863893,-0.030089628681177927,-0.026212673962978106
2020-03-24,0.10999039385206522,0.10037439828846484,0.15005500550055006,0.04037741085056212
2020-03-25,-0.03440069234097787,-0.00550874918988975,-0.0028697149416492262,0.00020005334755945903
2020-03-26,0.0643065202778399,0.05262300423590749,0.038372985418265504,0.07260484032268799
2020-03-27,-0.01936842105263159,-0.04132487231078785,-0.07187730968218775,-0.12002734957732475
2020-03-30,0.027479604980678474,0.02841459476913144,0.0694803902050567,0.10129264674719218
2020-03-31,-0.04972837442540745,-0.0020408163265306367,-0.034437825763216745,0.001218651786286884
2020-04-01,-0.040017590149516225,-0.05254050652823661,-0.032774243300559,-0.10813581037796283
2020-04-02,0.0190105359596886,0.016603021749958424,0.01973290811241757,-0.015586840971124727
2020-04-03,-0.04270622611822883,-0.014372039849746776,-0.009382329945269663,0.01422838380153224
2020-04-06,0.11575487203568913,0.08732394366197194,0.09569850039463312,0.09582733812949629
2020-04-07,0.0008417508417508657,-0.011581834806461577,-0.012245632991175981,-0.02376575630252109
2020-04-08,0.025862068965517127,0.025593586185630457,0.0495897903372835,0.0706792199058508
2020-04-09,-0.008403361344537785,0.007215874924834775,0.028313357651554627,0.03573896112053254
2020-04-13,0.05291442744935915,0.019552238805970124,-0.030405405405405483,-0.024135839902971634
2020-04-14,0.07832744405182579,0.05050505050505061,-0.0008710801393727596,0.07022122793934882
2020-04-15,0.0010922992900055384,-0.009057971014492794,-0.053705318221447196,-0.017884101730344937
2020-04-16,0.0356428441534824,0.007875123048797672,0.001105583195135429,0.01099680737850317
2020-04-17,-0.006145741878841093,-0.013534254220733954,0.01766979569298721,0.05812865497076025
2020-04-20,0.0065371024734981464,-0.02079207920792081,-0.038162416350153716,-0.016966950370288503
2020-04-21,-0.07109004739336489,-0.03091145457171751,-0.043437382474614594,-0.04413335582166744
2020-04-22,0.05668934240362811,0.028916380980771983,0.045999606840967155,0.03146688624867666
2020-04-23,-0.0003576537911302857,-0.003911342894393655,0.008269122345423652,0.0010264013229173141
2020-04-24,0.005008944543828386,0.028795811518324443,0.028890959925442772,0.027342637425234795
2020-04-27,0.00551797792808828,0.0007068136839130101,0.06358695652173907,0.011976711948987973
2020-04-28,-0.01734820322180919,-0.016245232377454566,0.0074944643161301006,-0.02849158950194508
2020-04-29,-0.03332732840929564,0.032883400344629665,0.0483516483516484,0.05972590378433251
2020-04-30,-0.023667536339917916,0.021131655776449376,0.014675052410901612,-0.004097924427887256
2020-05-01,-0.04790990647070048,-0.016065350578625015,-0.008423394787031135,-0.06535563511997
2020-05-04,0.053728949478748955,0.014113740141137532,-0.021798365122615793,0.01658090337335616
2020-05-05,-0.0070395738203957725,0.015008868877063541,0.005898738325413655,0.015129358830146211
2020-05-06,-0.0005748227629814862,0.010350853609355948,-0.013845903241570312,0.0040999501357414925
2020-05-07,-0.004026073619631809,0.010377860564129815,0.026428807400066034,0.015284445180157924
2020-05-08,0.023869104908565753,0.020937582301817192,0.0534277438043127,0.0015760869565217828
2020-05-11,0.04794134235758607,0.015735844189346038,-0.018637335777574093,0.0005968853437516852
2020-05-12,-0.035522066738428504,-0.011428571428571455,-0.03844956413449552,-0.018600867678958855
2020-05-13,-0.02938988095238093,-0.012074502247912622,-0.020883924235065687,-0.02271094656572903
2020-05-14,0.04465312380222297,0.006241060980366697,0.015707671957672087,0.0057107316521542995
2020-05-15,-0.0056870299027700355,-0.005943920403152836,0.003744098974442389,0.016022938100860085
2020-05-18,0.007195571955719515,0.02352788249057558,0.06941290950373014,0.051903497122620657
2020-05-19,0.01612016852903464,-0.005842011684023318,-0.0024264482863208814,0.024250394529195196
2020-05-20,0.016585541734270848,0.019545222278998464,0.030404378230465268,0.009912177083868157
2020-05-21,-0.030856534846604,-0.007517854905400467,-0.008704632634995657,-0.00961147274206664
2020-05-22,0.009515096065873863,0.006438580987249143,-0.010120553653817477,0.005288831835686736
2020-05-26,-0.03588907014681897,-0.0067737079779226494,0.05728461885430747,0.01915415262028808
2020-05-27,-0.008460236886632777,0.004420308158625819,0.010381114903299293,0.0014032977497118182
2020-05-28,-0.018960940462646958,0.0003772161448509781,-0.04517945109078103,0.01411340773735037
2020-05-29,0.03981445689988394,-0.0010055304172951196,0.01827830188679247,0.03824705127572425
2020-06-01,-0.0031598513011151796,0.012330145948666216,0.00810654313839021,0.04235193459454312
2020-06-02,-0.001678165206041471,0.004598558289833576,0.013067202757036211,-0.0009120342924893166
2020-06-03,-0.015128875607022807,0.005567239886181019,0.04223954642097816,0.033319640330457645
2020-06-04,-0.00189645363170865,-0.008612204724409489,0.0035359717122263046,-0.005256415919431046
2020-06-05,0.008930267908037193,0.02854306279473806,0.031034015449247665,0.037788632326820615
2020-06-08,-0.0024482109227872417,0.005791505791505891,0.014721345951629994,-0.0008557614137179037
2020-06-09,0.0645648480271852,0.031669865642994344,-0.03601036269430058,0.002740781979358564
2020-06-10,0.018620322752260998,0.0256976744186046,-0.0358774522977694,0.010420670510356667
2020-06-11,-0.08025766016713087,-0.0480671125722707,-0.08864111498257843,-0.07392535610127227
2020-06-12,0.012682188150672014,0.008693581040847942,0.012387215170515331,0.01761752624372437
2020-06-15,0.022056074766355183,0.012396694214876103,0.005589123867069334,0.02709006099748823
2020-06-16,-0.004023408924652472,0.026472303206997116,0.015772870662460692,0.05209606986899562
2020-06-17,0.0016525890561880363,-0.0013633265167006803,-0.014640638864241495,-0.016145768480471556
2020-06-18,-0.009349220898258404,0.0003412969283276279,-0.012606933813597343,0.004345258184272671
2020-06-19,0.003515914137675713,-0.005686341407938111,0.0068399452804375205,-0.0010501113117989958
2020-06-22,0.009773188272174105,0.026192382477410403,0.019474637681159424,0.01286687410646703
2020-06-23,-0.014061358655953149,0.021288452964779214,-0.0019250703391084922,0.0030720690800398742
2020-06-24,-0.029635117614373097,-0.017570664629488197,-0.038427299703264195,-0.03385481334326634
2020-06-25,-0.008780301584271788,0.013219284603421366,0.008486344699891957,0.0044122686771761455
2020-06-26,-0.035239745811669554,-0.03069838833461236,-0.003059975520195879,-0.0073783426451144996
2020-06-29,0.00359281437125758,0.022961203483768733,0.034683855125844154,-0.002449084815674185
2020-06-30,0.04634049323786793,0.008403361344537785,0.01883714031444672,0.030236464659516793
2020-07-01,-0.0005702337958563009,-0.0018640350877192624,-0.04032610278060844,0.00848697688030442
2020-07-02,-0.004564473183719997,0.0,0.00834344660194164,-0.0044357847607992
2020-07-06,0.02025219717233462,0.026694496319894512,0.01835414472694441,0.0175307099729336
2020-07-07,-0.008801498127340768,-0.0031029317355016905,-0.024228098685182498,-0.022180389589130822
2020-07-08,0.009446438692612968,0.023290758827948954,0.009084027252081794,0.02075834937641252
2020-07-09,0.07168257533221034,0.0035661841829242036,-0.006151537884471314,0.017630176301763
2020-07-10,-0.024100593782745316,0.0025083612040133207,-0.0018115942028984477,-0.01595487510072513
2020-07-13,-0.04098067287043661,-0.004587155963302725,-0.01164549304295237,-0.050687848018342585
2020-07-14,0.021086023511849072,0.01654796816087134,0.015149196633511997,0.011817476063141541
2020-07-15,0.011330409356725246,0.006799917576756576,0.021555622550497366,0.004177323103154329
2020-07-16,-0.007589447054571763,-0.012279983626688473,-0.0013280212483398612,-0.006579505900331184
2020-07-17,0.002184996358339353,-0.0019685039370078705,0.005319148936170137,0.01568175020296536
2020-07-20,0.04396802325581395,0.021073393543029173,-0.007054673721340499,0.03508624316365161
2020-07-21,-0.00800556909154193,-0.013826758845058906,-0.006068679692125434,-0.02580881157535353
2020-07-22,0.08403508771929813,0.0027835051546392098,0.00699925539836177,0.004380658350369382
2020-07-23,-0.0359281437125748,-0.0455433329906445,0.017598343685300222,-0.01412312037883201
2020-07-24,0.16501594762464333,-0.0024773804394657706,-0.021217846243278715,-0.018791606977332176
2020-07-27,-0.006195965417867488,0.023755533959615605,0.02568671121009647,0.029242528340776452
2020-07-28,-0.01971871828331162,-0.016453960552684332,-0.02996525767226399,-0.021319203971796874
2020-07-29,0.1254252329537051,0.01919571045576407,0.02522011640053723,0.01717964020803131
2020-07-30,0.02773031935865422,0.01210016835016825,0.014410480349345,-0.010519257365575685
2020-07-31,-0.009846547314577903,0.1046886370724609,0.02769407375520161,0.0013977128335451727
2020-08-03,0.0030995738086012636,0.0252211556559383,0.012845573862049653,0.012900224167829766
2020-08-04,0.09488863138921078,0.006700936295208404,0.01571546732837059,0.0017537998997829707
2020-08-05,0.003174976481655545,0.0035561229141971573,0.015336590662323513,0.013755731554814465
2020-08-06,0.016410737310983414,0.034890059967290554,-0.0021387515038095994,0.0015213815789474339
2020-08-07,-0.021450813055010953,-0.02449517120280953,-0.006028131279303461,-0.03009401814673396
2020-08-10,-0.030760164997053585,0.014580145801458055,0.004716981132075304,-0.01845580765323407
2020-08-11,-0.06517509727626458,-0.029717022975250695,0.023340040241448756,-0.013325858202518526
2020-08-12,0.07453173777315292,0.03318705430608904,0.001441866561803673,0.01215088072031123
2020-08-13,-0.009320905459387463,0.01769754888947883,-0.005628272251309019,0.02858746815217872
2020-08-14,-0.006598240469208316,-0.0008694896095992055,-0.0019744636040542884,-0.016121583609723378
2020-08-17,0.01377613776137765,-0.0026107388390914643,0.009100501187021992,0.019842116492425843
2020-08-18,-0.00922106284882318,0.008288980019195646,-0.011763168213305475,0.015439330543933094
2020-08-19,-0.0069801616458485816,0.0012980269989615323,0.006877397169686494,-0.0052330133091599285
2020-08-20,0.020717721050684368,0.02221069916169749,-0.017207408380402023,0.03201888824455312
2020-08-21,0.012564938987555951,0.051487994589110686,0.005880780539962771,-0.0035320088300220265
2020-08-24,-0.008710177783080808,0.011980381120848982,0.025511559925591287,0.014218391267571517
2020-08-25,0.03935965334617242,-0.008183696170347976,-0.0066079295154185536,0.001747418586179439
2020-08-26,-0.003821656050955413,0.013538412240647224,-0.0001304291117778522,-0.015976847446875997
2020-08-27,-0.025807951639153726,-0.011934871957002824,-0.002217584137751083,-0.020547117360299683
2020-08-28,0.020883054892601338,-0.001599872010239256,0.018433782193751025,0.01760519929250126
2020-08-31,0.06160140268848613,0.033891515102956404,0.008472400513478862,-0.006831318970047295
2020-09-01,0.014974675181678165,0.03983261004339744,0.0014002036659876982,0.03178673178673175
2020-09-02,-0.021262746799739718,-0.020718437919213017,0.035337485699758586,0.030925801743520998
2020-09-03,-0.08512524939037902,-0.08006088280060886,-0.03462246777163913,-0.07369427970154974
2020-09-04,-0.006421129149503324,0.0006618133686300265,-0.00864809869006733,-0.03391300755917226
2020-09-08,-0.040482867942933876,-0.0672949735449736,-0.028479794740218112,-0.04070463485548137
2020-09-09,0.04092006608209431,0.039886544938840585,0.03552092961838116,0.037528971296131086
2020-09-10,-0.03577096813575864,-0.03264575519945445,-0.009053812802856553,-0.019675229830741547
2020-09-11,-0.03342618384401119,-0.013128910036126484,0.015828078754343222,-0.0031551270815074473
2020-09-14,0.020434896515588274,0.030000000000000027,0.013301241449201973,0.010330578512396826
2020-09-15,0.013222079589217062,0.0015603328710125375,0.006375796974621872,0.026280294130444304
2020-09-16,-0.028759660458634317,-0.029513588367664934,-0.004720496894409898,-0.02166447619451395
2020-09-17,-0.0014349073832506942,-0.015963613662712817,-0.003869196205691483,-0.016423990292945057
2020-09-18,-0.02116263879817104,-0.03172013775602678,0.0005011903270266682,-0.008106798255276049
2020-09-21,0.040170826104363844,0.030325720703856085,-0.03481527864746403,0.01114911384533368
2020-09-22,-0.003079291762894454,0.015715843023255793,0.01310496950823925,0.008434370057986307
2020-09-23,-0.038223938223938214,-0.0419461586620159,-0.013191598360655754,-0.0334988673985015
2020-09-24,0.014585842365850255,0.01026885735623595,0.005321219987021397,-0.00410150087889305
2020-09-25,0.029543656027433585,0.03751617076326008,0.006713142266976613,0.030955829109341026
2020-09-28,0.01819113502434022,0.02386889918061974,0.02077455757886626,0.01909569798068489
2020-09-29,0.028812279818822173,-0.007567849686847539,-0.013316582914572717,0.0033168210208915916
2020-09-30,0.0026904732787085273,0.015075817337189878,0.0015278838808250317,-0.008200240425897287
2020-10-01,0.0350042688132699,0.008462136257663344,0.004576659038901587,0.012770009956279083
2020-10-02,-0.03605939193966534,-0.032280160972686156,0.004049607694254664,-0.0359035732603864
2020-10-05,0.05317848410757953,0.03079101044062993,0.0296193597176706,0.014940592303599898
2020-10-06,-0.019384793964016267,-0.028669527896995728,0.003917248133186613,-0.004018695671165973
2020-10-07,0.026160037878787845,0.016967126193001114,0.0295085965126205,0.021928862769176716
2020-10-08,-0.0020763640558310037,-0.0009558567952728803,-0.00923842236171979,0.005579159692717051
2020-10-09,-0.03941740839209351,0.017395842393667982,-0.002390914524805776,0.01361444240536036
2020-10-12,0.014320096269554883,0.06352056082756263,0.005751947273816782,0.019452631578947388
2020-10-13,0.01174516550005933,-0.026527331189710734,-0.005123317049922638,0.008136461258879901
2020-10-14,-0.012546904315197116,0.0007431874483898593,0.0008383233532933687,0.010692777254291297
2020-10-15,-0.01282508015675099,-0.003960722831916841,0.007777910733516968,0.02160518848804216
2020-10-16,0.00048117406471792634,-0.01400049705906714,-0.00047494656851099215,0.03150418600960214
2020-10-19,-0.014067572441986309,-0.0255419257267685,-0.005702066999287325,-0.00011539793053061409
2020-10-20,-0.00536585365853659,0.013191929643041833,0.0005973715651135247,-0.010002308224975054
2020-10-21,-0.02893575282000982,-0.0054463449919155416,-0.012059701492537322,-0.012940079272557692
2020-10-22,0.002777777777777768,-0.009583297681184266,0.015832729030698545,-0.004921066099759841
2020-10-23,0.0319818685469655,-0.006133909287256989,-0.006662700773349184,0.006567494856781098
2020-10-26,0.0032942898975110158,8.692628650885936e-05,-0.03748951970295844,-0.020792390535335215
2020-10-27,-0.0407393895172079,0.013472403302911662,-0.010204081632652962,0.005900533857825296
2020-10-28,-0.03144016227180513,-0.046312178387650005,-0.037591149107367494,-0.051795690343176326
2020-10-29,0.021204188481675157,0.03705035971223003,0.01241018941868055,0.021967847824257314
2020-10-30,-0.03499102794155329,-0.05601803676725625,0.005032258064516126,-0.030060945478504464
2020-11-02,-0.007836366051268473,-0.0008267499540695056,0.024521761458466962,0.022076929608559226
2020-11-03,0.025167336010709418,0.015353498207226313,0.017293233082706916,0.031444712137575825
2020-11-04,0.062287803604074155,0.04083665338645415,-0.0017245627001725161,-0.009745882163424868
2020-11-05,0.020282728948985973,0.03549369290996074,0.03677196446199393,0.040790597421611396
2020-11-06,0.03469879518072294,-0.002856422750567078,0.009045465365389305,0.013637074085651957
2020-11-09,-0.03213786679087083,-0.01996798382340559,0.011323425336164039,0.012335684823252757
2020-11-10,-0.06171799807507228,-0.0030089408528197747,-0.006881268952647401,-0.05860401355622413
2020-11-11,0.04218489549942306,0.030352677416573215,0.014327657075748679,-0.0017393414772267635
2020-11-12,0.006889763779527547,-0.0023432923257176164,-0.01829338890818566,-0.004376190283236658
2020-11-13,-0.005009775171065489,0.0004194279003439938,0.026064394386130285,0.021529445281022408
2020-11-16,0.028245118506692757,0.008720442730169253,0.01264367816091938,-0.008804780876494056
2020-11-17,-0.004418965723157808,-0.0075644222776392045,0.0019296254256526701,0.015756260299851332
2020-11-18,-0.009836852207293578,-0.01139123879721915,-0.00860994675427651,-0.0019389814411776563
2020-11-19,0.03634601405379212,0.005168177581970745,0.010627356873500027,0.01847593370866707
2020-11-20,-0.010521393500116938,-0.010957518543492917,0.004409769335142366,-0.007746807848022508
2020-11-23,0.007915879017013294,-0.02974262825975804,0.013396375098502666,0.00925889599435048
2020-11-24,-0.002813269253311601,0.011594202898550732,0.04210175516551895,0.006686103012633726
2020-11-25,0.019278241448219102,0.007467222366935866,-0.011406033471911381,0.0473800054060316
2020-11-27,0.005535693691615773,0.004826338016030274,0.0029113651067502744,0.005788231824214618
2020-11-30,0.06273655235692166,0.021099579723818485,-0.014622083646919637,0.027198416480334275
2020-12-01,-0.0003237642995899126,0.030827383452330936,0.011238406983087756,-0.003996716982478721
2020-12-02,0.011983158803843263,0.002933507170795213,0.010466119982736277,-0.007344774461681802
2020-12-03,-0.015254960529123007,-0.0011374715632109789,0.0077949813134008394,0.0008301450949252942
2020-12-04,0.018741198136713377,-0.005612493899463167,0.02013138376774748,0.0025604962313823254
2020-12-07,0.00031901318587812533,0.012269938650306678,0.0061279601163273245,0.010071942446043147
2020-12-08,-0.012224938875305513,0.005090909090909035,-0.007845566222772882,0.01274928774928763
2020-12-09,-0.0332544123977615,-0.0209036822640295,-0.012069503693684314,-0.017441451578873224
2020-12-10,0.020371813425358987,0.011988832320578124,0.008109531332280095,0.0062271848829718035
2020-12-11,-0.00010909884355214672,-0.006734826355079493,0.0008357709987463213,-0.005263906672357432
2020-12-14,0.0341516639388979,-0.005146638346540278,-0.007515657620041694,0.030928203661327203
2020-12-15,0.024688752901456112,0.050090326818853725,0.03281447202355925,-0.002774598550272289
2020-12-16,-0.002780065897858397,-0.0005473881764153088,-0.0015274949083503575,0.016137446527318966
2020-12-17,-0.00010325245224562796,0.006963461387997638,0.011728709841917428,0.017729404114043223
2020-12-18,-0.00950020652622885,-0.015850815850815825,-0.01350806451612907,0.025727257440726348
2020-12-21,-0.02804420350291903,0.012395389231012022,-0.01134273451870016,-0.013508196721311538
2020-12-22,-0.000750831277485875,0.02846447789128903,-0.009198966408268783,0.009904280776389385
2020-12-23,-0.017282095319879787,-0.006976038823172437,0.00792822866680587,-0.01211084051865996
2020-12-24,0.0028399781540142666,0.007712278558338337,0.0051749120264954485,0.0040309147844626025
2020-12-28,-0.0022873325345823536,0.03576570432674098,0.004015650741350907,-0.005773250605527802
2020-12-29,-0.01069868995633172,-0.013314799912210074,-0.014254948210439933,-0.005139329217420219
2020-12-30,0.01842860295740456,-0.008526729443167569,0.008426966292134797,0.004360806413739926
2020-12-31,-0.006284537869758466,-0.00770266227938976,0.003817187661198762,0.019805617714838908
