Date,00138001,00107801,00141402,00116101
2015-01-02,0.00433486859929566,-0.0026654820079965447,-0.007556210836712096,0.0074906367041198685
2015-01-05,-0.04842190450499062,0.0002227171492203972,-0.019684308263695494,-0.011152416356877248
2015-01-06,-0.015450035435861098,-0.011356045424181671,-0.024057586664140818,-0.011278195488721887
2015-01-07,-0.0023034840195795825,0.008108108108108025,0.0019409937888197337,-0.019011406844106404
2015-01-08,0.03001443001443005,0.020554066130473725,0.020728399845021395,0.011627906976744207
2015-01-09,-0.0036424768842812094,-0.010507880910682998,-0.01385462137027893,0.00766283524904221
2015-01-12,-0.03782339707536553,0.008407079646017612,-0.011739799846035348,0.0
2015-01-13,-0.010813970480783364,-0.02128126371215444,-0.00019474196689384105,0.011406844106463865
2015-01-14,0.022898507903678533,-0.007397444519166019,-0.019867549668874274,-0.011278195488721887
2015-01-15,-0.01906412478336217,-0.007452574525745215,-0.012321144674085849,-0.041825095057034134
2015-01-16,0.030918727915194344,0.012286689419795271,0.023943661971830954,-0.051587301587301515
2015-01-20,-0.006426735218509005,-0.006068779501011479,-0.01375515818431916,-0.06276150627615062
2015-01-21,0.026448181687509065,-0.0036182722749885654,-0.001793185893604221,0.09375
2015-01-22,0.009242403024786405,0.009759418974126133,0.03073852295409174,0.008163265306122547
2015-01-23,-0.017205494657971387,-0.014160485502360154,-0.010069713400464808,-0.0080971659919028
2015-01-26,0.01157701538895961,0.006611947104423255,0.008411580594679169,0.06530612244897949
2015-01-27,-0.000558269364968722,-0.010645526613816458,-0.007759456838021261,0.034482758620689724
2015-01-28,-0.07806172322301363,-0.00618131868131877,-0.01915933528836744,-0.02592592592592602
2015-01-29,-0.004847016055740561,0.042616908546417864,0.01993223041658365,-0.0076045627376425395
2015-01-30,0.027245053272450415,-0.011047282368537359,-0.029900332225913595,-0.01532567049808431
2015-02-02,0.03837605571195746,0.01050044682752449,0.025382755842062732,0.03891050583657596
2015-02-03,0.037100456621004696,0.013265531726730062,0.026915520628683742,0.033707865168539186
2015-02-04,-0.009218492019812952,-0.014401047348898022,0.0024870862827623963,0.03260869565217406
2015-02-05,0.01610887376753234,0.010626522027894492,0.012022900763358768,0.16140350877192988
2015-02-06,-0.0027333606669400767,-0.003285870755750264,0.013577220441259641,-0.08459214501510581
2015-02-09,0.011100452240646819,-0.021538461538461506,-0.02679069767441855,0.0033003300330034513
2015-02-10,-0.013418270534020005,0.008984725965857976,0.03785127126744392,0.0
2015-02-11,0.00013738150844888608,0.0002226179875333134,0.004420703628660982,0.009868421052631415
2015-02-12,0.026236263736263643,0.006454484754061962,0.00018338529249950497,0.016286644951140072
2015-02-13,0.028376388702984867,0.01923927465723141,0.010084341767510052,0.009615384615384581
2015-02-17,0.00663803201874269,0.00694293773052701,-0.006534761299691549,-0.012698412698412764
2015-02-18,-0.003103180760279378,0.0,-0.012790060295998495,-0.009646302250803762
2015-02-19,-0.008041504539558875,0.004309416074121941,-0.004441976679622428,-0.006493506493506551
2015-02-20,-0.0023535564853557345,0.01866552242008157,-0.00539133667968017,0.0
2015-02-23,-0.005635648754914735,-0.0033698399326030914,-0.017757009345794494,0.0
2015-02-24,0.008171872940555991,0.003169907016060902,-0.0009514747859181716,0.016339869281045694
2015-02-25,0.0020917767028372225,-0.0014746155466610622,-0.0007619047619047414,-0.003215434083601254
2015-02-26,-0.01591650358773644,0.004430379746835467,0.008577964163171803,-0.006451612903225823
2015-02-27,-0.0046400636351585645,-0.005040957781978661,-0.003213003213003107,0.009740259740259605
2015-03-02,-0.012919552477357432,-0.0031665611146294292,0.0073947667804323824,0.032154340836012985
2015-03-03,0.005127513156119257,-0.002753070732740226,-0.0041407867494824835,-0.02180685358255452
2015-03-04,0.004698617264062399,-0.0016988744956467627,-0.013797013797013702,-0.02866242038216571
2015-03-05,-0.017904863709246488,0.009146990002127264,-0.0021080873898045027,-0.022950819672131084
2015-03-06,-0.028707482993197253,-0.01981450252951089,-0.004609179950067266,-0.020134228187919434
2015-03-09,-0.013587337162067503,0.007096774193548372,-0.0019293845263361753,0.0034246575342467
2015-03-10,-0.01675660323771666,-0.014093529788597015,-0.018364585346993922,-0.0034129692832765013
2015-03-11,0.005199306759098743,0.002815681178254259,0.007877116975187004,-0.0273972602739726
2015-03-12,-0.011925287356321812,0.02051835853131756,0.015631105900742348,-0.028169014084507116
2015-03-13,0.0033444816053511683,-0.007830687830687744,-0.01808387841477488,-0.0036231884057970065
2015-03-16,0.0047826086956521685,0.02026450511945388,0.01155956112852663,0.0036363636363636598
2015-03-17,-0.01153901629886045,-0.015471461425883182,-0.002130544257214817,0.0036231884057971175
2015-03-18,0.018094265285276467,0.006370779358674916,-0.010287267080745344,-0.0072202166064981865
2015-03-19,-0.03396875447900227,0.001055074910318643,-0.02373014316532651,-0.0036363636363635488
2015-03-20,0.013946587537091881,0.000632377740303669,0.027320208919244582,0.021897810218977964
2015-03-23,-0.007609013754755756,0.0,0.011145874071177175,0.014285714285714235
2015-03-24,0.0038336773813034686,-0.00990099009900991,-0.005414813382324524,-0.017605633802816878
2015-03-25,0.014982373678025684,-0.010000000000000009,-0.01108302547151474,-0.057347670250896154
2015-03-26,-0.0028943560057885787,-0.0006447453255964408,0.002752654345261618,0.0076045627376426506
2015-03-27,-0.022206095791001412,0.006021505376344161,-0.010588235294117676,0.026415094339622858
2015-03-30,0.017663648508237983,0.00641299700726794,0.013674197384066611,-0.007352941176470562
2015-03-31,-0.010064177362893778,-0.015930331350892057,-0.004887585532746819,-0.007407407407407418
2015-04-01,0.019301606011492556,-0.009497086121303622,-0.0029469548133594925,0.003731343283581934
2015-04-02,0.00028910089621270174,0.005229897581172427,-0.006502463054187113,0.0
2015-04-06,0.048121387283236894,0.0036852373726423693,-0.00852836176120586,0.003717472118959231
2015-04-07,-0.0024817316972288728,-0.002375809935205142,-0.006801360272054469,0.0
2015-04-08,-0.006910850034554272,0.00909287724615715,0.011883182275931548,0.0037037037037035425
2015-04-09,0.007376478775226181,0.008367303153829608,-0.0005971337579617764,0.0036900369003691758
2015-04-10,0.010223818734457213,0.0031914893617019935,-0.039036048595897266,0.014705882352941124
2015-04-13,-0.005470459518599591,-0.013149522799575819,-0.007875647668393881,0.007246376811594235
2015-04-14,0.026265126512651227,0.003653556845046202,0.019218717359515303,-0.03956834532374098
2015-04-15,0.04636205279378269,0.002783725910064039,0.024595203935232623,0.011235955056179803
2015-04-16,-0.0008964015879114884,-0.006619688234037913,-0.02620524104820965,0.06296296296296289
2015-04-17,-0.007177646757241751,-0.005803955288048224,-0.016023007395234212,-0.10104529616724744
2015-04-20,0.0028401755744902335,0.008216216216216266,0.01586638830897691,-0.03488372093023251
2015-04-21,-0.035272914521112364,0.010508256487239853,-0.00226058364159476,-0.05622489959839361
2015-04-22,0.004536962903656239,0.02610356536502545,-0.0138002059732234,-0.029787234042553346
2015-04-23,0.006907545164718254,0.002275077559462213,-0.002088554720133695,0.021929824561403688
2015-04-24,-0.007783641160949872,-0.0028889806025588216,-0.0023022185014650587,-0.012875536480686844
2015-04-27,0.00013296104241455886,-0.01717715231788075,-0.020348227396685514,0.01739130434782621
2015-04-28,0.020340335017282607,0.0021057064645189083,0.017130620985010614,-0.012820512820512775
2015-04-29,0.01589576547231264,-0.008825383483925253,0.0008421052631579773,-0.012987012987013102
2015-04-30,-0.01372322688213412,-0.015899936400254444,-0.027766091712242313,-0.00877192982456143
2015-05-01,-0.014564369310793301,0.005816458423093307,0.005625270445694497,0.02212389380530988
2015-05-04,-0.014383742412246048,0.0066395373741701125,-0.00043029259896720795,0.0
2015-05-05,-0.010577051814165128,-0.0031914893617021045,-0.013990529487731385,-0.012987012987013102
2015-05-06,0.007713125845737467,-0.006616862326574213,0.010696354507749195,0.004385964912280826
2015-05-07,-0.013562508392641393,-0.0008594757198109315,-0.005615550755939447,0.013100436681222627
2015-05-08,0.011979308467193084,0.023010752688171987,0.009774109470026104,-0.004310344827586077
2015-05-11,-0.03564702717245094,-0.0050451965524490605,-0.002151000215100063,0.0043290043290042934
2015-05-12,-0.0026502999023573226,-0.004225649693640254,0.002155636990730736,0.012931034482758674
2015-05-13,-0.0174825174825175,-0.0021217907914280465,0.001075500107549976,0.008510638297872353
2015-05-14,-0.011957295373665522,0.034871358707208255,0.004941985388912773,-0.016877637130801704
2015-05-15,0.0036017864860971027,0.0008218615163344545,-0.01838785546290367,-0.0042918454935623185
2015-05-18,-0.011053689348262896,0.0026688564976391493,0.007405793944674333,0.012931034482758674
2015-05-19,-0.017273914936855816,0.0034807534807532736,-0.011027027027026959,-0.029787234042553346
2015-05-20,0.02732644017725261,0.0026525198938993633,0.003498032356799241,0.01754385964912286
2015-05-21,0.005607476635514086,0.0040700040700041296,-0.005010893246187309,-0.017241379310344862
2015-05-22,-0.013154132113239903,-0.0062829347385489065,-0.008539522662579402,0.0
2015-05-26,-0.024775427412344175,-0.008770140730165243,-0.011042402826855091,-0.02631578947368407
2015-05-27,-0.0013370970138166793,0.008436213991769526,0.013398838767306964,0.02702702702702675
2015-05-28,0.0010413567390659129,0.005100999795959904,-0.007933010136624064,-0.004385964912280604
2015-05-29,0.003418041313716591,-0.013398294762484664,-0.0175477565526434,0.004405286343612147
2015-06-01,-0.011255924170615939,0.00699588477366242,-0.008817544652950371,-0.013157894736842035
2015-06-02,0.007938885560215825,0.0,0.007071167883211604,0.022222222222222143
2015-06-03,-0.007876356070738555,-0.001634654679198988,0.007248018120045385,-0.008695652173913104
2015-06-04,-0.008837627321749641,-0.003683995088006542,-0.013492241960872509,0.021929824561403688
2015-06-05,-0.0013601329907814153,-0.004724732949876631,0.010029633006610528,0.0
2015-06-08,-0.01649515738498797,-0.0002063983488133081,0.0,-0.008583690987124526
2015-06-09,0.008924449915371557,-0.005367464905037145,0.004062288422477911,-0.008658008658008698
2015-06-10,0.0010675613847797027,0.006641760066417701,0.028770510227017265,0.013100436681222627
2015-06-11,0.048598415600243694,0.011546391752577323,-0.006991479134804468,0.0
2015-06-12,-0.01699840185965429,-0.00794944965348554,-0.0011001100110011874,-0.004310344827586077
2015-06-15,-0.004877327815548282,-0.012327922745017483,-0.003964757709251088,0.0043290043290042934
2015-06-16,0.030744096242388386,0.008529228208862039,0.01901813356921722,0.012931034482758674
2015-06-17,0.0015850144092219853,0.0018564356435644136,0.01736111111111116,0.051063829787234116
2015-06-18,-0.0028772838440512816,0.02820671196211655,0.004052901023890776,0.020242914979756943
2015-06-19,-0.009666714759774986,-0.001001201441729993,-0.008922880815806278,0.023809523809523725
2015-06-22,0.004370629370629375,0.002806173581880067,0.0006430868167202064,0.015503875968992276
2015-06-23,0.01871192341166239,-0.002998201079352336,0.006855184233076184,-0.003816793893129833
2015-06-24,-0.01509326498647301,-0.0076182838813152465,-0.006170212765957417,0.003831417624521105
2015-06-25,-0.016481133439352313,-0.0034343434343434565,-0.0004281738385785161,-0.01526717557251911
2015-06-26,0.005879758929884016,0.012973849584431374,0.006853715999143306,-0.04263565891472865
2015-06-29,-0.021335671489113084,-0.01921152691614969,-0.029142735588172708,-0.052631578947368585
2015-06-30,-0.0013438853217859759,0.0014282799428688708,0.0010955302366344455,0.025641025641025772
2015-07-01,-0.02183014354066981,0.00896495517522422,0.0,0.008333333333333304
2015-07-02,0.004432895139101056,-0.0022213247172860884,-0.010286714817246634,0.045454545454545414
2015-07-06,-0.01978389894993149,0.006678809957498588,-0.021008403361344463,-0.02371541501976271
2015-07-07,0.009936345287998805,0.009449135504624007,-0.008583690987124526,-0.15384615384615397
2015-07-08,-0.010453497309761639,-0.0191196972714599,-0.03645477329687863,-0.03827751196172258
2015-07-09,0.004349852415721722,-0.0012182741116751883,0.00307401276897612,-0.01492537313432829
2015-07-10,-0.0047950502706883835,0.015043708070746176,-0.0047147571900048035,-0.010101010101010055
2015-07-13,-0.005595275101025865,-0.004205888243540956,0.0085267645665561,0.0
2015-07-14,0.009221631759924964,0.0096540627514079,0.028417097228745858,0.04591836734693877
2015-07-15,-0.023540343812916142,-0.017729083665338652,0.046814341173784024,-0.04390243902439017
2015-07-16,-0.0058683584456780125,0.009328736564591322,0.00654450261780104,-0.04591836734693866
2015-07-17,-0.020102105934907466,0.0026120152702431287,-0.00628521889900302,-0.042780748663101664
2015-07-20,-0.029632041680234478,0.0032064128256514834,-0.018756815703380614,0.005586592178770999
2015-07-21,-0.007046979865771852,-0.005992808629644464,0.0015559013114025966,0.0
2015-07-22,-0.0030415680973301384,0.024517684887459756,-0.009542831779849048,-0.005555555555555536
2015-07-23,0.004745762711864332,0.004315417810906386,-0.015460452610351894,-0.016759776536312887
2015-07-24,-0.013326585695006776,-0.002929687500000111,0.010013654984069253,-0.051136363636363646
2015-07-27,-0.013848521114720458,-0.0070519098922624535,-0.008787742226228024,-0.029940119760478945
2015-07-28,0.03415395284327327,0.0049319392385085425,0.015003409865878448,0.09259259259259256
2015-07-29,0.006538139145012556,0.002355712603062443,0.014781634938410004,0.10734463276836159
2015-07-30,0.004830113257828117,-0.0056795926361143945,0.004414036636503971,-0.015306122448979553
2015-07-31,-0.021879661859771304,-0.0015757337010046113,-0.006152493957372052,0.0
2015-08-03,-0.022199627181833548,-0.0037482738212665234,-0.0019898297590094094,0.13989637305699487
2015-08-04,-0.0025996533795494825,0.0001980198019801982,-0.001993797075764414,-0.03181818181818197
2015-08-05,-0.028323197219808804,-0.0005939417937042002,-0.010876803551609249,0.014084507042253724
2015-08-06,0.015915593705293274,-0.0031695721077653616,-0.07585278276481155,-0.02314814814814825
2015-08-07,-0.015666255940855467,-0.0041732909379967875,0.011170471102476931,-0.009478672985781977
2015-08-10,0.045064377682403345,0.010975853123128987,0.013208453410182397,-0.07655502392344493
2015-08-11,-0.009411362080766539,-0.005329648637978579,0.0,-0.015544041450777257
2015-08-12,0.02642943513560203,-0.005953562214725094,-0.008058781701824946,0.0
2015-08-13,-0.010602490743857329,-0.004991016170892371,-0.0014336917562725038,-0.05789473684210522
2015-08-14,0.00493281170267057,0.007825040128410787,0.01938262742282859,0.027932960893854775
2015-08-17,-0.005077860528097444,0.0029862631893291525,0.025821596244131495,-0.021739130434782594
2015-08-18,0.007315413405920346,0.0011909487892018955,0.015331807780320172,0.0
2015-08-19,-0.041884816753926746,-0.011895321173671536,0.012621140410187026,0.0
2015-08-20,-0.01745108408249596,-0.0262841091492777,-0.03093701313153796,-0.05555555555555558
2015-08-21,-0.013455328310010728,-0.028848135174119105,-0.012632062471290673,0.04705882352941182
2015-08-24,-0.07292234951809429,-0.07277742414597921,-0.026052570365201366,-0.016853932584269704
2015-08-25,-0.020400156924283985,-0.01830663615560646,-0.020539765942202082,-0.05142857142857149
2015-08-26,0.025630756908289865,0.025174825174825166,0.0331626432577421,0.03614457831325302
2015-08-27,0.08863725107379938,0.03774442928603916,-0.0018881283927306702,0.03488372093023262
2015-08-28,0.030487804878048808,0.008326029798422452,0.00023646252069031704,0.0393258426966292
2015-08-31,0.0346327880264532,-0.015862668405041358,0.004491725768321686,-0.021621621621621623
2015-09-01,-0.04003364171572754,-0.03797747847206889,-0.013414921157919535,-0.05524861878453047
2015-09-02,0.0077098300332925085,0.015377553362405427,0.013120229007633544,0.03508771929824572
2015-09-03,-0.0019127108328985676,-0.0022603978300180794,0.007770190722863113,0.011299435028248705
2015-09-04,-0.018292682926829174,-0.02424105120072495,-0.01378504672897185,0.016759776536312776
2015-09-08,0.0031943212067435667,0.02252147666589277,0.03577351338545354,0.03296703296703285
2015-09-09,-0.02848045285689016,-0.018392370572207106,0.01235132662397076,-0.015957446808510523
2015-09-10,-0.014930808448652577,-0.0025445292620864812,0.01016719385449627,-0.005405405405405461
2015-09-11,-0.02957486136783738,0.0067254174397031186,0.015656452695146372,0.09239130434782594
2015-09-14,-0.009904761904761972,-0.005528680027643285,-0.029068487117374864,-0.0945273631840795
2015-09-15,0.015582916506348576,0.014825110030113553,0.04581537763665211,0.0219780219780219
2015-09-16,0.035991665088084934,0.001141291942478917,0.0028193450444589097,0.016129032258064502
2015-09-17,-0.00164563905650017,0.008663930688554533,-0.013408304498270018,0.0
2015-09-18,-0.039743589743589824,-0.020569620253164667,-0.03485313459009198,-0.01058201058201047
2015-09-21,-0.0024794964714858203,-0.0006923609508423523,0.0034067681126503935,-0.03208556149732622
2015-09-22,-0.02198852772466542,-0.01893764434180134,-0.019013128112267963,-0.04419889502762431
2015-09-23,-0.02111436950146628,-0.006591337099811523,-0.007844946931241381,-0.017341040462427793
2015-09-24,-0.00039944078290399254,-0.006161137440758413,0.01023255813953483,0.0117647058823529
2015-09-25,0.004395604395604602,-0.025751072961373356,0.011970534069981609,-0.005813953488372103
2015-09-28,-0.039984085935946045,-0.044052863436123246,-0.01228389444949951,-0.0292397660818714
2015-09-29,0.00041442188147544634,0.01126472094214015,0.006218332565637974,0.006024096385542244
2015-09-30,0.036868268434134155,0.018227848101265876,0.0315861753261617,0.029940119760479167
2015-10-01,0.013783459848182078,0.013426156141223222,-0.001331262480585793,0.011627906976744207
2015-10-02,0.0579310344827586,0.015210991167811772,0.011775161075316731,0.051724137931034475
2015-10-05,0.0407897187558206,0.00024166263895586404,0.013833992094861802,-0.016393442622950838
2015-10-06,0.0518969219756622,-0.03624063783522591,0.014511587611002907,0.016666666666666607
2015-10-07,0.020415107179312608,0.018551015292053163,0.03095644748078552,0.016393442622950838
2015-10-08,0.04318106035345126,0.013044548363278174,0.0,0.037634408602150504
2015-10-09,-0.010548186031644646,0.017735665694849523,-0.008697452888796864,0.015544041450777257
2015-10-12,-0.028751413341947862,-0.007639054666985001,0.0056402757468143605,-0.04591836734693866
2015-10-13,0.002494595044071124,-0.01563627616069274,-0.013502285002077286,0.026737967914438387
2015-10-14,-0.0011612475116125065,-0.00488758553274693,-0.025268477574226234,0.015625
2015-10-15,0.020096329513369815,0.028241650294695386,0.005616763879887632,0.01025641025641022
2015-10-16,-0.006349723217193071,0.008359207069500885,-0.0010741138560687036,-0.015228426395939132
2015-10-19,-0.019826314927085087,-0.001657981999052538,-0.0027956989247311936,0.036082474226803996
2015-10-20,0.008859913072551073,-0.009727164887307183,-0.0012939400474443197,0.004975124378109541
2015-10-21,-0.02104391052195531,0.011020603737422086,-0.012740228892248018,0.03960396039603964
2015-10-22,0.034698713608666276,0.0308056872037914,0.020341207349081403,0.01904761904761898
2015-10-23,-0.004253230819564968,0.0022988505747125743,0.037942122186495286,0.032710280373831724
2015-10-26,-0.03548546081813697,0.0002293577981651307,-0.020033044196612892,-0.02714932126696834
2015-10-27,-0.030318514733435498,0.006191240541160381,-0.02023182297154902,0.0
2015-10-28,0.002459160372387137,0.020054694621695512,0.044095504409550346,0.013953488372093092
2015-10-29,-0.01629577711582264,0.01072386058981234,-0.008240626287597808,-0.022935779816513846
2015-10-30,0.0012468827930174342,-0.00972590627763048,-0.010594100540091356,-0.004694835680751019
2015-11-02,0.025084504536559304,0.014062500000000089,0.023934495066134875,0.03301886792452824
2015-11-03,0.04390836515098928,0.0017609509134932644,0.007176542956735643,0.041095890410958846
2015-11-04,0.0044887780548628076,-0.007251153592616966,-0.0016286644951140072,-0.0350877192982455
2015-11-05,0.029294935451837034,0.0,0.024673735725938117,0.0
2015-11-06,0.009165460684997573,0.009960159362549792,0.03621890547263673,-0.022727272727272818
2015-11-09,-0.0124282982791587,-0.012710935787858979,-0.017476473977338314,-0.018604651162790753
2015-11-10,0.013068731848983495,0.015760266370699272,0.011141516810007746,-0.04265402843601884
2015-11-11,-0.025959547698678143,-0.015078671328671245,-0.014111734003479537,0.024752475247524774
2015-11-12,-0.023544800523217724,-0.019525183048591188,-0.03941176470588237,-0.033816425120772875
2015-11-13,0.0006697923643670389,-0.005204797465489852,0.0006123698714024517,-0.0050000000000000044
2015-11-16,0.03480589022757696,0.020928116469517866,0.01815585475316195,0.0
2015-11-17,-0.028298835705045322,-0.002450980392156854,0.0018032458425165654,-0.005025125628140725
2015-11-18,0.017973040439341004,0.02300647755193186,0.017800000000000038,0.07070707070707072
2015-11-19,-0.017492234755599134,-0.0015283842794759916,-0.006288072312831572,0.009433962264151052
2015-11-20,-0.01930116472545762,0.006122895254756289,0.0003954913980621644,0.03738317757009346
2015-11-23,-0.0032236172378690142,-0.012388611171484487,-0.006918363312907738,0.0
2015-11-24,0.04442553191489362,0.00022007042253524567,0.009355095541401237,0.054054054054053946
2015-11-25,-0.00782268578878742,-0.0008800880088010166,0.007296391244330458,0.017094017094017033
2015-11-27,-0.02940210249671482,0.00022021581149545,0.0064604541895065815,-0.021008403361344463
2015-11-30,-0.0015231003553901612,-0.011008366358432387,-0.0033067496595992063,0.012875536480686511
2015-12-01,0.009322033898305104,0.012021371326803143,0.008782201405152179,-0.008474576271186418
2015-12-02,-0.047187237615449074,-0.005279366476022895,0.01760495260205075,-0.029914529914529808
2015-12-03,-0.020796616143813895,-0.023662096417514378,-0.012927756653992373,-0.017621145374449365
2015-12-04,-0.011879049676025932,0.026047565118912708,0.014445300462249566,0.022421524663676973
2015-12-07,-0.03460837887067392,0.005739514348785946,0.0,0.03508771929824572
2015-12-08,-0.01981132075471692,-0.00021949078138727707,-0.012340991076514096,0.01271186440677985
2015-12-09,0.00038498556304134013,-0.012952799121843994,-0.023452518262206956,-0.01673640167364021
2015-12-10,0.009813353857994978,0.007784697508896876,-0.011417322834645582,0.042553191489361764
2015-12-11,-0.0390625,-0.02096667402339447,-0.03703703703703698,-0.03673469387755113
2015-12-14,-0.006147134642078167,0.010144274120829744,-0.013854425144747773,-0.008474576271186418
2015-12-15,0.032122905027933024,0.01740682883284994,0.017194380373243945,0.008547008547008517
2015-12-16,-0.015658225401121162,0.010089932002631974,-0.009276437847866359,0.07627118644067798
2015-12-17,-0.03377847604084838,-0.0171552660152009,-0.010611735330836591,0.007874015748031482
2015-12-18,-0.014227642276422814,-0.03446752098983641,-0.03175604626708728,-0.04296875
2015-12-21,-0.02185567010309286,0.0077803203661326314,0.023457862728062606,0.03265306122448974
2015-12-22,0.021922428330522825,0.009990917347865613,0.0180390492359932,0.0948616600790515
2015-12-23,0.05754950495049527,0.01393884892086339,0.008963935793204092,0.02166064981949467
2015-12-24,-0.013653208503998537,0.0,0.013223140495867813,0.03180212014134276
2015-12-28,-0.031243820446905213,-0.0015521064301552423,-0.008768352365415955,0.027397260273972712
2015-12-29,0.00755256174729535,0.01754385964912286,0.0055544126722897325,0.0
2015-12-30,-0.024108589951377546,-0.01200349192492356,-0.012070376432078644,-0.00666666666666671
2015-12-31,0.006435540793024552,-0.007952286282306265,-0.02195071443363017,-0.03691275167785235
2016-01-04,-0.006188118811881083,-0.044088176352705344,-0.020114334109676002,-0.03484320557491294
2016-01-05,-0.0022831050228310223,-0.00023293733985552123,0.010587726879861759,-0.0072202166064981865
2016-01-06,-0.06240898689411278,-0.008387698042870428,-0.03656189865298265,-0.09090909090909094
2016-01-07,-0.032172176614155834,-0.023966165413533913,-0.03972481136262762,-0.08800000000000008
2016-01-08,-0.0009170105456212108,-0.020943668753009126,0.014559741160157014,-0.06140350877192968
2016-01-11,-0.04336851766865535,0.0014752889107449985,0.002961275626423676,0.09345794392523343
2016-01-12,-0.05013192612137196,0.017922906948195427,0.007040654099477628,0.021367521367521514
2016-01-13,-0.025505050505050475,-0.028461167390255615,-0.04082092918358149,-0.05857740585774063
2016-01-14,0.035501425239699236,0.020357497517378365,-0.00023512814483883648,-0.01777777777777778
2016-01-15,-0.03103103103103111,-0.013625304136253069,-0.013170272812794037,-0.08144796380090502
2016-01-19,-0.0565599173553718,-0.002713369511593511,0.0050047664442325335,-0.039408866995073843
2016-01-20,-0.03613468382151652,-0.011625030917635337,0.002371354043158691,-0.07692307692307687
2016-01-21,0.06844646407270649,-0.012012012012012074,-0.017269931393423366,0.16111111111111098
2016-01-22,0.018872939925571597,0.013931104356636359,0.05609051516610486,-0.03349282296650713
2016-01-25,-0.10305243934255137,-0.009243067699225671,-0.0426259402780943,0.04950495049504955
2016-01-26,0.012507271669575326,0.012607160867372569,0.036904761904761774,-0.02358490566037752
2016-01-27,0.05860384946854347,0.007719123505976144,-0.02112514351320305,0.02898550724637694
2016-01-28,0.09470827679782912,-0.0929083271559179,0.019235280319024106,-0.023474178403755763
2016-01-29,0.053544868616757446,0.03105420866248987,0.03590333716915994,0.05769230769230771
2016-02-01,-0.01741176470588235,0.01585204755614278,-0.01955121084203504,-0.027272727272727337
2016-02-02,-0.05747126436781602,-0.014824447334200297,-0.04758667573079545,-0.0700934579439253
2016-02-03,0.09222560975609762,0.0036958817317847004,-0.018796098025220087,0.04020100502512558
2016-02-04,0.011165387299371776,-0.00026301946344042815,0.025218234723569433,0.009661835748792313
2016-02-05,-0.1253738210259948,-0.015785319652723007,-0.003547776726584684,-0.05263157894736836
2016-02-08,0.02551288795370854,0.0013365410318098014,-0.01542843579397113,-0.025252525252525304
2016-02-09,-0.007437804565273098,-0.012279765082754968,-0.007473481195756859,-0.015544041450777257
2016-02-10,0.015245478036175708,0.005675675675675729,0.0038863249939276034,-0.03157894736842093
2016-02-11,-0.009162636803257795,-0.023380811609782226,-0.027582869586256997,0.010869565217391353
2016-02-12,0.03031081428204474,0.021739130434782483,-0.006469270962926044,-0.016129032258064502
2016-02-16,0.018199950137123055,0.02316186372205764,0.04182319058352113,0.0
2016-02-17,0.06439764936336911,0.01210844959199786,0.030048076923076872,0.0382513661202184
2016-02-18,-0.03220611916264082,-0.00364109232769827,-0.008168028004667427,0.0052631578947368585
2016-02-19,0.005704777751366796,0.005742625946228097,0.01529411764705868,0.0
2016-02-22,0.05365161900259974,0.016350895406176846,0.012977983777520352,0.05235602094240832
2016-02-23,-0.059668012561686745,-0.019662921348314488,-0.04186684969114618,-0.01990049751243772
2016-02-24,-0.005248091603053395,0.02109924459494672,0.010744985673352359,0.025380710659898442
2016-02-25,-0.0028776978417267562,0.010969387755102034,0.009922041105598911,0.004950495049504955
2016-02-26,0.035834535834535775,-0.0027756749936915792,0.009122807017543977,0.019704433497536922
2016-02-29,0.012305549106106373,-0.019736842105263164,-0.02202132591562367,0.0338164251207731
2016-03-01,0.016284403669724723,0.01522973670624661,0.02559848305285617,0.01869158878504673
2016-03-02,0.05890318212593093,0.0002542588354945696,-0.02495955627455526,0.06422018348623837
2016-03-03,0.023017902813299296,-0.013218098627351349,0.01635458639488041,0.06034482758620685
2016-03-04,0.008124999999999938,0.009273570324574987,0.011427238805969964,-0.03658536585365846
2016-03-07,0.018392229799545357,0.0,-0.00876181692414102,0.04219409282700415
2016-03-08,-0.051136363636363646,-0.0002552322613578184,-0.03605489648755533,-0.06882591093117418
2016-03-09,0.006843455945252375,0.002808271636456361,0.03643822393822416,-0.017391304347826098
2016-03-10,0.025276125743415534,-0.006364562118126305,-0.0006984866123399547,0.0
2016-03-11,0.061943235964367016,0.03433256469382506,0.04287045666356004,0.1150442477876108
2016-03-14,-0.02067889192352701,0.0032202130294773923,-0.007149240393208189,0.07936507936507953
2016-03-15,-0.0005976095617530319,-0.014814814814814836,-0.01642664266426641,-0.0845588235294118
2016-03-16,0.0330875024915287,0.007017543859649145,0.007092198581560405,0.056224899598393385
2016-03-17,0.02623962955817083,0.0027376804380288,0.010676965015901763,0.06463878326996197
2016-03-18,0.01334837375446507,0.012410027302059978,0.027871431782422906,0.046428571428571486
2016-03-21,-0.001113172541743923,-0.0007354743809757647,-0.012683140170566376,-0.04436860068259396
2016-03-22,-0.002600297176820199,0.006624141315014764,-0.009966777408637828,-0.0035714285714284477
2016-03-23,-0.03910614525139666,-0.0060931026078479,-0.016331096196868122,-0.03942652329749097
2016-03-24,0.009689922480620172,-0.0007356547327120877,-0.014327950875596906,0.041044776119402826
2016-03-28,-0.024184261036468313,0.0031901840490797806,0.01799723119520058,-0.0035842293906810374
2016-03-29,-0.008654602675059131,0.014432485322896094,0.022665457842248493,0.02877697841726623
2016-03-30,0.01130952380952377,0.004340487099107726,0.005319148936170359,0.0
2016-03-31,0.03296056503825784,0.004321728691476512,-0.018298059964726554,-0.0034965034965034336
2016-04-01,-0.011775878442545018,0.008606263447286544,-0.00516505726476546,-0.007017543859649145
2016-04-04,-0.02844512781087838,0.0030812988859920676,-0.01106094808126401,0.0
2016-04-05,0.014045499505440207,-0.006616257088846944,-0.020999771741611495,-0.024734982332155542
2016-04-06,0.053452984783456836,0.02402473834443386,0.06621590114245746,0.01449275362318847
2016-04-07,-0.020370370370370372,-0.010220673635307764,-0.05926087907281863,-0.05714285714285705
2016-04-08,0.029867674858222948,-0.00563248063834787,0.006508600650859897,0.037878787878787845
2016-04-11,0.004772393538913455,0.0025961765400046577,0.004618937644341958,0.007299270072992581
2016-04-12,0.04786262331019353,0.008003766478342778,0.04114942528735632,0.018115942028985588
2016-04-13,-0.013598326359832602,0.01237739374124236,0.03245749613601223,-0.003558718861210064
2016-04-14,0.020148462354188768,0.0036908881199537724,-0.00641573994867406,-0.02857142857142847
2016-04-15,-0.009528759528759534,-0.002298322224775995,0.00021523891519592553,-0.007352941176470562
2016-04-18,0.04670281616232286,0.012439530062197779,0.0010759629868732912,0.022222222222222143
2016-04-19,0.022225935828876997,-0.0022753128555176305,0.0262252794496991,-0.05072463768115931
2016-04-20,0.0001634788294915257,0.00273660205245152,0.02660242982823613,0.03053435114503822
2016-04-21,-0.01634521085322005,-0.002046850125085209,0.006529279738828775,-0.029629629629629672
2016-04-22,0.053173811897640366,0.004557885141294404,0.01986620717616061,0.5229007633587786
2016-04-25,-0.023824550331334904,-0.0015880217785844142,0.0007950705625123788,-0.13533834586466165
2016-04-26,0.02230483271375472,-0.002953874119518196,0.01449851042701078,0.0608695652173914
2016-04-27,-0.03130434782608693,-0.0011394712853236566,-0.011942051683633492,0.0191256830601092
2016-04-28,-0.03411131059245964,-0.07780059320100385,-0.014860313057261765,-0.03217158176943702
2016-04-29,0.0074349442379182396,-0.03760514596734299,-0.0032180209171358554,-0.016620498614958512
2016-05-02,-0.010734652801073441,-0.0012853470437017567,0.0034301856335754444,0.05352112676056353
2016-05-03,-0.03780942692438105,-0.007722007722007818,-0.011864065956163183,-0.03743315508021394
2016-05-04,-0.025198237885462604,-0.01167315175097261,-0.0010175010175009769,0.0
2016-05-05,0.010122921185828027,0.01049868766404205,0.014463230800570326,0.016666666666666607
2016-05-06,0.00483178239083748,-0.01376623376623376,0.010441767068273267,0.005464480874316946
2016-05-09,-0.029919857524488003,0.00026336581511721135,0.0025834658187600112,-0.00815217391304357
2016-05-10,0.059482283825959215,0.003159557661927437,0.009316154608523197,-0.002739726027397249
2016-05-11,0.010570091838502771,-0.0023622047244095112,-0.008444619010212095,0.0027472527472527375
2016-05-12,-0.0030864197530864335,-0.000263088660878652,0.01089324618736387,-0.016438356164383605
2016-05-13,-0.0065359477124183885,-0.010526315789473606,-0.0021551724137930384,0.022284122562674202
2016-05-16,0.011426592797783908,0.017287234042553168,0.004908698213233809,0.032697547683923744
2016-05-17,-0.01300924340979126,-0.014117647058823457,0.0025400547088707537,0.0
2016-05-18,0.005202913631633832,0.0010607265977193858,0.02494640420970584,0.01319261213720302
2016-05-19,-0.012077294685990392,-0.013509933774834337,-0.004373455029473394,-0.01822916666666663
2016-05-20,0.006985679357317531,0.009667024704618665,0.004392666157372105,0.02652519893899208
2016-05-23,0.016129032258064724,-0.006117021276595858,-0.00038030043734560426,0.043927648578811374
2016-05-24,-0.0066564260112647045,0.016323253947016392,0.031767167586075784,0.03960396039603964
2016-05-25,0.041924398625429404,0.01843075302790953,0.015117994100295018,-0.004761904761904856
2016-05-26,-0.0032981530343008103,0.005429162357807771,-0.0016345804576826106,0.04066985645933019
2016-05-27,-0.0034745201853078056,0.010542555926973396,0.01364380571220658,0.05747126436781613
2016-05-31,-0.004980906524987505,0.008396946564885654,0.0069992821249103,-0.006521739130434634
2016-06-01,-0.016852995161021123,-0.0032803431743628764,0.010515059704152563,-0.030634573304157642
2016-06-02,0.005261371350984367,0.0007594936708861244,-0.0003527336860670305,-0.042889390519187276
2016-06-03,-0.014688502448083729,-0.008854034910194875,-0.0010585744530698937,-0.018867924528301883
2016-06-06,0.0334132967786156,-0.0002552322613578184,0.026669021547156557,0.07451923076923062
2016-06-07,0.020892057701873634,-0.00612713811590504,0.0008601410631343676,0.008948545861297452
2016-06-08,0.004710086080883524,-0.0005137426149499635,0.006875214850464051,-0.011086474501108556
2016-06-09,-0.023924991917232408,-0.0010280133641736855,-0.012120177534994947,0.013452914798206095
2016-06-10,-0.04438555813183176,-0.012091587342423438,-0.012096077414895379,-0.044247787610619316
2016-06-13,-0.0036395147313691423,-0.014062499999999978,-0.004198005947175121,0.0185185185185186
2016-06-14,0.005740128718037862,-0.005282620179609121,-0.00685051818022131,-0.002272727272727426
2016-06-15,-0.011587685921826352,-0.006107275624004149,-0.0037141846480368557,0.006833712984054774
2016-06-16,-0.01837270341207342,0.0018701576275714782,0.002485354162968134,0.07466063348416285
2016-06-17,0.015329768270944788,-0.0029333333333333433,-0.005666725695059327,0.10736842105263156
2016-06-20,0.023876404494381998,0.009628242845680646,0.010329474621549428,-0.03041825095057038
2016-06-21,0.0065157750342936804,-0.0005298013245034205,-0.014630706857042153,0.06862745098039236
2016-06-22,-0.011584327086882396,0.026769149218129007,0.012701252236136051,-0.0788990825688074
2016-06-23,0.030162013098931295,0.022973670624677256,0.027733615968910108,0.03784860557768943
2016-06-24,-0.06591935753722611,-0.043401463537724116,-0.07253351667239605,-0.06333973128598847
2016-06-27,-0.05731685473759618,-0.02532313373779993,-0.022794662713120917,-0.032786885245901676
2016-06-28,0.04769143074292215,0.016508795669823995,0.05442821923003982,0.0847457627118644
2016-06-29,0.04769677185346399,0.026890308839190524,0.015467625899280524,0.001953125
2016-06-30,0.04033235243205824,0.019185895773917494,0.01381509032943673,0.0019493177387914784
2016-07-01,0.0008319467554076532,0.00585092851691682,-0.00262054507337528,-0.013618677042801397
2016-07-05,-0.05303408146300914,-0.0025290844714214167,-0.01366263794009459,-0.021696252465483346
2016-07-06,-0.001404494382022392,0.03524340770791068,0.006393180607352056,0.016129032258064502
2016-07-07,-0.007032348804500765,0.012980651481753647,0.005470266454914441,-0.003968253968254065
2016-07-08,0.005842776203966116,0.012814313346228179,0.015268515268515248,0.015936254980079667
2016-07-11,-0.013025875726104585,0.005490570541895279,0.006395851339671577,-0.01764705882352935
2016-07-12,0.07240948813982517,0.008309591642924996,0.012538646513225782,0.02594810379241519
2016-07-13,-0.03509063695326786,-0.011773016246762413,-0.016284987277353724,-0.009727626459143934
2016-07-14,-0.00017235436056539655,0.007386228258279726,-0.0036213140196585947,0.015717092337917515
2016-07-15,-0.01861747974487149,-0.004257332071901598,-0.006057459328487336,-0.005802707930367523
2016-07-18,0.011768838924995695,-0.00023752969121138,-0.009751001218875177,0.07198443579766534
2016-07-19,-0.025868055555555602,-0.006889997624138888,-0.06365394759978893,-0.01814882032667875
2016-07-20,0.004455533772945941,0.020334928229665206,-0.013521126760563384,0.0
2016-07-21,-0.025727466288147705,0.009144196951934358,-0.0038073481819912436,-0.03512014787430695
2016-07-22,-0.014387179020214913,0.0030204460966543056,0.006688324097076315,0.11877394636015337
2016-07-25,-0.024205469327420404,0.005559416261292416,-0.010250569476081939,0.14726027397260277
2016-07-26,0.016474152622609317,0.004376871688551054,0.0,0.04179104477611939
2016-07-27,-0.03874813710879277,0.0016055045871559148,0.0005753739930955959,-0.018624641833810962
2016-07-28,0.01104651162790704,0.017861231967025493,-0.005367069196856478,-0.004379562043795526
2016-07-29,0.028368794326241176,0.006749156355455588,-0.007323183657737542,0.0058651026392961825
2016-08-01,-0.04510717614165893,0.012067039106145261,-0.017860609590370724,-0.03206997084548113
2016-08-02,0.01015030255709548,-0.004857584455729702,-0.010871713777426462,-0.05722891566265054
2016-08-03,0.031690821256038726,-0.002662524961171475,0.006394884092725928,0.006389776357827559
2016-08-04,0.008990447649372513,-0.0031145717463848532,0.0021842732327244097,0.026984126984126888
2016-08-05,0.014293669946166654,0.01004240124972089,0.036457301367148975,0.021638330757341562
2016-08-08,0.02342606149341142,-0.005302695536897772,0.0005735041101129212,0.010590015128592922
2016-08-09,-0.0089413447782547,0.0013327410039980503,0.03954910202521966,-0.0119760479041916
2016-08-10,-0.012630819198845233,-0.0059893522626440765,0.011211174416467573,-0.016666666666666607
2016-08-11,0.03326023391812871,0.005355947333184341,0.025990548891312137,0.013867488443759513
2016-08-12,-0.004598514326140779,-0.0002219755826858849,-0.019486271036315395,0.022796352583586588
2016-08-15,0.006574271499644624,0.002442273534635886,0.012285456187895116,0.0326894502228825
2016-08-16,0.0003530450132391838,-0.0050941306755259985,0.0003569516330537148,-0.024460431654676262
2016-08-17,0.000529380624669118,-0.00534283170080152,0.0005352363960748896,-0.014749262536873253
2016-08-18,0.016225749559082736,-0.0071620411817368,-0.005884450784593431,0.05389221556886237
2016-08-19,-0.0067684831655675515,-0.0027051397655545317,0.00035874439461891505,0.08238636363636354
2016-08-22,-0.017997553730560778,-0.0015822784810126667,-0.006993006993006978,-0.005249343832021025
2016-08-23,0.003914590747331026,-0.006112746207833419,0.007403394727338419,0.01187335092348274
2016-08-24,-0.001240694789081842,-0.016628701594533002,0.00860369241799619,-0.031290743155150014
2016-08-25,0.008163265306122547,-0.007644197359277238,0.017416029856051063,0.004037685060565233
2016-08-26,-0.0024643548671008375,0.0032679738562089167,-0.00227074235807867,0.02815013404825728
2016-08-29,-0.004411505205576094,0.006281991624011329,0.004026610644257689,-0.010430247718383301
2016-08-30,-0.006026231832683471,-0.009710982658959533,0.004184829991281669,-0.013175230566534912
2016-08-31,-0.031740370898716175,-0.018911977585804207,-0.011460322972738357,-0.012016021361815787
2016-09-01,-0.018232044198894903,0.006663493574488255,0.006850518180221421,-0.006756756756756799
2016-09-02,-0.004314387544550824,-0.004964539007092039,0.015003489183531116,0.02176870748299331
2016-09-06,-0.03485305199698574,0.0016631028747919885,-0.0065314541079408706,-0.022636484687083902
2016-09-07,-0.008198321296115418,-0.006166982922201081,-0.0024221453287197603,-0.0681198910081744
2016-09-08,0.03424522731745716,-0.0011933174224343368,-0.005202913631633721,-0.09064327485380119
2016-09-09,-0.0500475737392958,-0.02007168458781372,-0.015864714086471388,-0.05144694533762051
2016-09-12,-0.0008012820512820484,0.0099975615703487,-0.01116031886625335,0.006779661016949268
2016-09-13,-0.042301523656776197,-0.01883148237566401,-0.00788247939806519,-0.03367003367003374
2016-09-14,-0.018002930709650533,0.004183070866141669,0.0,0.05226480836236935
2016-09-15,-0.00554252824557655,0.0075961774074979616,0.015709642470205898,-0.0033112582781458233
2016-09-16,-0.0036441586280815397,0.018239299610894877,-0.013866666666666694,0.004983388704318914
2016-09-19,-0.011187607573149627,-0.00453785526630035,0.004867495943753353,0.0181818181818183
2016-09-20,-0.006309834638816292,-0.002399232245681393,0.0021528525296017342,0.0016233766233766378
2016-09-21,0.02912196190059113,0.008177008177008283,0.02309344790547807,0.01944894651539708
2016-09-22,0.01659574468085112,0.007156488549618256,0.00489938757655306,0.012718600953895098
2016-09-23,-0.01820845542067817,-0.000710563713879675,-0.033780254222531725,0.028257456828885363
2016-09-26,0.015348539756981472,-0.01208817255273753,-0.02937466210127959,-0.03511450381679382
2016-09-27,-0.017216040310728542,0.015595009596929055,0.0042703304864464275,0.034810126582278444
2016-09-28,0.06472975859858998,-0.0009449562957712931,-0.0036975411351451992,0.007645259938837912
2016-09-29,0.04634831460674138,-0.02009931425869005,-0.022267582111709094,0.012139605462822445
2016-09-30,0.028187919463087185,0.020511583011582957,0.00645283735054103,0.0359820089955023
2016-10-03,0.005221932114882533,0.00614802553795224,0.03262304356024881,0.005788712011577379
2016-10-04,-0.030612244897959107,-0.010575793184488758,-0.007304601899196461,0.0028776978417266452
2016-10-05,0.023540669856459306,0.015201900237529653,0.006070640176600417,-0.027259684361549463
2016-10-06,0.0033657442034404905,0.005381375760411755,-0.006765405010056624,0.026548672566371723
2016-10-07,-0.010995154677599595,0.0,-0.009204712812960203,-0.030172413793103425
2016-10-10,0.01658187299792724,0.012334186641843159,0.02062430323299891,0.01333333333333342
2016-10-11,-0.02557924003707146,-0.053793103448275925,-0.007828144911705803,-0.049707602339181256
2016-10-12,-0.011603576184135433,-0.004373177842565634,0.018165137614678972,0.01846153846153853
2016-10-13,-0.008468052347959887,0.0,-0.005586592178770999,-0.01963746223564955
2016-10-14,0.0034937888198758316,-0.004636408003904302,0.014860456687205481,0.04006163328197232
2016-10-17,-0.017021276595744705,-0.004903162539838135,-0.016071428571428514,-0.011851851851851891
2016-10-18,0.0031483667847302943,0.01428923380142888,0.001814882032667997,0.008995502248875686
2016-10-19,0.02726559435072584,-0.02817585620597529,0.015398550724637472,0.005943536404160454
2016-10-20,0.0053465724651518,0.018245438640340117,-0.015165031222122982,0.028064992614475592
2016-10-21,0.002089268755935514,-0.005891016200294641,-0.0009057971014493349,-0.06321839080459779
2016-10-24,-0.010235026535253988,-0.0022222222222223476,0.005439709882139709,0.07361963190184051
2016-10-25,-0.025277671390271927,-0.005444196980945337,-0.0054102795311091745,0.0714285714285714
2016-10-26,-0.012573673870334034,-0.005722816621049898,0.00453309156844961,-0.028000000000000025
2016-10-27,0.003183446080382124,0.008258258258258211,-0.009025270758122761,-0.024691358024691357
2016-10-28,-0.0023800079333599067,-0.01861504095309008,-0.005464480874316835,0.012658227848101333
2016-10-31,-0.04632206759443336,-0.007587253414263917,0.001831501831501825,0.004166666666666652
2016-11-01,-0.00250156347717323,-0.004841997961264166,-0.005484460694698434,-0.019363762102351356
2016-11-02,-0.015882967607105503,-0.008962868117797562,-0.01930147058823528,-0.046544428772919644
2016-11-03,0.0,-0.008268733850129162,-0.002811621368322359,-0.008875739644970349
2016-11-04,-0.014228073901040639,0.018499218342886925,-0.0009398496240602405,-0.020895522388059806
2016-11-07,0.021973287376130912,0.019698132514709643,0.031044214487299993,0.060975609756097615
2016-11-08,0.00632377740303558,-0.0007526342197692326,0.014598540145985384,0.005747126436781658
2016-11-09,0.02639296187683282,0.006025608837559648,0.10161870503597115,-0.008571428571428563
2016-11-10,0.013061224489795853,0.01347641627152485,0.11020408163265305,-0.09221902017291073
2016-11-11,-0.04149879129734091,-0.011573504063038587,0.0117647058823529,0.060317460317460325
2016-11-14,0.010298444724674338,-0.023418036870951564,0.053779069767441845,0.01646706586826352
2016-11-15,0.052423548991054725,0.0155612244897958,-0.02758620689655178,0.026509572901325384
2016-11-16,0.004546353034196482,0.0035167043456418856,-0.024113475177305,0.10043041606886649
2016-11-17,-0.006296733569460811,0.01101376720901115,0.027616279069767602,0.10299869621903524
2016-11-18,0.009306930693069315,-0.013617231988115819,0.011315417256011262,0.029550827423167947
2016-11-21,0.03609966647047291,-0.002008032128514192,-0.00909090909090915,0.02640642939150384
2016-11-22,-0.003597803446317105,-0.041750503018108565,0.011291460832745459,-0.027964205816554788
2016-11-23,0.011022424933485375,0.023097112860892333,0.008374040474528943,0.012658227848101333
2016-11-25,-0.008834586466165528,0.004617752693689026,-0.0034602076124568004,-0.003409090909091028
2016-11-28,-0.03280864782856052,-0.010725229826353266,-0.01736111111111116,0.0068415051311288
2016-11-29,-0.038235294117647145,-0.00025813113061445847,0.0035335689045936647,0.011325028312570762
2016-11-30,0.14087665647298686,-0.01704105344694029,-0.004225352112676051,-0.002239641657334812
2016-12-01,0.00268048606147242,-0.012345679012345623,0.009193776520509012,-0.058361391694724984
2016-12-02,0.032258064516129004,0.007978723404255206,-0.016818500350385235,0.016686531585220266
2016-12-05,0.018646408839779083,0.013984168865435409,0.023521026372059772,0.017584994138335253
2016-12-06,0.013728813559322095,-0.0002602133749673996,-0.016016713091921875,0.08870967741935476
2016-12-07,0.019060357799699057,0.001561686621551095,0.0007077140835101137,0.011640211640211673
2016-12-08,0.01181296144380628,0.005197505197505281,0.008486562942008335,0.08158995815899583
2016-12-09,0.017674720285389967,0.013443640124095158,-0.007012622720897643,0.0
2016-12-12,0.0022307202039515417,0.0,-0.009887005649717562,0.03288201160541582
2016-12-13,0.03561208267090632,0.006122448979591688,0.009272467902995851,-0.01310861423220977
2016-12-14,-0.03024255449800428,-0.01572008113590262,-0.010600706713780883,0.0009487666034158071
2016-12-15,-0.007756846604400902,0.0028335909325090114,0.0,0.02938388625592414
2016-12-16,-0.002871729419272495,-0.021320318520421266,-0.017857142857142905,-0.018416206261510082
2016-12-19,0.013919999999999932,0.006299212598425141,0.013090909090909264,0.027204502814258902
2016-12-20,0.0003156067539846763,-0.003912363067292812,0.01076812634601576,0.05114155251141561
2016-12-21,0.0026818110112005744,0.0013092432573973412,-0.0042613636363637575,-0.0034752389226758718
2016-12-22,0.002359974826935174,0.0013075313807531241,-0.004279600570613384,0.011333914559720881
2016-12-23,0.0010987286140322627,0.003395142334813306,0.008595988538682153,-0.0017241379310344307
2016-12-27,0.009877704609595472,0.004685059864653729,-0.009943181818181879,0.042314335060449126
2016-12-28,-0.014438751746623235,-0.00984455958549224,-0.004304160688665681,-0.04308202154101071
2016-12-29,-0.009136735979836108,0.0023547880690739653,0.006484149855907617,0.0034632034632033903
2016-12-30,-0.009697933227345024,0.002610284521012751,-0.010021474588403523,-0.021570319240724722
2017-01-03,0.008508588858564758,0.01666232751887531,0.011569052783803269,0.007936507936507908
2017-01-04,-0.014167462591531343,0.00793854033290664,0.015010721944245908,0.0
2017-01-05,0.0027450347166155797,0.008638211382113958,-0.014788732394366177,-0.016622922134733153
2017-01-06,-0.0032206119162641045,0.02720403022670026,0.014295925661186537,0.007117437722419906
2017-01-09,-0.02084006462035537,-0.0009808729769494873,-0.011980267794221455,0.015017667844522853
2017-01-10,0.013859099158554766,0.013500245459008298,0.020684736091298284,-0.004351610095735481
2017-01-11,0.006346623270951923,-0.0050859772341971254,0.009783368273934334,-0.020979020979021046
2017-01-12,-0.04835058214747734,-0.008763388510223957,0.0048442906574392985,-0.03928571428571426
2017-01-13,0.0006796941376381316,0.005157170923379306,0.02754820936639124,-0.016728624535315983
2017-01-17,0.006962132789947395,-0.0007329587099926815,-0.03351206434316356,-0.07183364839319473
2017-01-18,-0.007925801011804401,-0.0034229828850855792,0.01178918169209453,0.006109979633401208
2017-01-19,-0.018867924528301883,-0.008832188420019649,0.0,-0.011133603238866474
2017-01-20,0.0045045045045044585,0.0014851485148514865,0.0034270047978066653,-0.0020470829068577334
2017-01-23,-0.014315281131424551,-0.002965892239248591,-0.006830601092896127,0.016410256410256396
2017-01-24,0.006474190726159401,-0.0007436787307882886,0.00687757909215958,0.053481331987890846
2017-01-25,-0.0184283727399166,0.0,0.04030054644808745,-0.008620689655172376
2017-01-26,-0.0051363797378675136,0.016125031009674995,0.0032829940906107247,0.01642512077294689
2017-01-27,-0.023144027060708616,0.0009765625,-0.00327225130890052,0.014258555133079831
2017-01-30,-0.016949152542372836,0.00024390243902439046,-0.007879185817465606,-0.005623242736644829
2017-01-31,0.004449388209121219,0.018532065349914806,-0.001323626737260053,-0.022620169651272448
2017-02-01,-0.01236618678479151,0.013406751256882732,-0.001988071570576566,0.1629701060752171
2017-02-02,0.008409643057372573,0.009922041105598911,-0.007304116865869847,0.018242122719734466
2017-02-03,0.0064862861378798264,0.00070175438596487,0.03344481605351168,-0.0032573289902279035
2017-02-06,-0.021174737617381756,-0.008181393174380602,-0.0006472491909385036,0.11356209150326801
2017-02-07,-0.031038374717832884,0.010841385811925619,-0.002590673575129543,-0.024944974321350122
2017-02-08,0.0005824111822947398,-0.011424574492888806,0.007792207792207684,0.02031602708803626
2017-02-09,0.015133876600698537,0.0033018867924528017,0.01030927835051565,-0.0103244837758113
2017-02-10,0.0036314984709480136,0.004701457451810054,0.02678571428571419,0.011922503725782407
2017-02-13,-0.011997714721005415,0.01123069723912029,-0.004347826086956497,-0.006627393225331346
2017-02-14,0.0023130300693907646,0.009949097639981419,0.0018714909544603753,-0.017049666419570064
2017-02-15,-0.018269230769230815,0.008018327605956443,0.0018679950186799577,0.003016591251885359
2017-02-16,0.004897159647404559,0.00454545454545463,0.0006215040397761218,-0.024812030075187952
2017-02-17,0.00877192982456143,0.011085972850678694,0.0031055900621117516,0.012336160370084892
2017-02-21,0.02067632850241541,0.007160438576862882,-0.0006191950464395912,0.06626047220106623
2017-02-22,-0.023854600530102243,0.0,-0.0018587360594796154,0.020000000000000018
2017-02-23,0.018619084561675825,0.008664741168629142,-0.0031036623215394687,0.0028011204481792618
2017-02-24,-0.0005712109672505461,0.006167400881057272,-0.0018679950186798466,-0.013966480446927498
2017-02-27,0.003810249571346791,-0.004816112084063073,0.004990642545227519,0.0764872521246458
2017-02-28,-0.02372366672992976,-0.008358996920369566,0.0024829298572315306,-0.04868421052631566
2017-03-01,0.004276827371695102,0.011313220940550206,0.02786377708978338,0.03457814661134173
2017-03-02,0.0019357336430507743,0.00219346347883298,-0.02168674698795181,-0.0708556149732621
2017-03-03,-0.014103554868624357,-0.009630115999124444,0.00738916256157629,-0.06258992805755403
2017-03-06,0.0,-0.002651933701657394,-0.0012224938875304847,0.0007674597083653367
2017-03-07,-0.029786400156770587,-0.002880567250166277,-0.004283965728274275,0.0007668711656443339
2017-03-08,-0.033124621288628586,0.008000000000000007,-0.012292562999385415,0.013026819923371624
2017-03-09,0.010653854188427125,0.005952380952380931,0.0,0.00832072617246582
2017-03-10,-0.019842910293509708,0.0019723865877712132,0.013067828251400293,0.04351087771942996
2017-03-13,0.007802614930409124,-0.004155730533683233,0.0012285012285011554,0.02659956865564328
2017-03-14,-0.012973425402803884,-0.016033384581594645,0.0018404907975460016,-0.012605042016806678
2017-03-15,0.04197583209667144,0.011607142857142927,0.006736068585425636,-0.008510638297872242
2017-03-16,-0.011393692777212472,-0.007502206531332822,0.014598540145985384,-0.023605150214592308
2017-03-17,-0.006791520889071978,0.004668741662961384,-0.013189448441247142,-0.01172161172161168
2017-03-20,0.0008288437629506706,-0.004647045806594363,-0.007897934386391192,0.06745737583395117
2017-03-21,-0.01304347826086949,-0.0040017785682525675,-0.02204531537048393,-0.040277777777777746
2017-03-22,-0.017411369834277268,0.0002232142857143682,-0.0018785222291796133,0.02026049204052094
2017-03-23,-0.006404782237404039,-0.0008926578888640568,0.006900878293600865,-0.021985815602836967
2017-03-24,-0.009454232917920025,-0.0008934554389101734,0.0012461059190029822,-0.006526468455402501
2017-03-27,-0.006724511930585764,-0.0006706908115357013,-0.0037336652146857663,0.0
2017-03-28,0.03625245686831202,0.0,0.014366021236727144,-0.0007299270072992359
2017-03-29,0.04868282402528967,-0.0006711409395973034,-0.006157635467980316,0.0014609203798394699
2017-03-30,-0.015675241157556252,-0.002686366689053199,0.018587360594795488,0.024799416484317938
2017-03-31,-0.015720702327480574,-0.003142536475869817,0.0,0.03558718861209975
2017-04-03,-0.025720804812279674,0.001351047061472599,-0.0012165450121655041,0.006185567010309256
2017-04-04,0.01426442410048967,-0.006521250281088409,-0.0018270401948842219,-0.032786885245901676
2017-04-05,-0.009026028547439169,-0.00860117700316887,-0.009762050030506342,0.0007062146892655718
2017-04-06,0.021817411565346445,-0.0029680365296802513,0.017868145409734915,-0.06351446718419196
2017-04-07,-0.00393864013267009,0.0036638424547743575,0.000605326876513379,0.018839487565938118
2017-04-10,0.03995837669094704,-0.005475701574264136,-0.006049606775559546,-0.031065088757396442
2017-04-11,0.02281368821292773,-0.0002294104152329446,0.009738283627510613,0.0
2017-04-12,-0.01056544707493634,-0.0022946305644792053,-0.01627486437613035,-0.025954198473282397
2017-04-13,-0.02234526399050829,-0.018629254829806707,-0.006127450980392135,-0.03526645768025072
2017-04-17,-0.0006067961165048263,0.014998828216545634,0.02157829839704073,0.03899268887083651
2017-04-18,-0.024691358024691357,0.002770722696836758,0.001207000603500319,0.012509773260359625
2017-04-19,-0.030919277858476812,0.0036840893391665297,-0.001808318264014508,-0.008494208494208455
2017-04-20,0.0040685224839400735,0.008947006194081064,0.02717391304347827,0.02102803738317749
2017-04-21,0.00895713371721052,-0.01023192360163705,-0.02645502645502651,-0.008390541571319576
2017-04-24,0.007398013105051726,0.013783597518952417,0.023550724637681153,0.010000000000000009
2017-04-25,0.020562316407889192,-0.008384319057330725,0.002949852507374562,0.027418126428027323
2017-04-26,0.01788651315789469,0.000914076782449813,-0.009411764705882342,-0.005930318754633013
2017-04-27,0.005049484952534877,-0.003424657534246589,0.005938242280284944,0.015659955257270708
2017-04-28,-0.018689710610932497,-0.00022909507445589838,-0.010625737898465215,-0.023494860499265635
2017-05-01,-0.017612123694450088,-0.0036663611365720383,0.0065632458233890745,0.02406015037593967
2017-05-02,-0.02001250781738584,0.002759889604415866,0.00711321873147619,-0.2422907488986783
2017-05-03,-0.0029780897681344065,0.0027522935779815683,0.00470865214832239,0.006782945736434121
2017-05-04,-0.02197567740558981,0.01989935956084188,-0.0023432923257175053,-0.0279114533205006
2017-05-05,0.03446771378708546,0.0011213276519397297,0.0017615971814444187,0.008910891089108919
2017-05-08,0.021299029945170744,0.0008960573476701761,0.004103165298944944,-0.014720314033366044
2017-05-09,-0.012389015073301701,-0.00022381378692926113,-0.01050788091068311,0.013944223107569709
2017-05-10,0.02927033242734689,-0.003805686142825171,-0.07079646017699115,0.05992141453831046
2017-05-11,0.008734511476741869,-0.014382022471910116,-0.02412698412698422,0.02594995366079722
2017-05-12,-0.005839710028191725,0.002279981760145988,-0.0039037085230969604,0.017163504968382925
2017-05-15,0.006886773344136232,0.0018198362147405778,0.024167210973220277,0.014209591474245054
2017-05-16,-0.01870850935425472,-0.00794732061762038,0.022321428571428603,0.11646234676007006
2017-05-17,-0.01701517015170151,-0.013962005035477176,-0.028696194635059458,-0.1215686274509804
2017-05-18,-0.003545359749739352,-0.00232126276694522,-0.016056518946692355,0.0071428571428571175
2017-05-19,0.024068647969861745,0.004187994416007479,-0.0006527415143602333,0.01152482269503552
2017-05-22,0.0063355814428776025,0.013206672845227141,0.009144350097975318,-0.03242769500438225
2017-05-23,0.006701868399675126,-0.0011433798307797227,-0.04336569579288019,-0.013586956521739024
2017-05-24,-0.0004034698406294446,-0.003434065934065922,-0.02976995940460081,0.0
2017-05-25,-0.0353178607467205,0.009648518263266848,0.0069735006973501434,0.008264462809917328
2017-05-26,0.0071129707112971285,0.017292377701934036,-0.006232686980609414,0.0018214936247722413
2017-05-30,-0.030535936850851653,0.0064862446879891955,0.004181184668989424,0.010909090909090757
2017-05-31,-0.01671309192200554,0.014666666666666606,0.002081887578070818,0.00629496402877705
2017-06-01,0.016561342340379204,0.009636443276390905,0.018698060941828132,-0.0232350312779267
2017-06-02,-0.019292604501607635,0.008676789587852562,-0.010197144799456104,-0.0027447392497712553
2017-06-05,0.007868852459016473,0.002580645161290196,-0.018543956043955978,0.031192660550458662
2017-06-06,0.018000433745391398,-0.005577005577005578,0.0034989503149054357,0.07028469750889665
2017-06-07,-0.045590115040477164,0.004314063848144922,0.007670850767085069,0.029093931837074205
2017-06-08,-0.029241071428571352,0.0034364261168384758,0.01314878892733562,0.04200323101777048
2017-06-09,0.045987583352494754,0.012200342465753522,0.012295081967212962,-0.04806201550387601
2017-06-12,-0.002418113871180516,-0.0025375343624444158,0.013495276653171295,-0.015472312703583069
2017-06-13,0.026223005729396176,0.006147975408098416,0.007323568575233086,-0.01075268817204289
2017-06-14,-0.02748550569035857,0.0037926675094817064,-0.0033046926635822427,-0.015886287625418216
2017-06-15,-0.039743872819606896,0.010075566750629594,-0.005968169761273234,-0.022939677145284554
2017-06-16,0.002989192917911998,0.0018703241895261513,0.004669779853235356,-0.00521739130434784
2017-06-19,-0.015130674002750921,0.014104957477701685,0.007968127490040056,0.04283216783216792
2017-06-20,-0.03189013035381749,-0.002454489670689286,-0.00988142292490124,0.059513830678960655
2017-06-21,-0.030776628997355115,-0.0041008816895633515,-0.006653359946773074,0.106012658227848
2017-06-22,0.017365418010419242,0.014412188593782238,-0.0033489618218351946,0.028612303290414864
2017-06-23,0.009509875640087762,-0.0038563020093363987,0.004032258064516014,-0.014603616133518793
2017-06-26,0.004589371980676438,-0.0034637326813365954,0.0006693440428380271,-0.00635144671841914
2017-06-27,-0.005289733108920558,-0.00490697198936807,0.0020066889632108786,-0.048295454545454475
2017-06-28,0.017403915881073484,-0.003903842202588992,0.018024032042723626,-0.012686567164179152
2017-06-29,0.021620337372297405,0.005156765676567643,-0.0052459016393443525,-0.04761904761904767
2017-06-30,0.02023255813953484,-0.002462548737943715,-0.0013183915622939635,-0.00952380952380949
2017-07-03,0.03533166172783231,0.002057189878625909,0.015181518151815343,-0.02644230769230771
2017-07-05,-0.04535446939674159,0.005953602956271897,-0.009102730819245841,0.08559670781892992
2017-07-06,-0.012223247232472367,-0.021632653061224527,-0.005249343832021025,-0.012888551933282755
2017-07-07,-0.024282045295353716,0.010429703796412282,0.02110817941952514,0.02611367127496167
2017-07-10,0.0160325436707347,-0.00433526011560692,-0.0006459948320415299,0.03368263473053901
2017-07-11,0.01413094677343385,-0.001658718639850676,0.0019392372333548735,0.005792903692976026
2017-07-12,0.0016256386437529802,0.005815160955347842,-0.006451612903225823,0.028797696184305055
2017-07-13,0.004173429167632747,-0.007226925459426048,0.006493506493506551,-0.05318404478656402
2017-07-14,0.015008081274532348,0.017262895174708692,0.00903225806451613,0.02882483370288247
2017-07-17,-0.008416742493175589,-0.003066857493355113,-0.004475703324808289,-0.008620689655172376
2017-07-18,-0.005276439550355727,-0.0004101722723542922,0.0006422607578677741,-0.023188405797101463
2017-07-19,0.03643911439114378,0.014156750102584992,0.00962772785622601,0.005192878338278861
2017-07-20,-0.019804183355585203,0.028727493425045658,0.0031786395422759295,0.01845018450184499
2017-07-21,-0.01339387060158903,-0.0001966568338249708,-0.006970849176172522,0.005797101449275477
2017-07-24,0.015416474919466294,-0.0007867820613691734,0.014677728142948432,0.020172910662824117
2017-07-25,0.028098799002945762,0.0005905511811024056,0.01635220125786163,-0.0035310734463277482
2017-07-26,-0.04187789288075816,-0.008459571119417642,0.005569306930693019,0.04606661941885193
2017-07-27,0.011732229123533333,-0.0057539682539682335,0.00492307692307703,-0.04336043360433606
2017-07-28,0.018644838562983157,-0.009978048293753705,-0.004286589099816385,-0.012039660056657242
2017-07-31,-0.0058035714285713524,-0.008667607337230376,-0.0030750307503074614,-0.024372759856630788
2017-08-01,-0.030983385720700585,-0.000610004066693759,0.009253547193090794,0.0073475385745775945
2017-08-02,0.019462465245597915,0.0016276703967446071,-0.006112469437652757,-0.02479941648431816
2017-08-03,-0.017954545454545445,-0.0014218972171440303,-0.005535055350553542,-0.009723261032161479
2017-08-04,0.026382781763480745,0.002034174125305155,0.016697588126159735,-0.009063444108761365
2017-08-07,-0.033596392333709146,0.0008120178643928888,-0.0036496350364962904,0.023628048780487854
2017-08-08,-0.005599626691553894,-0.008519269776876115,-0.001831501831501936,-0.023827252419955314
2017-08-09,-0.006100422336930977,-0.0022504091653027247,-0.01834862385321101,-0.02135774218154074
2017-08-10,-0.014636449480642022,-0.014558129997949587,0.007476635514018559,-0.055339049103663385
2017-08-11,-0.009822712026832825,0.009987515605493158,-0.0030921459492888603,0.009075907590759158
2017-08-14,-0.019114444713283274,0.011124845488257096,0.014267990074441794,0.04333605887162717
2017-08-15,0.003946719289590561,-0.0052974735126324335,-0.020795107033639182,0.020376175548589393
2017-08-16,-0.034643734643734714,0.02027857435477265,-0.004372267332916846,-0.02995391705069117
2017-08-17,-0.023415627386103366,-0.010439670748845664,-0.03575909661229626,-0.022961203483768844
2017-08-18,0.0020849622100600484,-0.011158449989855934,-0.0071567989590110015,0.002431118314424552
2017-08-21,-0.009362808842652726,0.0028723840787854282,-0.003931847968545177,-0.02586903799514939
2017-08-22,0.013389341034392155,0.016980360065466327,0.003947368421052699,0.009958506224066355
2017-08-23,0.004922279792745954,-0.001408167370750335,0.001310615989515096,0.025472473294987807
2017-08-24,-0.01108533127094613,-0.0052377115229652604,0.0,0.0016025641025640969
2017-08-25,0.0036496350364962904,-0.0006075334143378353,0.005235602094240788,-0.005600000000000049
2017-08-28,-0.0051948051948053076,0.018439716312056653,-0.00390625,-0.01609010458567972
2017-08-29,-0.004438642297650008,-0.0021886191802625854,0.0,-0.006541291905151292
2017-08-30,0.007867820613689958,-0.0007976071784645544,0.0,0.04279835390946496
2017-08-31,0.012230028623471112,0.016563560167631275,0.0006535947712418277,0.026045777426992878
2017-09-01,0.01413881748071999,0.004711425206124886,0.003919007184846501,0.014615384615384475
2017-09-05,0.01546261089987322,-0.0029308323563891348,-0.0344827586206895,-0.020470053070507976
2017-09-06,0.024463305042436323,0.0031354105428178514,-0.0060646900269542,-0.004643962848297267
2017-09-07,0.007066276803118887,0.005860519632740813,-0.021694915254237168,-0.017884914463452417
2017-09-08,-0.025647229615291423,0.010293260827345163,0.01455301455301461,-0.03008709422011091
2017-09-11,0.016141047926496066,0.008266051518646567,0.018442622950819665,0.02448979591836742
2017-09-12,0.012218963831867047,-0.0038131553860820677,0.0046948356807512415,-0.019920318725099584
2017-09-13,0.01714147754707862,-0.004784688995215336,-0.008010680907877266,-0.006504065040650375
2017-09-14,0.002848326608117624,-0.0059615384615384626,0.011440107671601751,0.003273322422258529
2017-09-15,-0.0018934911242602936,0.0013542271232347414,0.013306719893546148,0.021207177814029254
2017-09-18,0.0073511975337916535,0.0061823802163833985,0.007222586999343417,0.04472843450479247
2017-09-19,0.005885122410546062,-0.012864823348694321,0.0013037809647977738,0.003058103975535076
2017-09-20,0.01708401591387787,0.009336704921221628,0.00846354166666674,0.04725609756097571
2017-09-21,0.003911642890013889,-0.00886490653305072,-0.0012911555842479716,-0.024017467248908297
2017-09-22,0.019940407976163144,0.020999416682869976,0.01034259857789288,-0.00820283370618935
2017-09-25,0.035955056179775235,0.0019043991620644185,0.0031989763275752647,-0.051879699248120414
2017-09-26,0.004772234273318743,0.004561870366850407,0.015943877551020336,-0.012688342585249868
2017-09-27,0.013385146804835824,-0.013245033112582849,0.02385436283741349,0.02329317269076303
2017-09-28,-0.00852151682999569,0.028571428571428692,0.0036787247087675112,0.0
2017-09-29,0.0075204125483454565,-0.00521998508575694,-0.0036652412950518576,0.0007849293563579884
2017-10-02,-0.012795905310300726,0.0059970014992503096,0.0036787247087675112,-0.0031372549019607066
2017-10-03,-0.012961762799740817,0.001304023845007496,0.0012217470983506562,0.055861526357198876
2017-10-04,-0.009411249726417159,0.01097674418604666,0.003050640634533197,-0.008196721311475419
2017-10-05,0.005523641184268735,0.010673536989326493,0.018248175182481674,0.002253944402704766
2017-10-06,-0.020215337288507884,0.0014566642388929019,0.011350059737156526,-0.008245877061469176
2017-10-09,-0.005830903790087549,-0.006181818181818288,0.008860011813349056,0.018140589569161092
2017-10-10,-0.0004511617414841851,0.01353823637028917,0.012880562060889833,0.017074981440237558
2017-10-11,0.0004513653802753481,-0.017328519855595692,0.00867052023121384,0.013138686131386912
2017-10-12,-0.00293255131964798,0.004959588537839954,0.005157593123209292,0.023054755043227626
2017-10-13,0.01787330316742075,-0.001096691646865322,-0.004561003420752607,0.0014084507042253502
2017-10-16,0.02333851967103784,-0.00036596523330278963,0.022336769759450315,0.002812939521800173
2017-10-17,-0.0017376194613378804,0.007871133077063774,-0.01848739495798324,-0.007012622720897643
2017-10-18,-0.001958224543081033,0.012895023610606682,0.01255707762557079,-0.006355932203389814
2017-10-19,-0.01787660780466538,0.00412408104715789,-0.02649379932356266,-0.008528784648187737
2017-10-20,-0.0004439511653717698,0.005714285714285783,-0.00463231036479439,-0.01003584229390675
2017-10-23,0.003997335109926725,-0.0042613636363636465,0.0,0.020999275887038316
2017-10-24,-0.02543685025436848,-0.012482168330955723,0.00698080279232105,0.010638297872340496
2017-10-25,-0.04198819791193831,0.0019862766341638416,-0.0005777007510109344,-0.13473684210526315
2017-10-26,-0.022032693674484682,-0.00018021265092815764,0.006936416184970984,-0.025952960259529645
2017-10-27,0.05474806201550386,-0.0019826964671953995,0.020091848450057403,-0.014154870940882636
2017-10-30,0.002756086357372567,-0.019505147191619998,-0.015756893640967884,-0.0802364864864864
2017-10-31,0.011452130096197832,-0.0011051759071653011,0.012006861063464713,0.008264462809917328
2017-11-01,0.0031702898550725056,-0.004241194910566071,-0.009039548022598876,-0.016393442622950838
2017-11-02,0.002483069977426533,0.006851851851851887,0.01083238312428736,0.004629629629629539
2017-11-03,0.02364332357577137,0.02023174544785733,0.0,0.02488479262672816
2017-11-06,0.060932688077430575,-0.008292770867135424,0.0033840947546530664,0.07284172661870514
2017-11-07,-0.005805515239477366,0.002726776949645515,-0.0022484541877459963,0.010058675607711676
2017-11-08,-0.018143899895724847,0.0016316171138506252,0.12450704225352105,-0.028215767634854783
2017-11-09,0.009558198810535323,0.0036199095022624306,-0.012525050100200441,-0.05038428693424435
2017-11-10,-0.008836524300441906,-0.011722272317403193,0.010654490106544845,0.0125899280575541
2017-11-13,-0.01103799617915513,0.009124087591240837,0.005020080321285203,-0.015097690941385467
2017-11-14,-0.03605924018029638,-0.0052441229656419175,-0.0009990009990009652,0.0027051397655544207
2017-11-15,-0.027610777109774998,-0.003272132339574574,-0.010999999999999899,-0.004496402877697703
2017-11-16,0.009617586443782855,0.012949115447747683,-0.007077856420626971,0.016260162601625883
2017-11-17,0.010433204808346419,0.0003601008282319018,-0.002545824847250522,0.011555555555555541
2017-11-20,-0.022222222222222143,-0.004859611231101568,0.006125574272588086,-0.0035149384885765356
2017-11-21,-0.011248852157943134,0.015011756194610149,0.0065956367326232,0.005291005291005346
2017-11-22,0.008822846528906414,-0.005702066999287214,-0.0035282258064517347,-0.0026315789473685403
2017-11-24,0.021864211737629313,0.005913978494623828,0.001011633788568611,0.0008795074758136678
2017-11-27,-0.029279279279279202,0.0003563156957062663,0.00101061141990888,0.01493848857644986
2017-11-28,0.006496519721577831,-0.002315227070347148,0.03634528016153471,-0.032900432900432985
2017-11-29,0.032964499769478905,-0.007854337736522776,0.0258158792011689,-0.0304386750223814
2017-11-30,0.02387859852711438,0.014213745951781265,-0.012345679012345623,0.005540166204986097
2017-12-01,0.026373147340889247,-0.006918573709419951,-0.00528846153846152,-0.014692378328741929
2017-12-04,-0.01104268422170318,-0.022686673812075675,0.014983083615273118,-0.06523765144454807
2017-12-05,-0.0060124543697659405,0.0014622555291536887,-0.011904761904761862,-0.011964107676968982
2017-12-06,-0.03499675955930004,-0.0023726957473991783,-0.014457831325301207,0.00908173562058523
2017-12-07,-0.001567047235281005,0.0005488474204171645,0.0029339853300733854,0.0040000000000000036
2017-12-08,0.019955156950672626,-0.0009142439202778352,0.011701608971233624,-0.009960159362549792
2017-12-11,0.005935370411079166,0.0054904831625182116,0.002409638554216942,0.02213279678068414
2017-12-12,-0.007648601398601462,0.013833272661084806,0.00048076923076911804,-0.025590551181102317
2017-12-13,-0.028848271305879636,-0.011490125673249585,-0.0024026910139356428,0.021212121212121016
2017-12-14,-0.03242630385487533,-0.005993461678169387,-0.02071290944123305,0.001978239366963619
2017-12-15,0.017108038434497264,0.014069066325598456,0.014756517461878893,0.01579466929911133
2017-12-18,0.004608294930875667,0.016216216216216273,0.007270964614638942,0.06705539358600587
2017-12-19,-0.005504587155963359,0.007092198581560183,-0.009143407122232938,-0.002732240437158584
2017-12-20,0.014529520295202936,0.0038732394366198797,-0.0019426906265177513,0.00273972602739736
2017-12-21,0.05342123209820415,-0.0015783935461242127,0.0029197080291969435,-0.008196721311475419
2017-12-22,0.014458351316357199,0.0,0.003396409509946796,-0.032139577594123225
2017-12-26,0.030844501169963845,0.0012295801861936795,-0.005802707930367634,-0.007590132827324347
2017-12-27,-0.006603384234420195,0.008245614035087723,-0.0024319066147859836,0.006692160611854625
2017-12-28,0.004570004154549112,-0.00017400382808419046,0.0024378352023404215,0.0018993352326686086
2017-12-29,-0.018403639371381342,-0.006787330316742057,-0.012159533073929918,-0.025592417061611528
2018-01-02,0.008005055824731544,0.030138426493779624,0.00492368291482026,0.06809338521400798
2018-01-03,0.03239289446185989,0.0022112604184385543,-0.009309162175404229,0.051912568306010876
2018-01-04,0.024089068825910998,-0.0016972165648336812,0.015825914935707397,0.049350649350649256
2018-01-05,0.031033801146471474,0.0028901734104047616,0.009250243427458615,-0.01980198019801971
2018-01-08,0.006326687116564589,-0.0028818443804035088,-0.002411963338157297,0.03367003367003352
2018-01-09,-0.0005715374357020409,0.0017001020061204741,0.006286266924564687,-0.037459283387622055
2018-01-10,0.010293556995806252,-0.0015274949083503575,-0.015857760691974976,0.011844331641285955
2018-01-11,0.03245283018867928,0.0020397756246812726,0.0283203125,0.015050167224080147
2018-01-12,-0.003289473684210509,-0.0018659881255300714,-0.013295346628679927,-0.009884678747940745
2018-01-16,-0.018335166850018347,-0.00679809653297081,-0.012030798845043322,-0.009151414309484185
2018-01-17,0.008965259618976651,0.00941136208076676,0.015099853872381885,0.02267002518891692
2018-01-18,-0.0033320992225102097,0.0013561620613662395,-0.009596928982725572,0.023809523809523947
2018-01-19,-0.022845468053491857,0.004062976130015272,0.012596899224806224,0.009623095429029505
2018-01-22,0.0163467021478807,0.004383746417130352,0.013875598086124485,0.004765687053216894
2018-01-23,0.0028053113895643023,-0.005707570924962324,0.004719207173194961,0.02292490118577062
2018-01-24,0.004848936963819606,0.04203950700658443,-0.01033348990136218,-0.01777434312210191
2018-01-25,-0.0053823311061618195,0.02430330524951385,-0.005695301376364426,-0.023603461841070095
2018-01-26,0.0018660197798094913,0.0031635558367606453,0.008114558472553712,0.043513295729250556
2018-01-29,-0.02570311044887308,-0.0017344686218858651,-0.016571969696969724,0.028571428571428692
2018-01-30,-0.03421907857006312,-0.013741904912336178,-0.012999518536350396,-0.03378378378378388
2018-01-31,-0.0001979414093429277,-0.004484304932735439,-0.014634146341463428,0.06759906759906764
2018-02-01,0.0015838447832112745,0.0003217503217503026,0.011881188118811892,-0.03566229985443958
2018-02-02,-0.05534690650326157,-0.007880347378578345,-0.011741682974559686,-0.060377358490566135
2018-02-05,-0.06905210295040798,-0.04798184470740807,-0.057425742574257366,-0.0706827309236947
2018-02-06,0.03304113283884025,0.0022135194959986837,0.014180672268907513,0.006914433880726101
2018-02-07,-0.04025239338555264,-0.0032279986408426664,0.0020714655618849775,-0.0042918454935623185
2018-02-08,-0.025164361822715975,-0.04090676666098514,-0.02067183462532296,-0.03275862068965507
2018-02-09,-0.020465116279069773,0.015994313133108173,0.016358839050131913,0.008021390374331583
2018-02-12,0.04795821462488137,0.004198005947174899,-0.01194184839044643,0.03271441202475689
2018-02-13,-0.03035795197100144,0.00400627068454984,0.023121387283236983,0.008561643835616417
2018-02-14,0.060046728971962615,0.011103400416377474,0.019003595274781793,0.035653650254668934
2018-02-15,0.003526559400484963,0.020933424845573034,-0.003024193548387122,-0.0008196721311475308
2018-02-16,0.0026356248627277257,0.011260504201680677,0.006066734074823055,-0.03035274815422473
2018-02-20,0.004162102957283809,-0.017450556755858493,-0.0030150753768843908,0.016920473773265554
2018-02-21,-0.013307155322862307,-0.0021989174560215208,0.005544354838709742,-0.024958402662229484
2018-02-22,0.0409020561574176,0.0,-0.007017543859649145,0.010238907849829282
2018-02-23,0.016779949022939666,0.012205458552297044,0.015143866733972722,0.019425675675675658
2018-02-26,-0.0018800919156046758,0.013733043041366688,0.011934361014420691,0.028997514498757315
2018-02-27,-0.027417329426538295,0.00033041467041128314,-0.012776412776412727,0.008856682769726287
2018-02-28,-0.022595222724338226,-0.003633360858794399,-0.029367844698855228,-0.03351955307262566
2018-03-01,0.005504183179216193,-0.025526272169733133,-0.04102564102564099,-0.01734104046242768
2018-03-02,0.022115174074885058,0.011396496002721523,0.019786096256684482,-0.007563025210084007
2018-03-05,0.037703513281919454,0.015304406323578768,0.008914525432616838,0.008467400508044065
2018-03-06,0.0008257638315440907,0.008447904588371857,0.0025987525987525295,-0.012594458438287215
2018-03-07,-0.041254125412541254,0.0067345597897503495,0.022291342664592984,0.04081632653061229
2018-03-08,0.004733218588640398,0.009463207701093213,0.0030425963488844854,-0.022058823529411686
2018-03-09,0.03768736616702362,0.027961855503475075,0.03690596562184023,-0.022556390977443774
2018-03-12,0.003920759389187012,0.00031446540880497587,-0.0034129692832763903,-0.01538461538461533
2018-03-13,-0.005138746145940343,-0.006601697579377452,-0.00195694716242667,0.01041666666666674
2018-03-14,0.003512396694214992,-0.005379746835443067,-0.01666666666666672,-0.024054982817869552
2018-03-15,0.005970763845995375,-0.004295259306395072,0.002492522432701927,0.008802816901408494
2018-03-16,0.0024559967253376946,0.009426425946636785,0.01392342118349088,0.0008726003490400203
2018-03-19,-0.04124132298897498,-0.014561570117125666,-0.015203531142716997,-0.0034873583260680574
2018-03-20,0.030451448040885953,0.006264053967234284,0.0054780876494022746,-0.027996500437445393
2018-03-21,0.047530481504443056,-0.0036711891460494694,0.003962357602773636,0.013501350135013634
2018-03-22,-0.01163937660288017,-0.023870554309516234,-0.03552047360631472,-0.031083481349911124
2018-03-23,-0.012774451097804396,-0.02346955522730998,-0.019437340153452776,-0.025664527956003602
2018-03-26,0.020622725434694678,0.02638655462184869,0.04747000521648426,-0.01787394167450629
2018-03-27,-0.012083993660855774,-0.012935975110528908,-0.022410358565737032,-0.04214559386973171
2018-03-28,-0.022859434529777456,-0.017418712674187153,-0.012735608762098782,-0.018999999999999906
2018-03-29,0.038785142622614455,0.011649501941583651,-0.003095975232198289,0.024464831804281273
2018-04-02,-0.04188067957329111,-0.02853805073431248,-0.01863354037267073,-0.05174129353233847
2018-04-03,0.04020618556701039,0.013571551279848881,0.014240506329114,0.0020986358866736943
2018-04-04,0.011100099108027672,0.0077966101694915135,0.008840353614144592,0.023036649214659644
2018-04-05,0.02999411880023528,0.006727211570803915,-0.0020618556701030855,0.025588536335721557
2018-04-06,-0.02759802055576699,-0.03825593050451048,-0.008780991735537147,-0.04091816367265466
2018-04-09,0.00998238402818541,0.011290602744485012,0.0010422094841062712,-0.008324661810613976
2018-04-10,0.04050387596899219,0.015802129852284574,0.009890681936491452,0.047219307450157455
2018-04-11,0.02309554851927742,-0.011667230300980713,-0.004639175257731942,-0.01603206412825653
2018-04-12,0.0012743491716731281,0.006501283147989589,-0.0005178663904712444,0.026476578411405383
2018-04-13,0.02400000000000002,-0.005779364269930198,-0.023316062176165775,-0.014880952380952439
2018-04-16,-0.0014204545454544748,0.0133356129252864,0.007957559681697646,0.01611278952668682
2018-04-17,0.0016002844950213646,0.008942129239075225,0.001052631578947416,0.042616451932606436
2018-04-18,0.028226522279424904,-0.004682274247491569,0.011041009463722551,-0.01520912547528519
2018-04-19,0.004834254143646355,0.006048387096774244,0.015080603224128852,-0.02413127413127414
2018-04-20,-0.006701030927835028,-0.011523046092184464,-0.0010245901639344135,-0.011869436201780381
2018-04-23,0.01262757308424134,-0.005913161006926737,-0.0010256410256409554,0.005005005005005003
2018-04-24,-0.015203279808677861,-0.009007477906186279,-0.00462012320328542,0.004980079681274896
2018-04-25,0.02931483087597586,0.005830903790087438,0.005673027333677139,-0.037661050545094055
2018-04-26,-0.015166835187057748,0.01449275362318847,0.008205128205128087,0.13697219361482982
2018-04-27,-0.030971937029431795,0.0010084033613446675,-0.003051881993896166,0.006340579710145011
2018-04-30,0.006357054564718245,-0.02400940228341164,-0.012755102040816313,-0.02070207020702053
2018-05-01,0.011580979119143686,0.011869946671253961,0.001033591731266048,0.022977941176470562
2018-05-02,-0.0006938421509106174,-0.016490989459367555,-0.01342281879194629,-0.014375561545372895
2018-05-03,0.0031244575594515656,0.0013828867761451757,-0.02982731554160123,-0.003646308113035679
2018-05-04,0.01591970929226516,0.013982392542724043,0.02157497303128375,0.0320219579139982
2018-05-07,0.008686765457332601,0.00987402110997615,0.0026399155227032622,0.027482269503546153
2018-05-08,0.028537656197230588,-0.010283209710047148,0.004212743549236286,0.0017256255392579245
2018-05-09,0.02364143818748987,0.011752682677567572,-0.026219192448872608,0.02928509905254084
2018-05-10,0.015236567762630271,0.019528619528619506,0.017770597738287597,0.015062761506276168
2018-05-11,-0.009162717219589278,0.01155878467635385,-0.0058201058201058364,-0.01483924154987648
2018-05-14,0.006536989795918435,0.012406137773424808,0.0,0.023430962343096384
2018-05-15,0.0052273087280214625,-0.023863269912931417,0.009047365620010517,0.017988552739165886
2018-05-16,0.00236369366530087,0.00379914106375967,0.005801687763713037,0.029718875502008135
2018-05-17,0.024524445841848763,0.004772091492512676,0.02202412165705314,0.0
2018-05-18,-0.00782568666564376,0.010645266950540355,0.0020523345305285545,0.014040561622464809
2018-05-21,0.00943396226415083,0.0064819316156214946,0.00972862263184826,-0.0007692307692307443
2018-05-22,-0.02221541290026041,-0.01159233617774913,0.0010141987829614951,-0.0007698229407235857
2018-05-23,-0.01096834848010031,0.007330184069066714,0.004052684903748549,0.009244992295839749
2018-05-24,-0.011406844106463865,0.010834411384217146,0.005045408678102881,0.023664122137404542
2018-05-25,-0.05192307692307696,-0.002239641657334812,-0.009538152610441664,0.009694258016405666
2018-05-29,0.004563894523326617,-0.017155683822350443,-0.015205271160669054,-0.013293943870014702
2018-05-30,0.025744573447753716,0.012561174551386722,0.026762738033968114,0.034431137724550975
2018-05-31,-0.008858267716535417,-0.008699855002416657,-0.01403508771929829,-0.0065123010130245795
2018-06-01,0.022840119165838946,0.014301966520396503,0.00813421453990859,0.04879825200291332
2018-06-04,-0.015695792880258908,0.009774074667521226,0.005547150781644028,0.03125
2018-06-05,0.004109814236396447,0.00015867978419548123,-0.0025075225677031465,0.0
2018-06-06,0.008022265880812007,0.008091385054735722,0.020613373554549952,0.05521885521885528
2018-06-07,0.012343673867142968,-0.005665722379603388,-0.005418719211822687,-0.04977664326738984
2018-06-08,-0.007861382961655616,0.0014245014245015675,0.012877662209014318,0.02417730020147757
2018-06-11,-0.0006468305304011546,-0.002212739054844315,-0.00586797066014666,0.03147540983606567
2018-06-12,-0.02152103559870544,-0.0033264691905591226,-0.0054107230693557495,0.0076287349014620975
2018-06-13,0.0003307425169505329,-0.004609027336300087,-0.006923837784371778,0.029652996845425994
2018-06-14,0.007935195900148795,0.00526904039597631,0.006972111553784854,-0.0042892156862744946
2018-06-15,-0.015253403313104763,-0.0007941550190597724,0.010880316518298905,0.005538461538461492
2018-06-18,0.025982678214523602,-0.0014306151645206988,-0.0004892367906066397,0.047123623011015914
2018-06-19,-0.0032467532467532756,-0.0076408787010505685,0.006363191385217792,-0.0245470485096434
2018-06-20,0.020195439739413734,-0.003208213025344908,-0.015077821011673098,-0.010185739964050478
2018-06-21,-0.014846743295019116,-0.006276150627615107,-0.004444444444444473,-0.052663438256658535
2018-06-22,0.04634581105169322,0.003076923076922977,0.001984126984126977,0.009584664536741228
2018-06-25,-0.03531051571937427,-0.018889247659024777,-0.00099009900990088,-0.04367088607594949
2018-06-26,0.02375983303901119,0.0006582195162085913,-0.006442021803766185,0.02581072137657192
2018-06-27,0.02822643876430897,-0.005262292386120748,-0.014962593516209433,-0.03419354838709676
2018-06-28,-0.0001525087692541005,0.012894693337741847,0.0035443037974682845,0.022712090848363342
2018-06-29,0.02028676021964615,-0.004569936347315173,0.005045408678102881,-0.02090137165251471
2018-07-02,-0.029899835550904474,0.00016396130513185447,0.014558232931726867,0.011340893929286278
2018-07-03,0.016489443673909587,-0.003114754098360595,-0.0004948045522018552,-0.01055408970976257
2018-07-05,0.00636749545178894,0.008551225127445994,0.00990099009900991,0.03333333333333344
2018-07-06,0.017625790900873683,0.013533344203489284,0.011274509803921529,0.05548387096774188
2018-07-09,0.024574389341228686,0.0045045045045044585,0.017450315075133283,0.015281173594132058
2018-07-10,0.00563502384048542,0.0059256886611147586,-0.0076226774654597484,-0.0036122817579770095
2018-07-11,-0.0399425287356322,-0.0038210476038847974,-0.015842534805568964,-0.016918429003021207
2018-07-12,-0.0011972463334330996,0.0027169570081508887,0.0039024390243902474,0.01782421634910869
2018-07-13,-0.0029967036260112323,0.005100414408670817,0.013119533527696792,-0.017512077294685957
2018-07-16,-0.03997595431319512,-0.020298128766254364,0.005275779376498813,0.01905347264904722
2018-07-17,-0.006574827802129035,0.016510197474910893,0.009541984732824416,0.017490952955368178
2018-07-18,0.010715411282697707,0.031050955414012815,0.015595463137996202,-0.0011855364552459946
2018-07-19,0.00561272217025266,-0.014980694980694986,0.0046533271288971,-0.008308605341246333
2018-07-20,-0.0071317829457363535,-0.007212292254625274,0.009263547938860528,-0.012567324955116699
2018-07-23,0.0031230480949404615,-0.0018951358180668842,0.010096374483708148,0.00969696969696976
2018-07-24,0.012764632627646488,0.018987341772152,-0.0036347114947750114,-0.0282112845138055
2018-07-25,-0.0027666769136183156,0.012888198757764036,0.02918376652986776,-0.00864731315626932
2018-07-26,-0.008477188655980239,0.006592058868618578,0.010190518387239722,0.14330218068535827
2018-07-27,-0.011192289755945883,-0.006091989034419654,0.002192982456140413,0.03215258855585823
2018-07-30,0.01682125451972971,-0.001379098988660843,-0.00043763676148789177,0.025343189017951406
2018-07-31,0.01468769325912156,0.0056774589535062425,0.005253940455341555,-0.056127703398558326
2018-08-01,-0.012646655492914771,-0.011595971925541737,-0.004355400696864131,0.008183306055646655
2018-08-02,0.01574074074074061,-0.003087372645878439,0.00481189851268593,0.016774891774891776
2018-08-03,0.007292616226071136,0.010065035614741591,0.00217675228559,-0.01596593932943058
2018-08-06,0.009954751131221684,0.00015330369461885596,0.007819287576020795,0.05083829096809089
2018-08-07,0.004330943847072888,-0.007664009809932537,0.001293103448275934,0.006690684508491973
2018-08-08,-0.019628252788103984,0.0015446400988570197,0.028411536805854398,0.0010224948875254825
2018-08-09,-0.029273471864098344,-0.0030845157310303017,-0.014231896190874838,-0.02451481103166475
2018-08-10,0.004218749999999938,-0.009436881188118806,-0.002123142250530785,-0.0020942408376964927
2018-08-13,-0.014625797417146424,-0.009370607527721453,-0.005957446808510625,0.035152151101783824
2018-08-14,0.009316279804200356,0.0031530821377896423,0.020119863013698724,0.014698428788646689
2018-08-15,-0.03785982478097627,-0.0025145371680025397,-0.02014267729752417,-0.015984015984015998
2018-08-16,0.020162601626016352,0.010871277769024745,0.010278372591006502,-0.01878172588832494
2018-08-17,-0.006216130060567426,0.008728179551122262,0.0029673590504450953,0.022762545266425294
2018-08-20,0.00978348035284693,-0.0012360939431396156,0.004226542688081203,0.01062215477996964
2018-08-21,0.0069885641677254196,0.0017017326732673421,0.02314814814814814,0.02102102102102088
2018-08-22,0.028233438485804507,0.014208494208494127,-0.00987248046071576,0.02450980392156854
2018-08-23,-0.009817456665132673,0.002436424546977234,-0.01578728707935184,0.06650717703349285
2018-08-24,0.009140201394268077,0.004101473492328589,0.008442380751371825,0.07581875280394801
2018-08-27,0.015505066011667346,0.011195158850227038,0.0020929259104227604,0.053377814845704696
2018-08-28,-0.00559334845049142,-0.0007480550568521593,0.013366750208855471,-0.008313539192399078
2018-08-29,0.021739130434782483,0.005090582422518253,0.007419620774938185,0.0059880239520957446
2018-08-30,0.014283588751673904,-0.0016386116490392233,-0.0012274959083470316,-0.012301587301587258
2018-08-31,-0.012175443743582148,-0.0026857654431511335,0.0016386726751331793,0.011249497790277285
2018-09-04,-0.024651024651024644,0.004039497307001705,0.008588957055214674,0.11481922924116006
2018-09-05,-0.004110840438489749,-0.016540008940545414,-0.01175993511759943,0.01603706343549538
2018-09-06,-0.03730316465372263,-0.0025757575757575646,0.010258514567090593,-0.023500526131182142
2018-09-07,-0.005399396538033896,0.005772444174388491,0.011372867587327473,-0.016522988505747183
2018-09-10,-0.0012773431262973478,0.00513517595529378,0.006024096385542244,0.09167275383491602
2018-09-11,0.029256594724220708,0.0007513148009015147,-0.0011976047904191933,0.007025761124121788
2018-09-12,0.010562286424355527,0.005555555555555536,0.0,0.07009966777408638
2018-09-13,0.0027666769136180935,0.022846050470359813,0.0011990407673860837,-0.05371002794163304
2018-09-14,0.01180257510729632,-0.0011678832116788218,0.019560878243513047,0.0734908136482939
2018-09-17,0.011513407059536185,-0.010961707103186225,-0.006656225528582693,-0.008863080684596514
2018-09-18,0.0262093754680246,0.010935421900398978,-0.07686243594797004,-0.015417823003391895
2018-09-19,0.013134851138353776,0.0013155971349219087,-0.015371477369769404,-0.022549326652051338
2018-09-20,-0.0005762028233938787,0.004233576642335812,0.031222896790980226,-0.000961230374879829
2018-09-21,0.016287114442202544,0.0037796191306873617,0.029015979814970505,-0.005131494547787052
2018-09-24,0.021699049780173008,0.0346125995655322,-0.010216591744993897,0.05125725338491294
2018-09-25,-0.005552470849528146,0.010638297872340496,0.011973575557390648,-0.0012266176019625208
2018-09-26,-0.01675041876046901,0.008864265927977844,-0.012239902080783405,-0.011667178385016963
2018-09-27,0.016183986371379966,0.0024711696869850197,-0.0012391573729862992,0.012426219322771326
2018-09-28,0.0,0.004656258559298854,-0.0028949545078578165,-0.05216324025774788
2018-10-01,0.04205085219335025,0.010359869138495181,-0.0016590626296142386,0.017157656199417337
2018-10-02,-0.016490146132189354,-0.004182406907717207,-0.0032405484004985885,-0.07638446849140679
2018-10-03,0.00845147219193021,-0.023980490448448633,0.008419473157719182,-0.02033080634045481
2018-10-04,-0.01892403352257377,-0.0030538589672406413,0.00950648921220143,-0.022863172704889134
2018-10-05,-0.0019289060347202902,-0.003341687552213757,-0.005732066819521764,-0.015478761699064036
2018-10-08,-0.018360022087244632,-0.0019558535903884122,0.003047273925218308,-0.03254113345521026
2018-10-09,0.02053157080579382,-0.0020996640537512823,-0.004680187207488307,0.02947845804988658
2018-10-10,-0.07413531762436265,-0.03324449431897891,-0.0421547599406038,-0.08223201174743022
2018-10-11,-0.02515255246316417,-0.007835171213000702,-0.036517095857376614,0.01200000000000001
2018-10-12,0.010076335877862608,0.01389295115530853,-0.015017430946634547,0.04110671936758892
2018-10-15,-0.007859733978234473,-0.009086975335352632,0.015427897268354585,-0.0030372057706908873
2018-10-16,0.0024375380865324647,0.03275109170305668,0.029225131825900474,0.07311500380807301
2018-10-17,-0.015501519756838888,-0.01014799154334034,0.0018235498436958153,-0.031227821149751533
2018-10-18,-0.010342698363692504,-0.02975936209597041,-0.018375660917049563,-0.02490842490842493
2018-10-19,-0.008579004835439052,-0.008071617258585184,0.007328918322295763,-0.1111945905334335
2018-10-22,-0.009754562617998785,0.01375943186861961,0.005084151472650733,0.05790363482671168
2018-10-23,-0.023991102637432427,0.0007297139521307283,-0.005756148613291434,0.00239712345185783
2018-10-24,-0.053231320201855836,-0.023771328569345163,-0.06780701754385965,-0.09166998804304505
2018-10-25,0.014270976616231223,0.010905288317896611,0.018819986826009272,-0.1544537077665643
2018-10-26,-0.014917782675029745,-0.010048766070636983,-0.009513253902281305,-0.08510638297872342
2018-10-29,-0.033557046979865834,0.004776832363039274,0.014173815740395446,-0.04424276800907534
2018-10-30,0.01638176638176647,0.010251077105927653,0.008458992276572319,0.020771513353115667
2018-10-31,0.005606166783461708,0.013823529411764568,0.000547045951859948,0.0587209302325582
2018-11-01,0.0076655052264809065,0.017551494052799654,0.02606160014579917,0.11037891268533762
2018-11-02,-0.025760719225449535,0.0005702066999286881,0.007726465364120916,0.0004945598417409602
2018-11-05,0.04063886424134866,0.0028494087476849117,0.005111483211421408,-0.016312407315867583
2018-11-06,0.0003410641200545239,0.008097741156414262,0.02025427444103456,0.039195979899497635
2018-11-07,0.03784520968291871,0.02170236753100352,0.002921966311447255,0.05609284332688591
2018-11-08,-0.02710249671484899,0.006344827586206803,0.018851756640959838,-0.02930402930402931
2018-11-09,-0.0013506668917777631,-0.002330043859648967,-0.010849453322119507,-0.008018867924528217
2018-11-12,-0.02857142857142858,-0.030636076384118804,-0.019811240540770325,-0.09510223490252023
2018-11-13,-0.026105116602854195,-0.015164399092970626,0.014312977099236734,0.030478192327903164
2018-11-14,0.001072194424589057,-0.0011512447834221007,-0.007696912682801704,0.06119326874043862
2018-11-15,0.02142092109960725,0.019017432646592836,0.01232439886236314,0.03267659778952425
2018-11-16,0.008039147151345682,0.018521136717093212,0.005959475566150285,-0.03862261516984633
2018-11-19,-0.012482662968099856,-0.02082176568573013,-0.015148950575490816,-0.07502420135527588
2018-11-20,-0.0368679775280899,-0.020981003685852095,-0.03274039700953857,0.005232862375719627
2018-11-21,0.024243528982865525,-0.0076744859542426935,0.020788912579957408,-0.024986985944820406
2018-11-23,-0.045203772913329776,-0.006128702757916216,0.003046127067014792,0.03470368392952472
2018-11-26,-0.010251630941286116,0.010277492291880908,0.01119305856832975,0.03611971104231171
2018-11-27,0.0018832391713747842,0.013079494259555124,-0.029174532349407922,0.0483067729083666
2018-11-28,0.015601503759398394,0.04475684980634065,0.0453420540922751,0.013776722090261151
2018-11-29,0.0075883768276883146,0.005904160373472633,0.00727149742115496,0.004217432052483483
2018-11-30,-0.010102865540044026,0.010783510783510586,-0.0020985478049190265,-0.006066262249183385
2018-12-03,0.04750417517164607,0.002970965563808159,-0.00832772543741589,0.11314553990610321
2018-12-04,-0.02710363153232953,-0.037296351151205,-0.06361862753414205,-0.10923660902572752
2018-12-06,-0.028222869628550695,0.0005594405594406826,-0.013044659842377015,0.008522727272727293
2018-12-07,-0.014240209855724162,-0.022225328487559426,-0.03386874713171173,-0.08638497652582156
2018-12-10,-0.021288728378635158,0.013867047891350959,-0.014155424662740002,0.027235354573484027
2018-12-11,0.009516410953583021,0.012972363226170458,-0.009347595644213169,-0.0005002501250623848
2018-12-12,-0.00461716044632543,0.009604677060133682,0.013910505836576048,0.025025025025025016
2018-12-13,0.00908388094317747,-0.004825589411277975,-0.004605200038376722,-0.0302734375
2018-12-14,-0.025090978739705116,-0.019673039623164357,-0.026795180722891554,0.002014098690835908
2018-12-17,-0.022396856581532454,-0.014273600904465833,0.008022184807368493,-0.053768844221105505
2018-12-18,-0.04923633440514463,0.004731182795698841,0.00196502259775988,0.03558151885289451
2018-12-19,-0.027689706193193886,-0.015410958904109595,-0.030398117277897763,-0.06871794871794867
2018-12-20,-0.054130434782608705,-0.008985507246376923,-0.014765372168284774,-0.012114537444933848
2018-12-21,-0.04642610894047339,-0.016232816613044765,-0.018271402176144536,-0.056298773690078074
2018-12-24,-0.12195709809592681,-0.02541994945741033,-0.044542032622333805,-0.016538688718251704
2018-12-26,0.11034861377985195,0.06192800488102512,0.06565988181221272,0.07507507507507505
2018-12-27,0.026946847960444886,0.014507325481183386,-0.003696857670979714,-0.022905027932960897
2018-12-28,-0.027924891670678798,0.006512813252159244,-0.008864151721294622,0.018867924528302105
2018-12-31,0.002971768202080227,0.017442678295118696,0.016118968386023225,0.03591470258136931
2019-01-02,0.04296296296296309,-0.03912622701506985,-0.007573431583256518,0.02004333694474525
2019-01-03,0.0035511363636362425,-0.04719424460431654,-0.027946787666288442,-0.09453000531067435
2019-01-04,0.07784854918612871,0.02854122621564481,0.042435815828559376,0.11436950146627556
2019-01-07,0.04793171372291538,0.014975774482454796,0.0018318746183594303,0.08263157894736839
2019-01-08,0.012531328320801949,-0.01200636481990447,0.01970743600162539,0.00875060768108904
2019-01-09,0.034653465346534684,0.016691068814055576,0.023809523809523725,-0.026987951807228905
2019-01-10,0.035685805422647654,-0.005184331797234987,0.012357691933443604,-0.022288261515601926
2019-01-11,-0.013089509143407119,0.0036189924724956413,-0.011437908496732097,0.02684903748733536
2019-01-14,-0.008972108445484683,-0.015289196595990262,-0.010014584346135114,-0.0019733596447951696
2019-01-15,0.01987797677622516,0.03222498901420834,0.005794539383225272,0.007414730598121588
2019-01-16,-0.010420686993438788,-0.009223783170143385,0.028903427399668002,-0.031894013738959726
2019-01-17,0.010920436817472678,0.010025780578630794,0.005029894656923162,0.026355803345159634
2019-01-18,0.018711419753086433,0.01276233692569484,0.037393767705382386,0.02567901234567893
2019-01-22,-0.01779965915546311,0.0009801176141135404,-0.010922992900054607,-0.04862782859894066
2019-01-23,-0.015808752650857905,-0.022100993145894532,-0.01573716178906681,0.002024291497975561
2019-01-24,-0.0009794319294808007,0.013588900014304128,0.011407199625993458,0.05303030303030298
2019-01-25,0.04117647058823537,0.004092576912221313,0.00905981325691041,0.05179856115107895
2019-01-28,-0.02580037664783441,-0.02951510892480691,0.0016491067338524346,-0.07979936160510714
2019-01-29,0.0027063599458727605,0.009268645908761863,-0.0047562425683709275,-0.046085232903865236
2019-01-30,0.03971467129361872,0.02855502941598531,0.0031247128021321124,0.19948051948051937
2019-01-31,0.0012979788614870813,0.018136160714285587,0.029500687127805847,0.0571676050238199
2019-02-01,0.030740740740740735,-0.008495478213209173,0.01263682477529593,0.004096681687832948
2019-02-04,0.00017966223499832346,0.001934770591486945,0.010633623341242515,-0.015503875968992387
2019-02-05,-0.022633375246991272,0.008413793103448253,0.00678260869565217,-0.03398259428097805
2019-02-06,0.009740856460209502,0.005197647380659198,-0.005786837104854059,-0.0021450021450020174
2019-02-07,-0.04623225336730974,-0.010205470131990801,-0.009295456519850531,-0.02536543422184001
2019-02-08,0.0013358778625953693,0.008111080560901929,0.0351631006664328,0.01676224084693434
2019-02-11,0.021154945683247606,0.002863766534842549,-0.02185514612452344,-0.0039045553145335976
2019-02-12,0.02911534154535289,0.020669023660592867,0.019398978089546937,-0.0060975609756097615
2019-02-13,0.015596663039535663,-0.009059419131361657,0.001784045535638601,0.0013146362839615566
2019-02-14,0.019107142857142767,-0.0055122344716320715,-0.016960651289009476,0.012253829321662968
2019-02-15,0.008936393902225337,0.017304312559145663,0.03286749482401663,0.023778642455685395
2019-02-19,0.0001736714136852946,-0.0033222591362126463,-0.0019209888916729145,0.011402027027026973
2019-02-20,0.01823233200208363,0.007200000000000095,0.012803347280334831,0.0
2019-02-21,-0.016371077762619368,-0.005295207836907623,0.0029744691398827516,-0.0012526096033401712
2019-02-22,-0.009015256588072229,0.013175405908969928,0.012521624516022678,0.018394648829431315
2019-02-25,0.006648005598320461,0.009588861158544626,-0.002359450004067898,0.014367816091954033
2019-02-26,0.002606882168926017,-0.001431173562321142,0.005300929701516743,-0.02023472278429783
2019-02-27,0.007800312012480548,0.0062540716612378144,0.015656688569806176,-0.030152829409334947
2019-02-28,-0.004987960096319188,0.005049851094134361,-0.0012779552715654896,0.002129471890971013
2019-03-01,0.02385479688850478,0.01249677918062364,0.01407549584133072,0.006374840628984302
2019-03-04,0.0016883336147222039,0.00038172795521052016,-0.01995268138801265,-0.013091216216216117
2019-03-05,-0.0030338783077701326,-0.005087763927753786,-0.004425846946165546,0.005562687205819428
2019-03-06,-0.040743871513102214,-0.00664791613398108,-0.020853540252182334,-0.046382978723404245
2019-03-07,-0.0022911526260134263,-0.011583011583011671,-0.008915304606240682,-0.014725568942436484
2019-03-08,-0.028440204910793132,-0.002213541666666652,-8.329168748966165e-05,-0.0031702898550722836
2019-03-11,0.016909090909090985,0.015398668928618076,0.010828821324448068,0.04316219900045426
2019-03-12,0.022885750044698838,0.005526281968898594,0.005274000824062597,0.023083623693379796
2019-03-13,0.014857542387694433,0.004856850715746486,0.0028690876301336043,-0.004682843763303524
2019-03-14,-0.0017223561832587775,0.004578987534978429,0.007193068497629573,-0.0239520958083832
2019-03-15,0.005003450655624464,0.011142061281336879,0.017123843531894112,0.02059596844872913
2019-03-18,0.015107296137339077,-0.012897570748810483,0.019628181600574557,-0.0017174753112924046
2019-03-19,-0.019279553526128868,0.014334644171000832,-0.020189373190390603,0.11827956989247301
2019-03-20,0.033798930850146514,-0.0002501250625311924,-0.02212283363948564,-0.011538461538461608
2019-03-21,0.01417848206839012,0.001501125844383333,-0.00343025155178045,0.08521400778210131
2019-03-22,-0.033717105263157854,-0.02610542093429935,-0.03974758236354692,-0.05449982072427395
2019-03-25,0.013446808510638286,0.0033346158779017365,0.008022531364683783,-0.01516875237011761
2019-03-26,0.026032919046019565,0.009842771315352161,0.035221403776140914,-0.010781671159029504
2019-03-27,-0.013586511704043347,-0.0034177215189873378,-0.0019628690602764287,-0.031140521603736926
2019-03-28,0.011616329239960255,0.009018163343071262,0.0011472588707694964,0.0068300522298110344
2019-03-29,-0.011975065616797953,0.006294058408861991,-0.00016370631087825327,0.018355945730247347
2019-04-01,0.010127843267474734,-0.00350262697022774,0.02365943512075308,0.03291536050156729
2019-04-02,-0.008053911900065769,-0.0005021340697964893,0.0016794625719769307,0.01479514415781491
2019-04-03,-0.013090306545153307,-0.0015071590052750938,0.006227544910179628,0.08485981308411206
2019-04-04,0.01997985224983201,-0.011069182389937038,0.00039673093707848217,0.002412129565816601
2019-04-05,0.03703703703703698,0.004833375731366107,0.006900380710660015,-0.003781368167755206
2019-04-08,0.0012698412698413097,-0.006075949367088662,0.009531311539976217,-0.01552795031055898
2019-04-09,-0.008560558021559861,0.0019103413143148895,-0.015293383270911343,-0.045215562565720346
2019-04-10,0.013111608570514965,0.0038133977373839834,0.007290015847860598,0.021659324522760537
2019-04-11,-0.0011047979797980112,-0.005824996834240759,-0.0001573316551291004,-0.0014372978799855884
2019-04-12,0.044398799178385184,-0.006368615462998384,0.006608969315499591,0.0021590500179922145
2019-04-15,-0.008472012102874293,-0.006537623381617785,-0.007894325465061636,-0.018671454219030603
2019-04-16,0.011748550503509314,-0.01445161290322583,0.016150634207831027,0.021953896816685026
2019-04-17,-0.005881465842256128,-0.04582351400890283,-0.022561637463172524,-0.01575366988900828
2019-04-18,-0.0009101941747573505,0.014270032930845389,-0.0008725311334972785,0.006911604219716372
2019-04-22,0.030671120558760867,0.007981601731601673,0.0015084153699587155,0.018063583815028927
2019-04-23,-0.006187389510901586,0.021339417527848514,0.011573523583036094,-0.0074520936834634455
2019-04-24,-0.023865994663504253,0.00854139290407363,-0.0032129143484053158,0.017518770110833026
2019-04-25,-0.025360668185269386,0.017719869706840363,-0.003380503144654101,-0.028109627547435068
2019-04-26,-0.005141788719227214,0.005761106132377458,0.007099471483789532,0.00795372378886472
2019-04-29,0.0010963194988253822,-0.0036914460285133455,0.02247983081381677,-0.0068149210903872826
2019-04-30,0.0031289111389236623,0.016481410502108274,-0.0019151218017465776,-0.0021668472372698977
2019-05-01,-0.015751715533374955,-0.010306686777275087,-0.008826464041753024,-0.0296778863554108
2019-05-02,-0.018697512280145823,0.0005080010160021242,-0.0077435341489855425,0.05520328235732941
2019-05-03,0.02099144195058944,-0.0011424219345012032,0.023802091462463038,-0.002474372569812644
2019-05-06,-0.006642416574410781,0.004829076121489306,0.002820336915923427,-0.02834868887313957
2019-05-07,-0.00811972615825518,-0.027317566713039088,-0.037473396169048434,-0.027716994894237845
2019-05-08,0.018298555377207038,-0.008971525159277016,0.009081576245755452,0.016129032258064502
2019-05-09,-0.0028373266078184356,0.002623983206507585,-0.00954766004069496,0.0044296788482836025
2019-05-10,0.005058488776477965,0.0003925673907354543,0.006637168141592875,0.027563395810363822
2019-05-13,-0.010695187165775444,-0.012426422498365008,-0.03846153846153855,-0.06151645207439205
2019-05-14,0.020349761526232246,0.007019867549668879,0.006693877551020355,0.041158536585365946
2019-05-15,0.013399813025864793,0.006313297382612104,-0.014677262406746605,0.009516837481698293
2019-05-16,0.020141451414513956,0.0011763168213303477,0.031355443996378796,0.015591007976794913
2019-05-17,-0.009947249434815286,-0.008224543080939895,-0.01779444621768267,-0.018207782934666294
2019-05-20,-0.006241437052823873,-0.0026326181387390513,0.0022747583069298027,-0.029818181818181855
2019-05-21,0.018075980392156854,0.003431437244292068,0.002836994407068083,0.02511244377811095
2019-05-22,-0.0356605476978632,0.003025121662501684,-0.012043323634012282,0.002193784277879196
2019-05-23,-0.07926353565298805,-0.008261211644374655,-0.01857154544710804,-0.038307187157971545
2019-05-24,0.007795288934078881,0.017850059500198467,0.00216738912971004,0.003034901365705611
2019-05-28,-0.004876408273078892,-0.01649779163419085,-0.02121111295957412,0.0979576399394857
2019-05-29,-0.010814464346062924,-0.000528331792365555,0.0001699668564629775,-0.03238029624526362
2019-05-30,-0.012811752647762242,0.011232985331042666,-0.013255161865918907,-0.0021359914560341586
2019-05-31,-0.03339678145007785,-0.005096706743335067,-0.010936019977611289,-0.022119158044951903
2019-06-03,-0.020229144289294676,-0.0055168790227243525,0.012798189099773705,0.006202116016052361
2019-06-04,0.020281381326512138,0.023114515915995337,0.034470901745035754,0.07215373459028296
2019-06-05,-0.029727793696275095,0.015879163439194377,-0.0025760345687220187,-0.002367264119039536
2019-06-06,0.02473237356958302,0.017791333079171467,-0.003999000249937601,0.07864406779661026
2019-06-07,0.018551873198847213,0.008115869646647456,0.0025094102885820924,0.018541797611564936
2019-06-10,0.012908930150309583,0.00656428040624224,0.017021276595744705,0.025300833076211005
2019-06-11,0.012569832402234526,-0.0018456995201180382,0.003199606202313632,-0.02467649714113751
2019-06-12,-0.022241379310344866,0.010231755424063183,-0.0015538109257441368,-0.007096575131132266
2019-06-13,0.02821371892082536,0.00414887126296537,-0.0005733475305103042,-0.02454940957116214
2019-06-14,-0.01817870005144917,-0.0008506501397497201,-0.01163743648582205,-0.03281299776999047
2019-06-17,0.010655021834061085,-0.002067623449282463,-0.01061359867330014,-0.03820816864295129
2019-06-18,0.014690632561354944,0.01669713589274835,0.022795843110962277,0.042808219178082085
2019-06-19,0.0035769034236075026,0.010908654998801115,-0.005899705014749346,0.0016420361247948545
2019-06-20,0.04073319755600813,0.007233487489624046,0.01335311572700304,-0.01606557377049178
2019-06-21,-0.001956947162426559,0.0007063809748057981,-0.016349438750610013,-0.030323225591469494
2019-06-24,0.0063725490196078205,-0.0034117647058824474,-0.011080790539981789,0.005498281786941561
2019-06-25,0.009741841207988156,-0.0055483414000707665,-0.0051843799648800815,-0.0136705399863295
2019-06-26,0.05129442032481113,-0.015194681861348536,-0.0008405480373202545,0.03672903672903671
2019-06-27,-0.016671765065769173,0.00879942140790746,0.021115504332464008,0.027406417112299408
2019-06-28,-0.011199253383107899,0.00489903214243026,-0.01178118306145981,-0.012036434612882174
2019-07-01,0.01101148340412128,0.004637336504161649,0.027177990829512222,0.027329601580507124
2019-07-02,-0.025361755095689942,0.005444431293644358,-0.015745475204934634,0.0012820512820512775
2019-07-03,-0.0035121328224776427,0.008122424955856467,0.021192380638245245,-0.0016005121638923425
2019-07-05,0.009452098686318466,-0.002568893040635234,0.009286175710594202,0.009939083039435692
2019-07-08,-0.020631645770512574,-0.0038632638726293633,-0.012721017681414426,0.017142857142857126
2019-07-09,0.0055096418732780705,0.002115407215888876,0.002431118314424552,0.034644194756554336
2019-07-10,0.018211120064464126,0.0012900199366716603,-0.010832659660468869,0.019306184012066296
2019-07-11,-0.010921177587844166,0.004567814476458265,-0.005312193527296505,-0.021604024859425808
2019-07-12,0.01024163866218597,-0.021569313279701463,0.02694930572672738,0.00453720508166966
2019-07-15,-0.015206716299699052,-0.00131077216396569,-0.008000640051204044,0.035531466425775315
2019-07-16,-0.007559916358372165,-0.007755637752058342,0.0065327849020082596,-0.015702239022971742
2019-07-17,-0.03322528363047006,0.03126503126503133,-0.027644230769230838,-0.00738552437223039
2019-07-18,0.0033528918692373733,0.02332089552238803,0.007169344870210148,-0.017857142857142905
2019-07-19,0.012698412698412653,-0.0030765724703738506,-0.008836524300441795,-0.014848484848484889
2019-07-22,-0.0031347962382445305,0.006629329066178968,0.007181773155027216,0.010458320516764097
2019-07-23,-0.002979145978152964,0.0076075848756671505,0.01311367920662243,0.019482496194825005
2019-07-24,0.005976095617529875,-0.0016903313049356772,0.010193350052584815,0.01851298895192577
2019-07-25,-0.013036303630363011,-0.0066598938932159735,-0.006006246496356171,-0.012899442978598574
2019-07-26,0.0003343922420999679,-0.0028409090909090606,0.008056719303899396,0.01039501039501034
2019-07-29,0.002507103459802762,0.00911680911680901,-0.009750639386189253,-0.01587301587301604
2019-07-30,0.03367789263087695,-0.0027103331451157064,0.005004035512510052,0.011648745519713177
2019-07-31,0.04580645161290331,-0.013701732533122013,-0.014696434307741701,-0.10097431355181574
2019-08-01,-0.01819864281307848,-0.011710677382319123,-0.0342326187953379,-0.01937602627257795
2019-08-02,-0.02686145146088581,-0.0030204460966543056,-0.010549413452612066,-0.014065639651707929
2019-08-05,-0.05052461662631158,-0.030995106035889064,-0.051091777550324124,-0.049252717391304435
2019-08-06,-0.022441346480788882,0.020442520442520484,0.017887640449438136,0.031082529474812493
2019-08-07,0.009043478260869708,-0.0030638699033702643,-0.018632991875662253,0.011434511434511574
2019-08-08,0.040158566011720076,0.01134751773049647,0.04733195356789355,0.16204179513532035
2019-08-09,0.0044739022369510995,0.012388966806919255,-0.018300541283615357,0.007959905660377187
2019-08-12,0.003134279115803551,-0.0226275686908336,-0.031682128478907834,-0.051477040070195934
2019-08-13,0.019898043085018857,0.0263406567446256,0.018618944323933517,-0.00986740672217079
2019-08-14,-0.04288939051918739,-0.033950972493957954,-0.027506654835847466,-0.05823730924945503
2019-08-15,0.00438005390835583,0.0,0.017974452554744502,-0.018849206349206282
2019-08-16,0.0033545790003355336,0.010007147962830532,0.03585193152281074,0.050893158072126576
2019-08-19,0.05566700100300892,0.009200283085633476,0.020939690231028818,0.00962155227710082
2019-08-20,-0.008709422011084711,-0.01192145862552585,0.0006780235613188523,-0.02414231257941557
2019-08-21,0.03562300319488809,0.004258339247693366,0.0018633014313544916,0.03190104166666674
2019-08-22,-0.013573962671602602,-0.006242638398115452,0.0006763039986474872,0.006309148264984188
2019-08-23,-0.06864738076622356,-0.0289202323100628,-0.03083551575568133,-0.07398119122257052
2019-08-26,0.006044325050369448,0.014524594165751248,0.003225244072524447,0.025050778605280932
2019-08-27,-0.003504672897196248,0.006376323387872862,-0.0012164393083673453,-0.0026420079260238705
2019-08-28,0.0288058951599397,0.006814106395696351,0.012092214006089508,0.01920529801324511
2019-08-29,0.013185739866514723,0.007124198527665548,0.02088705518308398,0.02176738141650425
2019-08-30,0.011407455012853562,0.005894836123555791,0.003367853835143597,0.0
2019-09-03,0.005242255758538539,-0.014767932489451407,-0.02467063858353613,-0.01748807631160576
2019-09-04,0.027812895069532217,0.0019034023316677473,0.013077518712896863,0.0016181229773462036
2019-09-05,-0.0007687576875770041,0.01994775587746389,0.013757961783439576,0.017770597738287597
2019-09-06,-0.01461763348207401,0.0016298020954599313,-0.006869397671106725,-0.02984126984126989
2019-09-09,0.00031230480949395734,-0.02115295211529533,0.01670181358076772,-0.0019633507853402676
2019-09-10,-0.013268810490165484,-0.01199240085490394,0.0030697751597112966,-0.008852459016393421
2019-09-11,0.027527289985761705,0.0157433000841245,0.012406947890818865,-0.015547469401256953
2019-09-12,-0.022632794457274952,0.008163748225272105,0.0008169934640522847,0.015120967741935498
2019-09-13,-0.004095778197857558,-0.011031569064663738,0.00742857142857134,0.01588877855014892
2019-09-16,0.11183169882948452,-0.010798623472172753,-0.005429057612835297,0.00456174649723029
2019-09-17,-0.035424669227486216,0.002639155470249399,0.011406224539677323,0.00518975024326962
2019-09-18,-0.013126843657817133,0.00071787508973431,0.011277589817947575,-0.0183930300096804
2019-09-19,-0.019877447317291908,-0.004901960784313708,-0.0005575912059901933,-0.004273504273504369
2019-09-20,0.0013723696248857387,0.00420521446593769,0.016816768948752614,-0.007923407065037913
2019-09-23,-0.002436424546977234,-0.005025125628140725,0.008700423263834356,0.019633943427620704
2019-09-24,-0.01816516562356907,-0.008658008658008698,0.0033413629652654375,-0.03655352480417762
2019-09-25,-0.01243781094527352,0.005094614264919972,-0.0013166047087981303,0.0006775067750677266
2019-09-26,-0.028967254408060472,-0.002413709872073455,-0.002559131446296936,-0.0023696682464454666
2019-09-27,-0.02512970168612183,-0.009920154851197571,-0.009718550769709178,-0.025449609772650206
2019-09-30,0.005820721769499215,0.022360703812316585,-0.001099159927769544,0.009401114206128103
2019-10-01,0.0023148148148148806,-0.021871638580136188,-0.033482669181796765,-0.007933770265608708
2019-10-02,-0.02144506763444398,-0.028225806451612878,-0.028787509148572754,-0.015646731571627326
2019-10-03,0.041638570465273084,0.019363762102351245,0.003349242233944505,0.013069586718474024
2019-10-04,0.00971030911150672,0.011348217589737253,0.021947759325711358,0.011506276150627714
2019-10-07,0.004968744991184604,-0.011586778875472437,-0.013800424628450103,-0.0027576697690452345
2019-10-08,-0.009250398724083064,-0.031219151036525172,-0.02666225055891358,-0.0241963359834082
2019-10-09,0.03589826142949115,0.012609858616736691,0.013015737983836706,0.008147360963514094
2019-10-10,0.024242424242424176,0.008050314465408714,0.01016123614376907,-0.0028109627547435734
2019-10-11,0.013048095888332556,-0.006363863239331247,0.011638540194529812,0.04827343199436229
2019-10-14,0.006290250112325868,0.0023860354137887896,-0.0018078724628153298,0.026218487394958023
2019-10-15,-0.01577615716624503,0.027060886995740496,0.01811146785214457,0.006223386832623579
2019-10-16,-0.013609556933313005,-0.0024396194193706533,0.0016172070833671004,0.0029296875
2019-10-17,-0.001073125862333435,0.007336757153338258,0.001614595947364128,0.0107108081791627
2019-10-18,-0.0032228360957641256,0.004976936149551081,-0.004352381719996745,-0.005459216441875414
2019-10-21,0.014780600461893778,-0.013769778958811485,0.017485631020804693,0.034226670971908346
2019-10-22,0.024882415414959835,-0.013594611145131608,0.0008751690667514467,-0.01623477989384947
2019-10-23,-0.013767579570688304,0.009063819220263003,-0.0003974562798092496,-0.004760393525864881
2019-10-24,0.0037526268387870765,0.001107419712070845,0.001988071570576455,0.011479591836734748
2019-10-25,-0.0013458950201884479,0.003564405113077651,-0.0019047619047618536,0.03121059268600268
2019-10-28,-0.003144654088050425,0.012369871402326815,0.016300890585241756,0.029960256802201046
2019-10-29,0.018476791347453947,0.009557222356641804,0.010953759486738157,-0.019590382902938464
2019-10-30,-0.04483775811209423,0.006710605152786098,-0.006578438201377601,0.003027550711474536
2019-10-31,0.015287214329833043,-0.004761337935960119,-0.016983483951386824,0.024147298520977856
2019-11-01,0.04806083650190107,-0.011362277239564733,0.010540497701696072,0.028293545534924913
2019-11-04,0.004788855028297734,-0.005323009920154775,0.007450396047368857,0.0401261106334192
2019-11-05,0.006643558636626246,0.0014594989053757779,0.003814416939124765,-0.0038578120694405804
2019-11-06,-0.014921090387374547,0.009472917172698603,0.0023264831329974367,-0.006085753803596106
2019-11-07,0.030148558112438106,0.0032483156881617514,-0.0019342359767892114,0.009741163373225836
2019-11-08,0.015834864979499264,0.00419714594076015,0.005503875968992267,0.0002756339581035938
2019-11-11,0.013221990257480831,0.00023883448770023463,-0.003700562793925055,0.0005511160099200829
2019-11-12,-0.01359890109890105,0.00692454632282713,0.005571461734891203,0.011016248967226527
2019-11-13,-0.03954880935802818,-0.001422812425895259,-0.010388611004232384,0.022064832470716444
2019-11-14,-0.01623894446860963,-0.0011873664212775914,0.012441679626749469,0.022121535181236718
2019-11-15,0.002505526897568222,0.01890156918687569,0.003225806451613078,0.005475880052151272
2019-11-18,-0.018082916789179504,-0.016917512542293678,0.003674781809829941,0.034232365145228316
2019-11-19,-0.008833657733193667,0.000356040826014814,0.004118993135011406,0.03535606820461368
2019-11-20,0.014048338368579882,-0.004745521414165399,-0.0009115770282587254,-0.0075078711552434285
2019-11-21,-0.0032772232980783356,-0.002503278102276685,-0.008135644768856642,-0.0356271351878964
2019-11-22,-0.03796144074129415,0.0007170172084127735,0.0013798390187811371,-0.009362348178137747
2019-11-25,0.005903371135622004,0.008956293288750805,0.01240143917936165,0.016347381864623367
2019-11-26,-0.018223938223938196,0.011007219789324285,0.0006049149338376303,-0.02010555415933646
2019-11-27,-0.007078810759792442,0.0,0.013375651779641728,0.010771992818671361
2019-11-29,-0.016318124207857942,0.0003512058066026391,-0.001938851603281111,-0.006597310327328021
2019-12-02,-0.014495087775809434,-0.011000585137507235,0.0,-0.01072796934865905
2019-12-03,-0.022879555482921976,-0.0017749378771744206,-0.025104602510460317,0.004389362251484785
2019-12-04,0.023917042983776504,0.00972024656235182,0.020769466584917184,0.02030848329048851
2019-12-05,-0.004410323423717721,0.0007043907020425344,0.00833395900593148,-0.0017636684303351524
2019-12-06,0.021493027071369797,0.002815579540122126,0.010275502606105658,0.0002523977788997378
2019-12-09,-0.008191455187921637,-0.018834815161441254,-0.0024321933962264675,-0.017663386323492403
2019-12-10,-0.00032388663967619635,0.008227018004053788,-0.0005910602142592536,0.013100436681222627
2019-12-11,-0.002105945245423513,0.0041390728476820016,0.0013306719893544372,0.0007606490872211769
2019-12-12,0.028896103896103975,0.012483806383229323,0.007751937984496138,0.07904737775525716
2019-12-13,-0.016724518775639075,0.004420146562754468,0.0004395604395603936,-0.03381075369805131
2019-12-16,0.03658536585365835,0.0005790387955995069,0.005711775043936829,0.02916160388821387
2019-12-17,0.0010835913312694512,0.007638888888888751,-0.00415028396679773,0.009917355371900971
2019-12-18,0.006030616978506265,-0.0014932230645531286,-0.01052862469839877,-0.010989010989011172
2019-12-19,-0.021057485398094156,0.004831473599447689,-0.00288184438040362,0.012529550827423241
2019-12-20,0.018056209766054376,-0.00789925586720086,-0.011041944567956152,0.030819519028718156
2019-12-23,0.03161628624305979,0.007962150934687218,-0.0038965904833269116,0.02967157417893551
2019-12-24,0.005232471221408241,-0.0008013737836289891,-0.0018806890844805801,0.023757149142102918
2019-12-26,0.0031231409875076555,0.0,-0.004597527886644692,0.0019338203695746792
2019-12-27,-0.014677538917716948,0.001374885426214556,-0.0109033088513667,-0.009650439631138763
2019-12-30,-0.004664459825458711,-0.006864988558352492,-0.0006124167495979993,-0.01429190125595492
2019-12-31,0.009977324263038545,0.0006912442396314056,7.659900421286281e-05,0.00746924428822493
2020-01-02,0.013620715461757138,0.0010361501266407114,0.009727328431372584,0.07064980375054519
2020-01-03,0.031305375073833464,-0.012190914318573887,-0.0009102632177805381,-0.010183299389002087
2020-01-06,0.014604810996563522,0.005239259517988204,-0.008579454862956415,-0.004320987654320985
2020-01-07,0.001128986734405757,-0.005559416261292638,-0.0006892326543115335,-0.0028931597437487078
2020-01-08,-0.03411333521285598,0.00407640344747251,-0.006054103762740626,-0.008704663212435237
2020-01-09,0.008318739054290925,0.0026679039554575734,0.009020817270624537,0.023834413547982436
2020-01-10,-0.008394847300622343,-0.012494215640906914,-0.01245510812256434,-0.016540739228098844
2020-01-13,0.01153116333381976,-0.002811621368322359,-0.0006963788300835549,0.012043189368770912
2020-01-14,0.01096681096681107,0.007283834586466087,-0.004103755323267566,-0.010874025441116153
2020-01-15,0.00028546959748787515,0.01912759505481687,-0.008474576271186418,0.0070524787388508425
2020-01-16,0.0032819634703196154,0.010299839780270048,0.006586685485768129,0.025128733264675684
2020-01-17,-0.005831318446878009,0.008155867693701913,0.0004673989249825983,0.023307213180630892
2020-01-21,-0.020171673819742608,0.008202247191011258,-0.01572841236471234,0.0023561751423522015
2020-01-22,-0.018834866403854456,0.023737880307589387,0.0018985839727869713,0.007443682664054929
2020-01-23,-0.009970238095238115,-0.01230132810799034,-0.008685353335965318,0.005444293214077467
2020-01-24,-0.03186532391402386,-0.003637165215474414,-0.02405416168857022,-0.02630052214271905
2020-01-27,-0.03508771929824561,-0.008960176991150481,-0.028156369868603592,-0.02164846077457805
2020-01-28,-0.00048270313757037275,-0.000558098002009122,0.013100436681222627,0.025781567194478328
2020-01-29,-0.06922086284610429,-0.004467277194549979,-0.0053879310344827624,-0.059766475361171634
2020-01-30,0.012798339674852999,0.00022436616558207945,0.01150095841320109,0.026731214481162002
2020-01-31,-0.03398224043715847,-0.02265589950650515,-0.02315234407184641,-0.0364903649036491
2020-02-03,-0.0024748099699487547,-0.0009180628873077801,0.02150809716599178,0.021702127659574577
2020-02-04,0.02197412723728509,0.013439007580978712,0.02006440426058953,0.029779258642232298
2020-02-05,0.028437662562857735,0.01507423778760053,0.022502833090496832,0.007886754297270038
2020-02-06,-0.038442083965604446,-0.0010049129075480057,-0.017416086130462194,-0.010433386837881309
2020-02-07,-0.02770471681571096,-0.017883089303677102,-0.006123106670963607,0.008313057583130501
2020-02-10,-0.00901713255184855,0.004893592807556635,0.0005674448767833962,0.05087472350693756
2020-02-11,0.02202001819836208,0.009852774631936567,0.020821518269464434,0.029468044393417436
2020-02-12,0.04647435897435903,-0.004261522933722062,0.03523809523809529,0.0016728624535315983
2020-02-13,0.02075889059043723,-0.0012388782520553754,0.049448022079116694,0.011876043792911517
2020-02-14,0.005834305717619559,0.011050969778980457,-0.00036525677551302316,0.014304052814964274
2020-02-18,0.013258203513423883,-0.008699531563685081,-0.008915521777258073,0.028566262881938087
2020-02-19,0.039744847890088364,0.005400540054005365,0.0005161480607580593,0.03533134118474246
2020-02-20,0.018090294163913834,-0.010071620411817417,0.005232515292210138,-0.02767402376910011
2020-02-21,-0.004635352286773697,-0.011417589871128064,-0.029838709677419306,-0.06966998428496596
2020-02-24,-0.06519714374417884,-0.03224699828473421,-0.04050479860953682,-0.0780780780780781
2020-02-25,-0.046994354035204244,-0.04135649296939625,-0.0437111128613058,-0.03155537459283386
2020-02-26,-0.02631120404251608,0.002834956243066733,-0.010541920606160438,-0.0016817321841496868
2020-02-27,-0.01539012168933429,-0.026671583087512274,-0.04461461628100549,-0.07327858496525597
2020-02-28,0.02108324245728821,-0.027276171233741597,-0.029970378114654084,0.03340149965916828
2020-03-02,0.017977928088287687,0.059457354277554275,0.043919525776899615,0.04353562005277056
2020-03-03,0.008917642944570758,-0.04435730915329006,-0.027617654650262446,-0.014959966287399928
2020-03-04,-0.012131715771230511,0.05257084241569454,0.037780923730313276,0.07187165775401061
2020-03-05,-0.04421052631578948,-0.019125350225362547,-0.04348196777218871,-0.03991219317501493
2020-03-06,-0.08737151248164465,0.015151515151515138,-0.018183438809162955,0.009977135730617315
2020-03-09,-0.33668543845535004,-0.05774406655248343,-0.09695869269178403,-0.10948754887836998
2020-03-10,0.20315342631898137,0.05011685276551536,0.03468382426862382,0.04876357753639926
2020-03-11,-0.07535282258064524,-0.03449554896142426,-0.057811892732219206,0.007051564565887958
2020-03-12,-0.10493322431180141,-0.042899218850044885,-0.07868412911209643,-0.1463894967177244
2020-03-13,0.06333739342265532,0.09245383997859258,0.10499216476382345,0.12535247372468605
2020-03-16,-0.11082474226804129,-0.09785670545009195,-0.13867504051863855,-0.11822323462414575
2020-03-17,-0.013848631239935627,0.07914743415693737,0.0402210984358462,0.08189098424179808
2020-03-18,-0.015676028739386005,-0.0028934457164422334,-0.16574335782928207,-0.0659025787965617
2020-03-19,0.03284671532846706,-0.060055513499873925,-0.03740344220084024,0.017893660531697497
2020-03-20,-0.014134275618374437,-0.08724832214765099,-0.12220188652681963,-0.005273731793068781
2020-03-23,-0.05799934832192899,-0.07617647058823529,0.08227746591820373,0.05124968442312561
2020-03-24,0.194050501556555,0.10936007640878698,0.17931238885595713,0.10999039385206522
2020-03-25,0.006373117033603659,0.01521021667384126,0.015958783613973404,-0.03440069234097787
2020-03-26,0.05584340817501432,0.07151943462897536,0.08942486085343226,0.0643065202778399
2020-03-27,-0.07224645583424205,-0.01648858989579216,0.021344232515894568,-0.01936842105263159
2020-03-30,-0.06171025565677346,0.06410944206008584,0.008337038683859488,0.027479604980678474
2020-03-31,0.04290635765737538,-0.0054197126291909425,-0.024583838606548225,-0.04972837442540745
2020-04-01,-0.03963963963963957,-0.029654036243822124,-0.048824593128390714,-0.040017590149516225
2020-04-02,0.10381488430268915,0.037482042575421204,-0.016634980988593062,0.0190105359596886
2020-04-03,-0.05042492917847008,0.00012588116817724426,-0.025012083131947915,-0.04270622611822883
2020-04-06,0.04803102625298328,0.04128382630585281,0.07931590035940017,0.11575487203568913
2020-04-07,0.000284656988329024,-0.00967001087876218,0.01113790331840625,0.0008417508417508657
2020-04-08,0.11496869664200338,0.0368607347735872,0.10731319554848961,0.025862068965517127
2020-04-09,0.03062787136294043,0.012831077104179078,0.04748230950671717,-0.008403361344537785
2020-04-13,-0.011639425458147779,-0.0022082752208276712,-0.043469747405521786,0.05291442744935915
2020-04-14,-0.03282385367075913,0.03832265579499139,0.011975435005117774,0.07832744405182579
2020-04-15,-0.08238341968911911,0.020192954902400695,-0.08162233235561855,0.0010922992900055384
2020-04-16,-0.08130999435347264,0.05564108203210916,0.012885462555066063,0.0356428441534824
2020-04-17,0.14781807006760928,0.00010416666666679397,0.05871479830379478,-0.006145741878841093
2020-04-20,-0.038018741633199515,0.020727007603374537,-0.010886309951730566,0.0065371024734981464
2020-04-21,0.012246033954912194,-0.040306122448979576,-0.044751323850067526,-0.07109004739336489
2020-04-22,0.0827605169095409,0.01520467836257322,0.03608695652173899,0.05668934240362811
2020-04-23,0.05815134586084314,-0.016129032258064613,-0.007868233319345386,-0.0003576537911302857
2020-04-24,0.01895848332133432,0.0012774111134767896,0.01575552500793065,0.005008944543828386
2020-04-27,0.016721620348563393,0.009462045502870442,0.017072662919008996,0.00551797792808828
2020-04-28,0.026175584896918958,-0.036756187467088086,0.03285568065506639,-0.01734820322180919
2020-04-29,0.10632054176072248,0.008965668051607256,0.04905361212962056,-0.03332732840929564
2020-04-30,-0.007549479698020778,-0.002058951018638955,-0.018420555450595177,-0.023667536339917916
2020-05-01,-0.08963815789473684,-0.024324030839396382,-0.03734000577422769,-0.04790990647070048
2020-05-04,0.04539295392953924,-0.00022259321090700723,0.015895231430570922,0.053728949478748955
2020-05-05,-0.003240440699935121,0.03562284314816888,0.0045266679787443476,-0.0070395738203957725
2020-05-06,-0.02449068053749459,-0.020960980328926238,-0.013518808777429392,-0.0005748227629814862
2020-05-07,0.030882026216396463,0.03194993412384717,0.0448857994041707,-0.004026073619631809
2020-05-08,0.04482758620689653,-0.0030854346207042083,0.03326363809161759,0.023869104908565753
2020-05-11,-0.027846534653465205,0.025293489861259344,-0.01692420897718916,0.04794134235758607
2020-05-12,-0.049437725440271696,-0.023628604142812537,-0.03190494011976042,-0.035522066738428504
2020-05-13,-0.05446428571428563,-0.017484008528784623,-0.04039818304822651,-0.02938988095238093
2020-05-14,0.00967894239848932,-0.0041232638888888395,0.01913586463893635,0.04465312380222297
2020-05-15,0.03039513677811545,-0.020592721725866237,0.00019764798893162627,-0.0056870299027700355
2020-05-18,0.11436351259360111,0.004227389031037809,0.05483647860883334,0.007195571955719515
2020-05-19,-0.06617796782732643,-0.022709648831283902,-0.01892094417384793,0.01612016852903464
2020-05-20,0.032272132577409574,0.021197007481296826,0.021959136910445043,0.016585541734270848
2020-05-21,-0.0021123785382340943,0.0033300033300032172,0.01999252615844549,-0.030856534846604
2020-05-22,-0.002963590177815445,0.011948224361101767,-0.007785308664590707,0.009515096065873863
2020-05-26,0.03248407643312112,-0.021755766918115205,0.06037108834117988,-0.03588907014681897
2020-05-27,0.01562821303721984,0.014304872597228346,0.022982501958735968,-0.008460236886632777
2020-05-28,-0.019234662887224196,0.014764213309828023,-0.01931750489320061,-0.018960940462646958
2020-05-29,-0.02002477291494631,0.030618892508143425,-0.013884068031933317,0.03981445689988394
2020-06-01,0.025911101748472776,-0.020122208175305523,0.01636747624076018,-0.0031598513011151796
2020-06-02,0.06242299794661199,-0.0041930975163960715,-0.01134199134199132,-0.001678165206041471
2020-06-03,0.0071511403169695065,-0.01317210105808675,0.03187669673351423,-0.015128875607022807
2020-06-04,0.007100364613317867,-0.03446389496717728,0.012305864380887765,-0.00189645363170865
2020-06-05,0.08669969512195141,0.018243626062322882,0.02733065057008721,0.008930267908037193
2020-06-08,0.05172716114325793,0.030046739372357134,0.061204504651542146,-0.0024482109227872417
2020-06-09,-0.03851283761253743,-0.02474070872947287,-0.016302676099661517,0.0645648480271852
2020-06-10,-0.07109415640714412,0.02093718843469583,-0.050891181988742984,0.018620322752260998
2020-06-11,-0.09333582228859438,-0.04752604166666663,-0.08022403426406388,-0.08025766016713087
2020-06-12,0.021412394482190678,0.014126224652540431,0.024536580997582158,0.012682188150672014
2020-06-15,-0.00020157226365646874,0.005953718265558239,0.014247006380561311,0.022056074766355183
2020-06-16,0.052620967741935365,0.002121719709659464,0.017752499138228073,-0.004023408924652472
2020-06-17,-0.03447615399348791,0.012926231334967841,-0.009568162574089767,0.0016525890561880363
2020-06-18,0.024598293989287923,-0.006820682068206851,0.0007694280584764623,-0.009349220898258404
2020-06-19,-0.007938044530493626,0.004430660168365241,0.008884332820775498,0.003515914137675713
2020-06-22,0.011319281811084991,-0.003749448610498529,0.008467400508044065,0.009773188272174105
2020-06-23,0.011385565418757126,0.010626522027894492,-0.009235936188077165,-0.014061358655953149
2020-06-24,-0.06582713222667425,-0.04381161007667034,-0.03169491525423729,-0.029635117614373097
2020-06-25,0.034109477124182996,0.026575028636884435,0.016716261158760792,-0.008780301584271788
2020-06-26,-0.04246494173414983,-0.010153983485829188,-0.03821985021950591,-0.035239745811669554
2020-06-29,0.030115511551155105,0.003381805884342448,0.019600823413586266,0.00359281437125758
2020-06-30,0.037444933920705026,0.0271879564093922,0.0235252808988764,0.04634049323786793
2020-07-01,-0.03783053464582131,0.0022968391118887155,-0.029502572898799317,-0.0005702337958563009
2020-07-02,0.0328986960882649,0.0064382365779136475,-0.00044185224460935313,-0.004564473183719997
2020-07-06,-0.03884249368809478,0.008023419711590485,0.015560074263990753,0.02025219717233462
2020-07-07,-0.022832895534451447,-0.005485640529202973,-0.03038217114999575,-0.008801498127340768
2020-07-08,0.01985111662531014,0.0012978585334200154,0.0179565451607111,0.009446438692612968
2020-07-09,-0.09407948094079477,0.011773601209764673,-0.03624977950255781,0.07168257533221034
2020-07-10,0.004923903312443967,-0.006725739297533839,0.0352338244714927,-0.024100593782745316
2020-07-13,0.009576837416481077,0.0005374032674119178,-0.013967468175388964,-0.04098067287043661
2020-07-14,0.04742995808515338,0.01858416586099465,0.030930607853684622,0.021086023511849072
2020-07-15,0.024852569502948674,0.02014342965619087,0.03965562222801977,0.011330409356725246
2020-07-16,0.00020550760378146293,-0.003411557944794752,-0.0030949393559179805,-0.007589447054571763
2020-07-17,-0.01643723032669009,0.02956431535269699,-0.005118308441013686,0.002184996358339353
2020-07-20,0.006893670357217552,-0.0017128463476070444,-0.007337437800455371,0.04396802325581395
2020-07-21,0.08423236514522814,-0.008982640290674193,0.016142735768903904,-0.00800556909154193
2020-07-22,-0.003252965939532948,0.02036867298095535,0.005267558528428085,0.08403508771929813
2020-07-23,-0.020157419850259206,0.006288052699870095,0.005905348082841266,-0.0359281437125748
2020-07-24,-0.011363636363636354,-0.01854790716127741,-0.009922275508516654,0.16501594762464333
2020-07-27,-0.003369005152596194,0.010510358767054084,0.0022548855854351846,-0.006195965417867488
2020-07-28,-0.04354742493537478,-0.0013001300130012217,-0.01466544454628782,-0.01971871828331162
2020-07-29,0.03950103950103956,0.026637292209092722,0.031712473572938604,0.1254252329537051
2020-07-30,-0.04920000000000002,-0.009656652360514939,-0.016803278688524603,0.02773031935865422
2020-07-31,0.035128312999579414,-0.008765882005318582,-0.0024176740308462508,-0.009846547314577903
2020-08-03,0.012802275960170695,0.0003974562798092496,0.015293331104796914,0.0030995738086012636
2020-08-04,0.016853932584269593,-0.0074493444576877454,-0.005432545888550466,0.09488863138921078
2020-08-05,0.05781373322809791,0.022115480836585544,0.0477530414632128,0.003174976481655545
2020-08-06,-0.004103711994030923,-0.0038182886234580105,0.034123222748815074,0.016410737310983414
2020-08-07,-0.0067428357370293845,-0.0051105651105650685,0.003589978612893452,-0.021450813055010953
2020-08-10,0.039788798793136015,-0.011755408475748297,0.014612984245376381,-0.030760164997053585
2020-08-11,-0.029379760609357986,-0.009796081567373105,0.012452179131347885,-0.06517509727626458
2020-08-12,0.005792227204783229,0.016050878255602807,0.0033340742387195643,0.07453173777315292
2020-08-13,-0.020434701839123215,0.0044709388971682085,0.00022153300841831758,-0.009320905459387463
2020-08-14,0.019912763132941436,-0.010979228486646897,0.0025839793281654533,-0.006598240469208316
2020-08-17,-0.024358497582744554,0.007200720072007227,-0.016936671575846884,0.01377613776137765
2020-08-18,-0.04669334858014096,0.0024823751365306013,-0.012059925093633073,-0.00922106284882318
2020-08-19,-0.030587764894042357,-0.004754358161648042,-0.00970505724467341,-0.0069801616458485816
2020-08-20,-0.007217983089296776,0.011445063694267343,-0.012173646734553234,0.020717721050684368
2020-08-21,-0.013086830078936518,0.007576503001082369,-0.02224461323825766,0.012564938987555951
2020-08-24,0.006735424121237621,-0.009863281250000022,0.021561632976615064,-0.008710177783080808
2020-08-25,0.010244616349571523,0.01065193806095266,-0.007061379684953906,0.03935965334617242
2020-08-26,-0.04180463576158944,0.007026446764906824,-0.011409815567364756,-0.003821656050955413
2020-08-27,0.0025917926565874883,0.07849597829247035,0.009328063241106799,-0.025807951639153726
2020-08-28,0.011202068074105842,-0.004492766645700419,-0.005404135338345939,0.020883054892601338
2020-08-31,-0.019173412867490414,-0.011914432710533496,-0.01685172060792184,0.06160140268848613
2020-09-01,-0.002172024326672517,-0.026673974604914608,-0.006247496996395707,0.014974675181678165
2020-09-02,-0.001088376142794889,0.027123416236508602,0.01636173128072871,-0.021262746799739718
2020-09-03,0.011331444759206777,-0.035727339181286566,-0.004599524187153037,-0.08512524939037902
2020-09-04,0.015944839474251182,-0.012982090400833979,0.002469725940089207,-0.006421129149503324
2020-09-08,-0.030752916224814353,-0.012672811059907807,-0.04553763013589762,-0.040482867942933876
2020-09-09,0.027352297592997843,0.028879813302217006,0.007826810990841038,0.04092006608209431
2020-09-10,-0.0730564430244941,-0.01710613363576219,-0.007683410442828831,-0.03577096813575864
2020-09-11,-0.006204044117647078,0.006730769230769207,0.005494962950628457,-0.03342618384401119
2020-09-14,0.013641618497109986,0.009455587392550147,0.010184648505423555,0.020434896515588274
2020-09-15,-0.022582116788321227,0.008420853439303544,0.0003278688524590567,0.013222079589217062
2020-09-16,0.031505250875145885,-0.008256708575717697,-0.015568666011143928,-0.028759660458634317
2020-09-17,0.0011312217194570096,0.00908230842005664,-0.015232229066089564,-0.0014349073832506942
2020-09-18,-0.02779661016949142,0.0018751171948248047,-0.01022736877694197,-0.02116263879817104
2020-09-21,-0.0434681543468155,-0.008515815085158085,-0.03629376601195555,0.040170826104363844
2020-09-22,0.001944106925880984,-0.0108541764983483,0.010899424014178205,-0.003079291762894454
2020-09-23,-0.04438515643948582,-0.019751908396946516,-0.026560308555399703,-0.038223938223938214
2020-09-24,0.0012690355329949554,-0.017619001265453127,0.0009004952723998816,0.014585842365850255
2020-09-25,0.026108998732572664,0.025069361870788676,0.007647323436797082,0.029543656027433585
2020-09-28,0.013586956521739246,0.0095698405026583,0.02464285714285719,0.01819113502434022
2020-09-29,-0.008286619546673202,0.007181156644963549,-0.01585918438480316,0.028812279818822173
2020-09-30,0.005898255099533012,0.034604049814621174,0.0017708517797061507,0.0026904732787085273
2020-10-01,-0.047642316149523634,-0.001745842139115994,0.0007070885628424062,0.0350042688132699
2020-10-02,-0.03258081067213947,-0.019698085419734945,-0.004857798975446026,-0.03605939193966534
2020-10-05,0.04375497215592672,0.01934272300469475,0.013756989438182377,0.05317848410757953
2020-10-06,-0.03531504065040647,-0.021278555637435526,-0.013570302924181377,-0.019384793964016267
2020-10-07,-0.007637608638398685,0.014023529411764768,0.011893139256235141,0.026160037878787845
2020-10-08,0.02415074309978782,0.007425283088917878,0.009823699675467035,-0.0020763640558310037
2020-10-09,-0.013734128012438451,0.010226644555002773,-0.0022583166854859282,-0.03941740839209351
2020-10-12,0.015239096163951693,0.01276789785681709,0.005832680421345993,0.014320096269554883
2020-10-13,0.00025879917184257195,-0.024133273300315117,-0.009433962264150941,0.01174516550005933
2020-10-14,-0.0015523932729623047,-0.005721140537049085,0.003232852774136985,-0.012546904315197116
2020-10-15,0.018916817828452892,-0.003990719257540687,0.009754398188468905,-0.01282508015675099
2020-10-16,-0.032044760935910466,0.021897130078270655,0.01267897188200795,0.00048117406471792634
2020-10-19,-0.038360483447188676,-0.014862770128567515,-0.02274082275785705,-0.014067572441986309
2020-10-20,0.03415300546448097,0.0029618659755645815,0.025187380163848694,-0.00536585365853659
2020-10-21,-0.01743725231175708,-0.022425249169435113,-0.0020402958428972218,-0.02893575282000982
2020-10-22,0.05539123420274272,0.03351269706409887,0.0419967629269955,0.002777777777777768
2020-10-23,0.003057324840764375,-0.015436609426379255,-0.005232177894048284,0.0319818685469655
2020-10-26,-0.049276098552197056,0.011225531125336197,-0.030818540433925068,0.0032942898975110158
2020-10-27,-0.0008014961261021414,-0.003853211009174351,-0.04095649961841785,-0.0407393895172079
2020-10-28,-0.034224598930481354,-0.019893166328973977,-0.03183023872679036,-0.03144016227180513
2020-10-29,0.029346622369878173,-0.013343356511933857,0.006757990867579888,0.021204188481675157
2020-10-30,0.0010758472296934496,0.001047619047618964,0.0,-0.03499102794155329
2020-11-02,0.022031166039763628,0.022547807059271285,0.012790275761974002,-0.007836366051268473
2020-11-03,-0.02970557308096744,0.01935243766282091,0.016032243618450348,0.025167336010709418
2020-11-04,0.008398807911135231,0.017981014968966758,0.009432299012694045,0.062287803604074155
2020-11-05,-0.00591080064481464,0.017932394871335022,0.040957121648764305,0.020282728948985973
2020-11-06,-0.013783783783783754,0.007839337620012321,-0.009060402684563762,0.03469879518072294
2020-11-09,0.18909290216497676,-0.04396084600594308,0.08237385709448009,-0.03213786679087083
2020-11-10,0.032265498962894545,0.0129810768808849,0.0021900664841612016,-0.06171799807507228
2020-11-11,-0.017637865594998914,0.016604999548777144,-0.024116132053383255,0.04218489549942306
2020-11-12,-0.054772727272727195,-0.006213936972925049,-0.015834932821497172,0.006889763779527547
2020-11-13,0.04400096176965618,0.005806163465832848,0.03315455875182827,-0.005009775171065489
2020-11-16,0.0783049286043298,0.00950266429840152,0.025483718735252348,0.028245118506692757
2020-11-17,0.010465612985903539,-0.005366411542183536,-0.004908728332566281,-0.004418965723157808
2020-11-18,-0.0270555907841894,-0.02909959313638777,0.0004624633883150153,-0.009836852207293578
2020-11-19,0.022593960460569162,0.011205247335337454,0.0012326656394452407,0.03634601405379212
2020-11-20,-0.011259825791374523,-0.0009909909909909809,-0.005847953216374435,-0.010521393500116938
2020-11-23,0.07305543618392774,-0.01460907205338624,0.027941176470588358,0.007915879017013294
2020-11-24,0.0740889066880257,-0.015191726914981163,0.02183570514268518,-0.002813269253311601
2020-11-25,-0.01976137211036544,-0.01115137998327298,-0.0071475941345515714,0.019278241448219102
2020-11-27,-0.0344237352605552,0.011371111737618733,-0.00170699124239293,0.005535693691615773
2020-11-30,-0.07071104983257837,0.005575171901133658,-0.0315218199390378,0.06273655235692166
2020-12-01,0.012293344637558157,0.0024949177601183425,0.02410378444768546,-0.0003237642995899126
2020-12-02,0.0282663316582914,-0.0031339293944141478,0.0027734052919572427,0.011983158803843263
2020-12-03,0.038485033598045115,-0.005732778548312556,0.00971744655404394,-0.015254960529123007
2020-12-04,0.06647058823529406,0.0034409002138937606,0.037089132366005195,0.018741198136713377
2020-12-07,-0.03419746276889135,-0.00667284522706213,-0.006353058747947893,0.00031901318587812533
2020-12-08,0.004188083000190357,-0.0035454375816384998,-0.0013649425287356465,-0.012224938875305513
2020-12-09,0.02540284360189582,-0.004494382022471988,0.0,-0.0332544123977615
2020-12-10,0.05934553521907926,0.0018811136192626865,0.004244298971296967,0.020371813425358987
2020-12-11,-0.011692844677137826,0.004693954187007243,-0.03710601719197715,-0.00010909884355214672
2020-12-14,-0.04820766378244756,-0.0021491310035506306,-0.00431483410206801,0.0341516639388979
2020-12-15,0.04638218923933213,0.006180353965727026,0.024506873879258873,0.024688752901456112
2020-12-16,0.0039007092198581894,-0.0010237319683573665,-0.015096266044340667,-0.002780065897858397
2020-12-17,0.0008830801836807733,0.013415315818893214,0.02110329507589781,-0.00010325245224562796
2020-12-18,-0.012705134992059275,0.0017466446037874839,-0.015300942712110355,-0.00950020652622885
2020-12-21,-0.02966934763181417,-0.008075617142332736,-0.015759628838647788,-0.02804420350291903
2020-12-22,-0.04052311659605812,0.0017577944305671167,-0.00471380471380467,-0.000750831277485875
2020-12-23,0.04050681512766374,-0.0076653121536756075,0.012404149751916727,-0.017282095319879787
2020-12-24,-0.01217712177121777,0.008375988832014736,0.0005940447018639716,0.0028399781540142666
2020-12-28,-0.013261113186402662,-0.005168435625288348,-0.005788497217068644,-0.0022873325345823536
2020-12-29,-0.004921446148021924,0.00500974116337316,-0.0007464357692019696,-0.01069868995633172
2020-12-30,0.022826707247479705,0.0010154158589494866,0.00014939867035179688,0.01842860295740456
2020-12-31,-0.01822577645527257,0.0096827738841756,0.0002987527074465035,-0.006284537869758466
