IssueId,Country,SectorCode,IndustryCode,SubIndustryCode
00100401,US,20,201010,20101010
00104504,US,20,203020,20302010
00107501,US,55,551010,55101010
00107801,US,35,351010,35101010
00116101,US,45,453010,45301020
00116601W,NL,45,453010,45301010
00118601C,CA,15,151040,15104030
00120901,US,15,151010,15101040
00123001,US,20,203020,20302010
00125401,US,20,203030,20303010
00130001,US,20,201050,20105010
00132701,US,45,453010,45301020
00138001,US,10,101020,10102020
00139305,US,20,203040,20304030
00141001,US,20,202010,20201050
00141402,US,40,403010,40301020
00144001,US,55,551010,55101010
00144701,US,40,402020,40202010
00144901,US,40,403010,40301020
00148701,US,40,403010,40301040
00159801,US,20,201040,20104010
00160201,US,35,352010,35201010
00163201,US,45,453010,45301020
00165901,US,30,301010,30101020
00167801,US,10,101020,10102020
00169001,US,45,452020,45202030
00170401,US,45,453010,45301010
00170601,US,20,201060,20106020
00172201,US,30,302020,30202010
00174302,US,20,203040,20304030
00177301,US,45,452030,45203030
00179401,US,15,151010,15101050
00182801C,CA,55,551030,55103010
00187801,US,45,451030,45103010
00189101,US,20,202020,20202010
00191301,US,15,151030,15103020
00191901,US,45,452030,45203030
00192601,US,20,201020,20102010
00193201W,GB,30,302030,30203010
00196801,US,45,452030,45203010
00197901,US,15,151010,15101050
00198801,US,15,151030,15103010
00200201,US,40,401010,40101015
00200501,US,40,401010,40101015
00201805W,IL,40,401010,40101010
00201901,US,40,402030,40203010
00205501C,CA,15,151040,15104030
00208601,US,35,351010,35101010
00210102,US,20,201070,20107010
00211101,US,35,351010,35101010
00213601,US,50,501010,50101020
00213701C,CA,50,501010,50101020
00217602,US,40,402010,40201030
00218401,US,25,255040,25504020
00222001,US,35,352030,35203010
00225901,US,55,551030,55103010
00226901,US,25,253020,25302020
00227003,US,10,101010,10101010
00228501,US,20,201010,20101010
00231201,US,20,202020,20202010
00235201,US,20,202010,20201010
00236901C,CA,40,402030,40203010
00240301,US,35,352020,35202010
00240801C,CA,50,501010,50101020
00241090,GB,10,101020,10102010
00241101W,GB,50,501010,50101020
00243501,US,30,302010,30201020
00244401,US,25,252020,25202010
00244801,US,15,151040,15104020
00249701,US,20,201030,20103010
00252601C,CA,20,201010,20101010
00253601,US,45,451030,45103010
00254701,US,35,351020,35102015
00255801,US,40,403010,40301040
00257401,US,20,203040,20304010
00259301,US,15,151010,15101010
00259601,US,20,202020,20202020
00262801,US,55,551040,55104010
00266301,US,30,302020,30202030
00267501C,CA,30,302020,30202030
00269601C,CA,20,203040,20304010
00269801C,CA,20,203040,20304010
00270301C,CA,25,255030,25503030
00271002,US,30,302010,30201020
00272101W,JP,45,452020,45202030
00275101,US,35,351020,35102010
00277101,US,20,201020,20102010
00278701,US,15,151040,15104050
00280701,US,30,301010,30101030
00281701,US,20,201060,20106010
00282002,US,25,252010,25201030
00288401,US,50,501010,50101010
00296001,US,35,351020,35102015
00296801,US,40,401010,40101010
00298601,US,55,551020,55102010
00299101,US,10,101020,10102010
00300701,US,25,253010,25301040
00302601,US,30,303010,30301010
00302801,US,25,253010,25301010
00306201,US,20,202010,20201070
00310701,US,15,151040,15104050
00312101,US,30,303010,30301010
00313801,US,30,302010,30201030
00314401,US,30,302010,30201030
00315301,US,15,151040,15104030
00317001,US,30,303010,30301010
00322101,US,40,403010,40301010
00322601,US,50,502010,50201030
00323101,US,40,401010,40101010
00323801,US,40,401010,40101015
00324301,US,40,401010,40101010
00324601,US,15,151040,15104050
00327801,US,20,203040,20304040
00333601,US,45,451020,45102010
00336201,US,30,302020,30202030
00341301,US,55,551030,55103010
00343901,US,55,551030,55103010
00350401,US,35,351010,35101020
00350501,US,30,302010,30201010
00353201,US,45,452030,45203015
00356201,US,60,601040,60104010
00358001,US,20,201060,20106020
00359201,US,40,402020,40202010
00361901,US,15,151030,15103010
00364301,US,40,401010,40101015
00365001,US,20,201060,20106010
00366201,US,20,201010,20101010
00370803,US,25,253010,25301040
00373402,US,25,251010,25101010
00373501,US,35,352030,35203010
00381301,US,30,301010,30101040
00383501,US,20,201060,20106015
00385103,US,20,203020,20302010
00389701,US,55,551030,55103010
00390501,US,25,253020,25302010
00394602,US,45,452020,45202030
00396401,US,25,255030,25503030
00396901,US,45,453010,45301020
00398001,US,50,502020,50202010
00401602,US,30,301010,30101040
00402901,US,55,551030,55103010
00403601,US,20,201060,20106020
00405801,US,20,201060,20106020
00406001,US,15,151010,15101050
00406601,US,50,502010,50201010
00409301,US,55,551010,55101010
00409403,US,20,202020,20202020
00410801,US,20,201060,20106020
00411501,US,20,201030,20103010
00414501,US,35,352030,35203010
00419301,US,60,601025,60102510
00419901,US,20,201040,20104010
00421301,US,15,151010,15101050
00432101,US,20,201040,20104010
00436705,US,10,101010,10101020
00438301,US,55,551020,55102010
00438401,US,45,451030,45103010
00442301,US,20,202020,20202020
00443001,US,10,101020,10102020
00443990,SE,45,452010,45201020
00446201,US,15,151010,15101050
00449401,US,20,203010,20301010
00450301,US,10,101020,10102010
00451001,US,15,151010,15101030
00451701,US,55,551010,55101010
00459801,US,20,203010,20301010
00459901C,CA,20,201070,20107010
00460501,US,60,601070,60107010
00460801,US,20,201060,20106010
00461102,US,25,255030,25503030
00464001,US,40,401010,40101010
00466901C,CA,20,201070,20107010
00467401,US,40,401010,40101015
00468501,US,40,401010,40101015
00469001,US,40,401010,40101010
00469901,US,40,401010,40101015
00472301,US,40,401010,40101010
00473701,US,40,401010,40101015
00480901,US,30,302020,30202030
00481801,US,20,201030,20103010
00483901,US,25,251020,25102010
00488101,US,20,201060,20106020
00488501,US,40,402030,40203010
00492501W,JP,45,452020,45202030
00492601,US,15,151010,15101050
00494101,US,20,201070,20107010
00497301,US,40,403010,40301010
00498801,US,50,502010,50201020
00499001,US,25,255040,25504010
00504601,US,20,201010,20101010
00504701,US,20,201010,20101010
00507101,US,30,302020,30202030
00507205,US,40,402020,40202010
00507319,US,25,251020,25102010
00508701,US,20,201060,20106020
00511601,US,25,251010,25101010
00512501,US,25,255010,25501010
00514901,US,60,601070,60107010
00518090,GB,35,352020,35202010
00523401,US,25,251010,25101020
00525201,US,20,201060,20106020
00525601,US,20,201070,20107010
00533801,US,15,151030,15103010
00543901,US,10,101010,10101020
00549201,US,20,201010,20101010
00551801,US,25,252020,25202010
00552601,US,55,551010,55101010
00553001,US,15,151010,15101010
00554301,US,60,601050,60105010
00555904,US,20,201030,20103010
00556001,US,15,151040,15104045
00556702,US,20,201010,20101010
00556804,US,30,302020,30202030
00558101,US,10,101010,10101010
00559701,US,30,302020,30202030
00560601,US,45,452020,45202030
00560801,US,20,201010,20101010
00564304,US,25,253010,25301020
00565001W,JP,20,201050,20105010
00566701,US,10,101020,10102030
00568001,US,25,255040,25504030
00569001,US,20,202010,20201060
00569101W,JP,25,251020,25102010
00570901,US,30,302020,30202030
00574201,US,55,551030,55103010
00576401,US,20,201040,20104010
00578301,US,20,203040,20304030
00578601,US,40,401010,40101015
00586001,US,20,201060,20106020
00586201,US,60,601080,60108040
00587001,US,55,551010,55101010
00587801,US,20,201060,20106020
00590303C,CA,10,101020,10102010
00595901,US,20,201020,20102010
00598701,US,20,201020,20102010
00600801,US,45,453010,45301020
00606601,US,45,451020,45102010
00607801,US,15,151010,15101050
00610001,US,45,451030,45103010
00610401,US,15,151030,15103020
00613501C,CA,10,101020,10102040
00613601,US,50,502010,50201010
00620301W,IL,40,401010,40101010
00621601,US,20,202020,20202020
00622301,US,20,201030,20103010
00626601,US,35,352020,35202010
00626801,US,20,201020,20102010
00630401,US,45,453010,45301010
00631004,US,10,101020,10102040
00633801,US,55,551010,55101010
00637501,US,30,302020,30202030
00638601,US,20,201060,20106020
00643501,US,30,303010,30301010
00646101,US,20,203030,20303010
00649401W,JP,20,201060,20106010
00650201,US,30,301010,30101030
00650601W,JP,20,201060,20106015
00650901,US,45,453010,45301010
00651201W,JP,45,452030,45203015
00654301,US,25,252010,25201020
00654701,US,55,551020,55102010
00656501,US,45,453010,45301010
00657301,US,30,302020,30202030
00666901,US,25,252010,25201030
00668201,US,40,402030,40203020
00673001,US,35,352020,35202010
00673301,US,25,255040,25504040
00673701,US,20,201060,20106020
00674201,US,40,403010,40301020
00677101C,CA,30,301010,30101030
00677401,US,20,201010,20101010
00678101,US,40,403010,40301040
00678801,US,10,101020,10102020
00682101,US,15,151050,15105010
00682901,US,25,255040,25504030
00686701,US,55,551020,55102010
00693201,US,55,551010,55101010
00694601C,CA,25,251010,25101010
00697201W,JP,20,201060,20106020
00706301,US,60,601030,60103010
00706501,US,40,403010,40301010
00708501,US,20,201020,20102010
00711401W,JP,25,252010,25201010
00711601,US,25,252020,25202010
00714601,US,30,302020,30202030
00715401,US,25,253010,25301040
00716101,US,20,201070,20107010
00716301,US,40,402030,40203040
00717101,US,35,351020,35102010
00722801,US,35,351010,35101010
00724101,US,35,351020,35102015
00725701,US,35,352020,35202010
00734301,US,45,453010,45301020
00736601,US,55,551010,55101010
00742001,US,20,202010,20201060
00743501,US,20,201050,20105010
00743701,US,55,551010,55101010
00747101W,JP,20,201070,20107010
00748601,US,25,251010,25101010
00752601,US,35,351010,35101010
00754901,US,20,201010,20101010
00758501,US,45,452010,45201020
00762001,US,10,101020,10102020
00763701,US,35,352020,35202010
00764701,US,40,401010,40101010
00765201W,JP,45,451020,45102010
00773301,US,55,551020,55102010
00774101,US,35,351020,35102020
00775001,US,35,351020,35102020
00784901,US,55,551020,55102010
00786601,US,50,502010,50201040
00787501,US,25,252010,25201050
00788101,US,15,151040,15104030
00790601,US,25,252030,25203020
00790801W,JP,50,501010,50101020
00792101,US,20,201060,20106020
00792201,US,25,255030,25503030
00792301,US,20,203040,20304010
00797001,US,55,551010,55101010
00797401,US,55,551030,55103010
00797701,US,55,551010,55101010
00798201,US,40,402030,40203010
00798501,US,20,201010,20101010
00799101,US,20,201060,20106010
00799301,US,55,551020,55102010
00800103,US,55,551030,55103010
00800701,US,40,401010,40101010
00802090,DK,35,352020,35202010
00803001,US,15,151040,15104050
00806801,US,10,101020,10102010
00807901,US,10,101010,10101020
00809901,US,55,551010,55101010
00811301,US,55,551010,55101010
00812301,US,15,151010,15101010
00815101,US,10,101020,10102040
00819901,US,55,551010,55101010
00821406,US,20,201020,20102010
00821502,US,15,151030,15103010
00824501,US,40,401010,40101010
00824701,US,15,151010,15101050
00825301,US,20,201060,20106010
00826401,US,55,551010,55101010
00827201,US,55,551030,55103010
00833401,US,45,452030,45203010
00835801,US,20,201060,20106020
00838601,US,25,251010,25101010
00840201,US,20,202020,20202010
00843101,US,40,403010,40301040
00845501,US,55,551010,55101010
00846301,US,20,201060,20106020
00847901,US,30,302010,30201030
00853001,US,35,352020,35202010
00853901,US,55,551010,55101010
00854201,US,55,551040,55104010
00854301,US,30,302030,30203010
00854601W,NL,35,351010,35101010
00854901,US,10,101020,10102020
00855101,US,25,252030,25203010
00859901,US,45,451030,45103010
00860502,US,40,402030,40203020
00860601,US,20,202010,20201060
00864401C,CA,15,151040,15104030
00869201,US,60,601080,60108040
00869901,US,20,201040,20104010
00870201C,CA,40,403010,40301020
00876201,US,30,303010,30301010
00880701,US,55,551010,55101010
00881001,US,55,551030,55103010
00882301,US,25,252010,25201030
00883201,US,20,201030,20103010
00885001,US,15,151010,15101050
00887002C,CA,50,501010,50101020
00889801,US,40,402030,40203020
00890201,US,15,151010,15101050
00894701,US,15,151020,15102010
00901601,US,20,201040,20104010
00906301,US,25,255040,25504050
00913501W,JP,45,452020,45202030
00920301,US,20,201040,20104010
00921501C,CA,50,501020,50102010
00922501,US,20,202010,20201050
00924801,US,25,255040,25504010
00927301,US,15,151040,15104030
00929901,US,20,203040,20304030
00931701,US,40,402030,40203010
00932401,US,55,551040,55104010
00946501,US,10,101010,10101020
00953801,US,30,302020,30202030
00955501,US,15,151030,15103020
00959901,US,45,453010,45301020
00961101,US,25,253020,25302020
00966701,US,15,151010,15101050
00977102,US,20,201020,20102010
00977701,US,30,302020,30202030
00977801,US,20,201060,20106020
00978301,US,40,401010,40101010
00981501,US,15,151030,15103020
00981801W,JP,25,252010,25201010
00984601,US,55,551010,55101010
00984901,US,55,551040,55104010
00985001,US,55,551010,55101010
00988201,US,20,203020,20302010
00989001,US,55,551020,55102010
00989901,US,50,501010,50101020
01000801,US,20,201060,20106020
01001601,US,20,201060,20106020
01003501,US,40,402030,40203010
01008601,US,40,403010,40301040
01009601,US,60,601080,60108020
01011501,US,35,351010,35101010
01013701W,JP,40,401010,40101010
01024701,US,30,301010,30101020
01027501W,JP,45,452030,45203015
01038501C,CA,15,151040,15104020
01040501,US,15,151040,15104050
01040701,US,35,351010,35101010
01041101,US,50,501020,50102010
01044101,US,20,201060,20106020
01045301,US,45,453010,45301010
01049901,US,45,453010,45301020
01050401,US,10,101020,10102020
01051901,US,20,201010,20101010
01053001,US,35,352030,35203010
01054901,US,25,251020,25102010
01056502,US,10,101010,10101020
01058101,US,20,201060,20106020
01060901,US,30,302020,30202030
01061401,US,40,403010,40301020
01061801,US,20,201060,20106015
01067101C,CA,10,101020,10102040
01073501,US,20,201060,20106010
01078901,US,45,451030,45103010
01079301,US,30,302020,30202030
01079504,US,20,203020,20302010
01080101,US,55,551020,55102010
01084001,US,20,202010,20201070
01084616W,GB,30,303020,30302010
01086001,US,55,551030,55103010
01086701,US,20,203040,20304010
01089401,US,60,601060,60106010
01090301,US,35,351020,35102030
01091601,US,40,401010,40101015
01091701,US,60,601060,60106020
01092001,US,20,203010,20301010
01098301,US,20,201010,20101010
01099101,US,25,253010,25301010
01101201,US,15,151010,15101050
01103201,US,35,351020,35102020
01106001,US,25,252030,25203010
01106501,US,20,202010,20201070
01109401,US,20,201030,20103010
01119101,US,45,452030,45203015
01121704W,SE,20,201060,20106010
01122001,US,60,601040,60104010
01122801,US,15,151020,15102010
01123401,US,30,303010,30301010
01125901,US,30,301010,30101040
01126401,US,30,301010,30101010
01130001,US,25,253020,25302010
01130101,US,60,601060,60106010
01130401,US,55,551030,55103010
01131302,US,20,201070,20107010
01134301,US,30,301010,30101030
01137601,US,35,352030,35203010
01139901,US,45,452020,45202030
01144301C,CA,30,301010,30101030
01145601,US,60,601080,60108040
01146501,US,25,252010,25201040
01149901,US,50,502010,50201040
01150601,US,10,101020,10102040
01151101,US,25,255040,25504060
01155001,US,55,551030,55103010
01155401,US,55,551010,55101010
01158001,US,20,201010,20101010
01158401,US,25,255040,25504010
01160001,US,20,201060,20106020
01167001,US,30,303010,30301010
01167201,US,25,255040,25504010
01168701,US,40,401010,40101015
01172101,US,20,201060,20106010
01172901,US,40,403010,40301040
01174501,US,45,451030,45103020
01174905W,SE,20,201060,20106020
01177001,US,40,402030,40203020
01178101,CA,10,101020,10102020
01179602,US,25,251010,25101010
01181101,US,40,402010,40201060
01184201,US,40,401010,40101015
01185401,US,40,402010,40201050
01185601,US,40,401010,40101015
01186101,US,40,401010,40101015
01192503,US,10,101010,10101010
01212401,US,40,402030,40203020
01213801,US,40,402030,40203010
01214001,US,60,601070,60107010
01214101,US,45,451030,45103020
01214201,US,45,451030,45103020
01215101,US,30,303020,30302010
01218101,US,35,352030,35203010
01226601,US,20,203040,20304030
01229401,US,10,101020,10102040
01236807W,SE,15,151050,15105010
01238301W,NO,15,151040,15104010
01238401W,GB,10,101020,10102010
01238901,US,25,251020,25102020
01239201,US,20,203020,20302010
01239501,US,25,252010,25201030
01242804,US,55,551010,55101010
01244101,US,45,451020,45102010
01244501,US,20,201060,20106020
01245901,US,25,252010,25201030
01247101,US,10,101020,10102030
01254001,US,45,451030,45103010
01254401,US,60,602010,60201010
01258901,US,35,351020,35102020
01260304,US,40,403010,40301020
01261501,US,25,252010,25201030
01261601W,JP,25,252030,25203010
01263501,US,40,402010,40201060
01267390,GB,40,401010,40101010
01268901,US,25,252010,25201030
01272601,US,40,403010,40301020
01275601,NL,30,302010,30201030
01278501,US,30,302020,30202030
01282501,US,30,302020,30202030
01283301,US,10,101020,10102040
01289201,US,10,101020,10102030
01290901,US,40,403010,40301040
01294501,US,45,452030,45203020
01304101,US,40,401010,40101015
01307101,US,35,351020,35102015
01312501,US,60,601050,60105010
01314501W,GB,20,203020,20302010
01331201W,AU,15,151040,15104020
01334101,US,40,403010,40301040
01334201,US,40,403010,40301040
01342101,US,45,451030,45103010
01349801,US,25,253010,25301020
01355601W,FR,20,201010,20101010
01357001,US,20,201060,20106020
01362301,US,35,351010,35101010
01368301W,ES,50,501010,50101020
01370001,US,35,351010,35101020
01370901,US,20,201050,20105010
01371001,US,25,253010,25301030
01371403,US,50,502010,50201020
01372101,US,35,352020,35202010
01382401,US,45,451030,45103010
01388801,US,40,402010,40201050
01393202W,HK,25,252030,25203010
01397103,CA,15,151010,15101010
01398801,US,40,402030,40203020
01402701,US,20,202010,20201050
01406201C,US,15,151030,15103010
01407801C,CA,20,201010,20101010
01408401,US,20,201060,20106020
01414001W,ES,40,401010,40101010
01417201,US,40,401010,40101015
01421901,US,40,401010,40101015
01422501,US,20,201070,20107010
01424201W,AU,35,351010,35101020
01428201,US,45,452030,45203015
01430902,US,30,303020,30302010
01431101,US,25,252020,25202010
01431201C,CA,30,301010,30101030
01432601C,CA,40,402030,40203010
01433001C,CA,15,151050,15105010
01433301C,CA,40,402030,40203010
01435201C,CA,20,201030,20103010
01436901,US,50,501020,50102010
01437001,US,20,202020,20202010
01439001C,CA,55,551010,55101010
01439101C,CA,55,551050,55105010
01441801,US,25,253010,25301010
01443301C,CA,55,551030,55103010
01444702W,FR,25,252030,25203010
01447701,US,20,202010,20201050
01448908,US,45,452020,45202030
01451701C,CA,40,402030,40203040
01453890,IL,35,352020,35202010
01456101,US,45,452030,45203015
01459002,US,15,151040,15104025
01459201,US,40,402030,40203010
01460501W,GB,50,502010,50201010
01462002W,SE,25,252010,25201040
01479001,US,25,252010,25201030
01480201W,AU,40,401010,40101010
01482201,US,40,403010,40301040
01482401,US,40,403010,40301040
01482801,US,40,403010,40301040
01489490,GB,50,501020,50102010
01493401,US,10,101020,10102020
01496001,US,35,351020,35102015
01502001C,CA,20,201070,20107010
01504201C,CA,10,101020,10102030
01504401,US,45,451030,45103010
01505501C,CA,10,101020,10102020
01507001C,CA,10,101020,10102010
01515303,US,40,402010,40201050
01518103W,ES,40,401010,40101010
01519901,US,40,401010,40101015
01521101C,CA,60,601025,60102510
01524701,US,10,101020,10102030
01526701,US,20,201060,20106020
01531901W,ES,10,101020,10102010
01532101W,ES,55,551010,55101010
01533401W,NL,15,151010,15101050
01534301,US,20,201060,20106020
01536201W,AU,40,401010,40101010
01541401,US,35,352030,35203010
01541701,US,40,403010,40301010
01542001,US,45,453010,45301020
01544401,IE,15,151020,15102010
01548301W,JP,40,402030,40203020
01549801W,HK,40,401010,40101010
01550501W,IE,40,401010,40101010
01550802W,GB,15,151040,15104020
01550902W,GB,40,401010,40101010
01551102W,JP,40,401010,40101015
01551203W,NL,40,403010,40301030
01551301W,DK,40,403010,40301040
01552001,US,25,255040,25504040
01553102W,CH,40,401010,40101015
01553204W,FR,40,401010,40101010
01554502W,GB,40,403010,40301030
01554901W,IT,40,401010,40101010
01555201W,DK,40,401010,40101010
01556701W,JP,40,401010,40101015
01557501W,DE,40,401010,40101010
01557601W,DE,40,402030,40203030
01557901W,JP,40,401010,40101015
01558001C,CA,40,401010,40101010
01558101C,CA,40,401010,40101010
01558201C,CA,40,401010,40101010
01559301W,IT,40,401010,40101010
01559890,NL,40,403010,40301020
01560001W,DK,40,401010,40101010
01560201W,GB,60,601010,60101010
01560301W,GB,40,403010,40301020
01561301W,JP,40,402030,40203020
01561704W,NL,40,401010,40101010
01562001C,CA,40,401010,40101010
01562501W,JP,60,602010,60201010
01563301C,CA,40,401010,40101010
01563402W,GB,40,401010,40101010
01563801W,GB,40,402030,40203010
01564401W,GB,60,601025,60102510
01564501W,GB,40,401010,40101010
01564701W,NO,40,403010,40301020
01565401W,SE,40,401010,40101010
01565902W,JP,40,403010,40301040
01566801W,JP,40,402010,40201020
01567101W,SE,40,401010,40101010
01567701W,DE,40,403010,40301050
01567901W,SG,40,401010,40101010
01569601W,GB,60,601040,60104010
01569701W,HK,60,602010,60201030
01569903W,SE,40,402010,40201030
01570301W,BE,40,401010,40101010
01570401C,CA,20,202020,20202020
01570601C,CA,40,401010,40101010
01572401W,DE,40,403010,40301030
01574301W,SG,40,401010,40101010
01574503W,IT,40,401010,40101010
01574801W,JP,40,401010,40101015
01574903W,HK,60,602010,60201020
01575001W,JP,40,401010,40101015
01575301W,SG,40,401010,40101010
01575601W,AU,40,403010,40301040
01576701W,GB,60,601070,60107010
01577301W,FI,40,403010,40301040
01577902W,JP,40,403010,40301040
01578201W,GB,40,403010,40301020
01578401W,FR,40,401010,40101010
01580401W,IT,40,403010,40301030
01581601W,JP,40,401010,40101015
01583301W,GB,25,252030,25203030
01584601W,ES,40,401010,40101010
01585501,US,45,451030,45103020
01586202W,IT,40,403010,40301030
01588901W,AU,40,401010,40101010
01590801W,FR,40,402010,40201030
01591201W,AU,60,601010,60101010
01592203W,SE,60,602010,60201020
01592901W,GB,40,401010,40101010
01593301W,JP,40,403010,40301040
01593601W,FR,60,601070,60107010
01593701W,JP,40,401010,40101015
01600501C,CA,15,151040,15104020
01610101,US,35,352010,35201010
01611301,US,40,402030,40203010
01618801,US,45,452030,45203010
01618901W,AU,60,601010,60101010
01622501,US,10,101020,10102040
01626701W,IT,20,201010,20101010
01628101W,ES,40,403010,40301030
01629901W,SE,20,201050,20105010
01630101W,JP,60,602010,60201010
01633102W,IT,40,402010,40201030
01634803W,IT,40,401010,40101010
01634902W,CH,40,403010,40301030
01638302W,FR,60,601070,60107010
01638401,US,40,402010,40201020
01640101,US,45,453010,45301020
01642801C,CA,40,403010,40301040
01643101C,CA,40,403010,40301020
01644701W,BE,40,403010,40301030
01645301,US,35,351010,35101020
01647603,US,25,252030,25203010
01647703,US,25,251010,25101010
01647801,US,10,101020,10102020
01648601,US,20,201070,20107010
01653801W,HK,20,203020,20302010
01654901,US,40,401010,40101015
01658201C,CA,15,151010,15101030
01659001W,HK,55,551010,55101010
01659701,US,45,453010,45301020
01660301W,CH,30,302020,30202030
01662101W,HK,60,602010,60201010
01665301,US,25,252010,25201030
01672101,US,50,502020,50202020
01677701,US,40,401010,40101015
01678101,US,40,401010,40101015
01679001,US,40,401010,40101015
01682101,US,40,401010,40101015
01683201,US,40,401010,40101015
01684501,US,40,401010,40101015
01684801,US,35,352010,35201010
01688901,US,40,401010,40101015
01698101,US,40,401010,40101015
01703501,US,40,403010,40301040
01709501,US,40,401010,40101015
01711501,US,40,403010,40301040
01713201,US,40,401010,40101015
01714501,US,40,401010,40101015
01715001,US,40,401010,40101015
01715101,US,40,401010,40101015
01718401,US,40,401010,40101015
01719501,US,40,401010,40101015
01722801,US,10,101020,10102020
01724801,US,40,401010,40101015
01730601,US,40,402010,40201050
01740401W,GB,30,302020,30202030
01742002W,SE,20,201060,20106020
01743601W,DE,15,151010,15101020
01745202W,FR,30,302020,30202030
01752501W,AU,55,551010,55101010
01763901,US,60,601060,60106020
01765301,US,35,352010,35201010
01770301W,JP,25,252010,25201010
01776901,US,40,402010,40201040
01782601,CA,10,101020,10102050
01782701W,JP,20,202010,20201010
01782801W,DE,25,251020,25102010
01783001W,JP,60,602010,60201010
01787401,US,50,501020,50102010
01787501,US,40,401010,40101015
01792801,US,35,352030,35203010
01793401,US,30,301010,30101030
01799701,FR,15,151040,15104010
01800401,US,25,252010,25201030
01804301,US,50,502010,50201040
01804901,US,40,401010,40101015
01807101,US,60,601025,60102510
01815901,US,35,352010,35201010
01824101,US,40,401010,40101015
01829303,US,55,551050,55105020
01829601C,CA,60,601070,60107010
01831201,US,30,301010,30101020
01832901,US,40,401010,40101015
01835101,CA,15,151040,15104030
01838301,US,60,601070,60107010
01844101,US,40,403010,40301050
01846501,US,10,101020,10102020
01846601W,JP,25,251020,25102010
01846701W,JP,45,451020,45102010
01846801,US,10,101020,10102040
01849401,US,60,601060,60106010
01849801,US,25,255040,25504050
01852602W,HK,55,551020,55102010
01862401,US,35,351020,35102015
01862601,US,45,451020,45102010
01862901,US,25,252010,25201030
01863001,US,45,451030,45103010
01863690,GB,30,302010,30201020
01864901W,HK,60,602010,60201020
01867501,US,25,255040,25504010
01868301,US,20,202020,20202020
01868901,US,35,351030,35103010
01869901,US,45,451030,45103010
01870901W,JP,20,201030,20103010
01871501W,JP,30,303020,30302010
01872901W,JP,30,302010,30201010
01873201,US,40,401010,40101015
01874501,US,40,402010,40201050
01875090,FR,50,502010,50201010
01879201,US,60,601080,60108010
01886001W,GB,30,301010,30101030
01886901,US,45,451020,45102030
01887501,US,60,602010,60201040
01888801,US,35,352020,35202010
01893101W,JP,25,251020,25102010
01894701,US,35,352010,35201010
01895701W,JP,20,203020,20302010
01900201W,JP,20,201060,20106020
01904301W,JP,20,201040,20104020
01904401,US,45,451030,45103020
01904502W,JP,15,151010,15101020
01908301W,HK,60,602010,60201010
01909401,US,40,401010,40101015
01909901W,JP,20,203040,20304010
01911201W,JP,25,251010,25101010
01911301W,JP,25,251020,25102010
01911501W,JP,20,201060,20106020
01914101W,JP,15,151050,15105020
01914901,US,35,352010,35201010
01915101W,IT,50,501010,50101020
01915701W,JP,45,452030,45203015
01931801,US,40,401010,40101015
01934401W,JP,30,303020,30302010
01934901W,DE,20,201050,20105010
01935501,US,40,401010,40101015
01941301W,JP,25,251010,25101010
01942101W,HK,60,602010,60201010
01945701W,JP,45,452030,45203015
01948401,US,20,201070,20107010
01950701,US,60,601080,60108010
01951601,US,25,252010,25201030
01951701,US,55,551020,55102010
01956590,GB,15,151040,15104020
01957001,US,40,401010,40101015
01957901W,GB,30,301010,30101030
01958201,US,60,601050,60105010
01959102W,SE,20,201060,20106020
01964601W,JP,60,602010,60201010
01965601W,JP,20,201020,20102010
01966101W,JP,25,251020,25102010
01971301,US,40,401010,40101015
01973001,US,20,202020,20202010
01974101W,JP,20,202010,20201080
01975301,US,50,502010,50201010
01977401W,SG,55,551030,55103010
01979901W,SG,60,602010,60201010
01984602W,JP,25,252010,25201010
01985501,US,60,601070,60107010
01987701,US,45,451030,45103010
01990401W,GB,25,253010,25301020
01990801,US,45,451030,45103010
01992701,US,40,402030,40203020
01993401W,JP,30,302020,30202030
01997401,US,40,402030,40203010
01999801,US,35,352030,35203010
02000701C,CA,15,151040,15104030
02001901,US,40,401010,40101015
02006701W,GB,25,253010,25301020
02008801,US,45,451030,45103010
02010501,US,40,402030,40203010
02011601,US,20,202020,20202010
02012601,US,20,201020,20102010
02014501W,JP,20,201040,20104010
02016101W,JP,15,151020,15102010
02018501,US,15,151010,15101030
02023201,US,45,452030,45203010
02023501,US,20,201070,20107010
02033801,US,30,302010,30201030
02041201,US,40,402030,40203010
02043001,US,40,402020,40202010
02053401,US,10,101020,10102020
02054801,US,10,101020,10102020
02056101C,CA,25,251010,25101010
02066101,US,20,201010,20101010
02067001C,CA,15,151040,15104045
02067601C,CA,10,101020,10102020
02068601,US,40,402020,40202010
02071001C,CA,10,101020,10102020
02074801,US,45,452010,45201020
02077901,US,45,452010,45201020
02080101C,CA,45,451030,45103010
02082301,US,35,351020,35102030
02086001C,CA,15,151030,15103010
02089802,US,35,352010,35201010
02090401,US,35,351010,35101010
02093501,US,40,403010,40301040
02100201,US,45,451030,45103020
02100401,US,35,351010,35101020
02103201,US,35,352010,35201010
02122702,US,50,502010,50201030
02123801,US,20,201040,20104010
02138301W,HK,60,602010,60201020
02138804W,LU,50,502010,50201020
02139001W,JP,40,401010,40101015
02140803W,BE,40,402010,40201030
02142901,US,20,201030,20103010
02143102,US,10,101020,10102020
02144001,US,20,203040,20304030
02148101W,CH,40,402030,40203010
02150301,US,40,403010,40301040
02154001,US,25,255040,25504060
02154201,US,20,201020,20102010
02160101,US,35,352010,35201010
02174401,CA,35,352010,35201010
02177701,US,35,351010,35101020
02179801,US,30,302020,30202030
02179901,US,40,402030,40203010
02180801,US,25,253010,25301010
02181501,US,40,401010,40101015
02182501,US,40,401010,40101015
02183301,US,10,101020,10102040
02184701,US,45,451030,45103010
02186401C,CA,45,451020,45102010
02189401C,CA,30,301010,30101030
02189801,US,25,255040,25504010
02200001,US,45,451030,45103010
02204701,US,25,252010,25201030
02208601,US,40,401010,40101015
02213401,US,15,151010,15101050
02215501,US,25,255040,25504030
02226004,US,35,351020,35102020
02233601W,JP,40,402020,40202010
02245901,US,60,601070,60107010
02252201W,JP,40,401010,40101015
02258301,US,20,201070,20107010
02260490,DK,35,352010,35201010
02263801,US,50,502030,50203010
02267201,US,25,253010,25301040
02271701,US,40,401010,40101015
02274101,US,15,151010,15101020
02278301W,IL,55,551050,55105010
02281501,US,45,452030,45203010
02297005C,CA,60,601070,60107010
02302701,US,20,202020,20202020
02307101,US,45,451020,45102030
02308301,US,30,303010,30301010
02308401,US,45,452030,45203020
02308701W,CH,40,403010,40301030
02314701,US,60,601080,60108020
02322401,US,20,201060,20106020
02322501,US,50,502010,50201030
02323801,US,25,255030,25503030
02324501,US,25,252010,25201030
02324701,US,40,402030,40203020
02324901,US,45,452010,45201020
02329002W,IL,30,302020,30202030
02335301,US,40,402030,40203010
02340701,US,35,352010,35201010
02343201,US,40,402030,40203020
02343301,US,10,101020,10102020
02345101W,JP,20,203040,20304010
02350001,US,40,401010,40101015
02350801W,FR,55,551020,55102010
02354601,US,20,202020,20202010
02365001C,CA,45,451020,45102030
02366702W,NL,30,301010,30101030
02367190,FI,45,452010,45201020
02375301,US,25,251010,25101010
02380901,US,25,255040,25504050
02381201,US,35,352010,35201010
02384301,US,25,253010,25301040
02384802W,PT,40,401010,40101010
02390001W,JP,40,401010,40101015
02390201W,JP,40,401010,40101015
02390902W,JP,40,401010,40101015
02391301W,GB,40,402030,40203010
02397701,US,60,601030,60103010
02397801,US,15,151040,15104050
02399001,US,35,351010,35101010
02399401C,CA,30,301010,30101030
02402101,US,35,351010,35101020
02404001,US,35,352010,35201010
02405601W,BE,40,402010,40201030
02407101,US,45,451030,45103010
02407601,US,25,255030,25503030
02408301,US,45,451030,45103010
02411601C,CA,60,602010,60201040
02413501,US,45,451030,45103010
02415701,US,40,402020,40202010
02417601,US,35,352010,35201010
02419701,US,35,351010,35101010
02420701W,JP,40,401010,40101015
02421601,US,55,551050,55105010
02422501,US,35,351020,35102015
02423201,US,40,401010,40101015
02424901,US,35,351030,35103010
02430201,US,35,352010,35201010
02431601,US,30,302010,30201030
02434401,US,35,352010,35201010
02435201,US,45,451030,45103020
02437001C,CA,10,101020,10102050
02437901,US,40,402010,40201050
02440501,US,45,452030,45203010
02444702,US,40,401010,40101015
02446301,US,30,302010,30201030
02446801,US,35,352010,35201010
02448101,US,50,502020,50202010
02450101,US,45,451030,45103020
02451201W,AU,40,401010,40101010
02453301,US,60,601050,60105010
02456302W,FR,40,401010,40101010
02457301W,JP,40,401010,40101015
02457801W,SE,40,401010,40101010
02458401W,IT,40,401010,40101010
02460101,US,20,201020,20102010
02461601,US,40,402010,40201060
02461701,US,20,203040,20304030
02462001,US,60,601030,60103010
02462502W,FR,10,101020,10102010
02463801,US,20,202020,20202020
02467801,US,40,403010,40301030
02473101,US,60,601070,60107010
02478201,US,35,352020,35202010
02478301,US,20,202010,20201050
02480001,US,45,453010,45301020
02482501,US,60,601040,60104010
02485601,US,35,352010,35201010
02486101,US,25,253010,25301030
02490501,US,20,201040,20104010
02492501,US,45,451030,45103010
02494401C,CA,55,551010,55101010
02497501,US,45,451030,45103010
02511001,US,35,351010,35101020
02511901,US,25,252010,25201020
02512401,US,15,151010,15101040
02517301,US,40,401010,40101015
02518001,US,20,201060,20106015
02521901,US,40,402030,40203020
02523401,US,25,255040,25504010
02527401,US,45,453010,45301020
02527901,US,35,351010,35101010
02531301,US,35,351010,35101010
02533901,US,40,402020,40202010
02534001,US,25,252010,25201030
02538903,US,15,151030,15103020
02543401,US,25,253010,25301040
02546601W,IT,25,251020,25102010
02553603,US,30,303010,30301010
02563301,US,60,601050,60105010
02564501,US,30,301010,30101030
02564804W,CH,35,352020,35202010
02566501,US,60,601050,60105010
02573701,US,25,253010,25301040
02574701,US,45,452030,45203015
02574901,US,45,451020,45102010
02575601,US,45,452020,45202030
02579201C,CA,55,551010,55101010
02587001,US,15,151010,15101050
02588001,US,35,351020,35102010
02589301,US,20,201070,20107010
02589501,US,40,402010,40201050
02589801,US,35,351020,35102020
02592201,US,20,201060,20106020
02593702,US,35,352020,35202010
02596405,US,20,201060,20106020
02601301,US,10,101020,10102020
02606101,US,50,502030,50203010
02606904,US,10,101020,10102020
02612301,US,35,351010,35101010
02614701,US,35,351010,35101010
02615601,US,45,452020,45202030
02616701,US,40,403010,40301010
02627001,US,40,401010,40101015
02630501,US,25,253020,25302010
02634001,US,35,352020,35202010
02634901,US,35,352020,35202010
02635901,US,35,352010,35201010
02636101,US,25,253010,25301010
02636701,US,40,402010,40201060
02638501,NL,35,352010,35201010
02641001,US,60,601080,60108010
02649401,US,45,451030,45103010
02653901,CA,15,151040,15104030
02656701,US,40,402030,40203020
02659001,US,20,201060,20106020
02674601,US,45,451030,45103010
02674901,US,20,201070,20107010
02676801,CA,15,151040,15104030
02683902,US,60,601070,60107010
02686402,US,10,101020,10102020
02701401,US,20,201040,20104010
02711901,US,15,151010,15101050
02718603,US,50,502020,50202010
02718703,US,50,502020,50202010
02721505,US,40,403010,40301020
02735501C,CA,15,151040,15104030
02736401,US,45,451020,45102030
02737301,US,25,255040,25504050
02738701,US,45,453010,45301020
02739301,US,25,253010,25301020
02739401,US,60,601030,60103010
02751901C,CA,15,151040,15104030
02757501,US,25,252020,25202010
02757601,US,30,302020,30202030
02763801,US,15,151040,15104010
02765201,US,40,403010,40301040
02765301,US,25,252020,25202010
02766501,US,40,401010,40101015
02767001,US,35,352010,35201010
02770601,US,10,101020,10102040
02771601,US,35,352010,35201010
02778621,US,10,101020,10102020
02781001,GB,35,351010,35101010
02784101,US,15,151040,15104050
02787101,US,40,401010,40101015
02787501,US,60,601060,60106020
02788501,US,50,502010,50201010
02790701,US,30,303020,30302010
02791401,US,35,351020,35102030
02792801,US,45,451030,45103010
02796001,US,20,201060,20106015
02796501,US,45,453010,45301020
02802201,US,40,401010,40101015
02803401,US,40,403010,40301040
02811301,CH,35,352010,35201010
02813901,US,45,452030,45203020
02817601,US,15,151030,15103010
02818001,US,25,255040,25504050
02819101,US,25,253010,25301020
02819201,US,20,201010,20101010
02819401,US,15,151010,15101050
02819501,US,45,452030,45203020
02821601,US,40,403010,40301050
02827290,GB,35,352020,35202010
02827801,US,40,401010,40101015
02832002,US,45,452030,45203030
02832201,US,60,601050,60105010
02832301,US,60,601070,60107010
02833801,CH,10,101010,10101010
02834001,US,60,601070,60107010
02834901,US,40,403010,40301040
02836701,US,35,351010,35101010
02837001,US,25,253010,25301020
02837802,US,50,502020,50202010
02838401,IL,45,451030,45103010
02839701,US,25,253010,25301040
02842001,US,45,451030,45103010
02845602W,NO,10,101010,10101020
02848501,CA,60,602010,60201040
02855501C,CA,50,501010,50101020
02859001,US,20,202010,20201080
02862901,US,60,601060,60106010
02867001,US,60,601025,60102510
02870401,US,25,253010,25301010
02873301,US,60,601060,60106010
02874201,US,25,251010,25101010
02878702,US,30,301010,30101020
02879001,US,30,302020,30202030
02880601,US,35,352010,35201010
02886601,US,40,401010,40101015
02887702,US,30,302010,30201030
02892301W,IL,20,202020,20202010
02893002,US,25,253010,25301020
02894001,US,45,452030,45203015
02901101,US,25,253010,25301010
02901501,US,25,252030,25203020
02902801,US,30,301010,30101040
02905201,US,60,601025,60102510
02909901,US,60,601070,60107010
02910101,US,40,401010,40101015
02910801,US,10,101010,10101010
02912701,US,35,352010,35201010
02913101,US,20,201020,20102010
02913301,US,45,452030,45203010
02913501,CA,10,101020,10102020
02915001,US,25,255040,25504010
02915601,US,20,201020,20102010
02917501C,CA,40,402020,40202010
02924101,US,45,452010,45201020
02928201,US,40,401010,40101015
02935901,US,60,601060,60106020
02938201,US,25,252030,25203020
02938901,US,60,601070,60107010
02939201,US,15,151010,15101050
02944901,US,35,351010,35101020
02945301,US,10,101020,10102040
02947801C,CA,20,201060,20106020
02955201C,CA,60,601060,60106010
02964901,US,60,601060,60106010
02973301,US,15,151020,15102010
02973601,US,25,255040,25504040
02975101,US,15,151010,15101050
02978901W,NL,20,202020,20202020
02980402,US,40,402030,40203010
02983701,US,35,352010,35201010
02986801,US,60,601070,60107010
02987501,US,60,601060,60106010
02990101,US,20,202010,20201070
02995501,CA,35,352020,35202010
02998401,US,60,601025,60102510
02998501C,CA,20,201030,20103010
03000401,US,60,601060,60106020
03002401,US,50,501020,50102010
03003201,US,15,151020,15102010
03005901,US,25,255040,25504010
03006701,US,60,601070,60107010
03007601,US,40,402030,40203010
03009101,US,50,502030,50203010
03009802,US,20,201060,20106020
03017001,US,45,452030,45203020
03022201,US,40,401010,40101015
03025901,US,25,253010,25301010
03026001,US,20,201020,20102010
03028401,US,10,101010,10101020
03029301,US,60,601060,60106010
03029801,US,60,601040,60104010
03036901C,CA,40,402030,40203010
03038401,US,60,601025,60102510
03039002W,AT,60,602010,60201020
03039701,US,15,151040,15104050
03042101C,CA,15,151050,15105010
03044301,US,30,302020,30202010
03046301,US,20,201060,20106010
03048302W,JP,40,401010,40101015
03048401W,JP,40,401010,40101015
03048701W,JP,40,401010,40101015
03053601,US,20,202010,20201080
03057902W,IL,40,401010,40101010
03061201,US,35,351020,35102015
03063701,US,60,601060,60106010
03065101,US,30,302020,30202010
03066201,US,50,502010,50201030
03067101,US,15,151040,15104050
03073601,US,45,451020,45102030
03082201,US,60,601070,60107010
03086101,US,20,203040,20304030
03092301,US,10,101010,10101020
03093201,US,40,401010,40101015
03099001,US,40,402020,40202010
03099901,US,25,255040,25504050
03110901,US,10,101020,10102040
03114290,FR,45,453010,45301020
03123601,US,45,451030,45103020
03125202,US,10,101020,10102020
03125501,IL,45,453010,45301020
03145301,US,45,452030,45203030
03147701,US,35,352030,35203010
03152101,US,40,402030,40203020
03156401,US,45,451030,45103010
03158701,US,30,301010,30101040
03164801W,HK,40,401010,40101010
03167301,US,35,351020,35102010
03175201,US,20,202020,20202020
03177401,US,40,403010,40301020
03184601,US,25,253010,25301040
03188701,US,35,351010,35101010
03210601,US,10,101010,10101020
03224401,US,10,101020,10102040
03234801,US,35,352010,35201010
03237201,US,10,101020,10102050
03238201,US,50,502020,50202010
03252601,US,45,451020,45102030
03254101,US,50,502030,50203010
03254690,SG,50,502020,50202020
03258001,US,60,601080,60108010
03260803,US,25,253020,25302020
03261901,US,40,402010,40201050
03263801,US,45,453010,45301010
03274801,US,60,602010,60201040
03276701,US,40,402010,40201020
03277101,US,20,201030,20103010
03277501,US,35,352010,35201010
03280901,US,35,351020,35102015
03288601,US,20,201060,20106020
03291801,US,50,502020,50202010
03293001,US,25,253020,25302020
03293801,US,10,101010,10101020
03298001,US,60,601025,60102510
03303701,US,45,451030,45103020
03305601,US,40,401010,40101015
03311001,US,40,402030,40203010
03315201,US,45,451030,45103010
03317501,US,50,502020,50202010
03324301,US,25,253010,25301020
03330101,US,45,451030,45103010
03332601,US,10,101010,10101020
03333701,US,40,402030,40203010
03342101,US,40,403010,40301010
03342401,US,20,201030,20103010
03343501,US,35,351010,35101010
03344501,US,35,352010,35201010
03344701,US,35,352010,35201010
03344901,US,10,101010,10101020
03365201,US,25,252010,25201030
03366801,US,20,201040,20104020
03371801,US,30,301010,30101040
03372301,US,35,352010,35201010
03375901,US,45,451030,45103020
03380901,US,60,602010,60201040
03385090,NO,45,451030,45103010
03394801C,CA,40,402030,40203010
03395101,US,25,253020,25302020
03395501,US,35,352020,35202010
03401001,US,10,101020,10102020
03402590,US,35,352020,35202010
03403401,US,10,101020,10102020
03405101,US,25,251010,25101010
03405301,US,20,201020,20102010
03410101,US,20,202020,20202010
03410201,US,35,351020,35102015
03424101,US,35,352010,35201010
03424301,US,45,451030,45103010
03430001,US,20,202020,20202030
03441001,US,35,352010,35201010
03441401,US,10,101020,10102040
03441801,US,10,101020,10102040
03444301,US,15,151010,15101010
03446701,US,25,255040,25504010
03452601,US,35,351020,35102020
03460390,HK,40,402030,40203020
03463602,US,50,502010,50201020
03474901,US,40,402030,40203040
03486390,NZ,40,402030,40203020
03487301,US,20,203040,20304040
03491001,CA,45,451030,45103010
03491901,US,40,402030,40203040
03495301,US,40,403010,40301040
03495501,US,45,451030,45103010
03497003,US,60,601050,60105010
03500501,US,45,451030,45103010
03501301,US,50,502030,50203010
03503501,US,25,252030,25203010
03505601W,CH,35,351010,35101020
03506201,US,35,351010,35101010
03506501,US,35,352030,35203010
03507701,US,20,203040,20304040
03513601,US,35,352010,35201010
03515801,US,20,202020,20202020
03516801,US,15,151010,15101030
03518201,US,45,451030,45103020
03521101,GB,20,202020,20202020
03526401,US,35,352010,35201010
03526701,US,35,352010,35201010
03528701,US,25,255040,25504040
03537501,US,35,352010,35201010
03537701,US,35,351030,35103010
03544701,US,45,451030,45103010
03549701,US,35,351010,35101010
03554301,US,35,351020,35102015
03560001,US,35,352010,35201010
03560401,US,45,451020,45102030
03560901C,CA,15,151040,15104020
03561201C,CA,20,202010,20201050
03562001,US,45,451030,45103010
03562701,US,25,252020,25202010
03565390,DE,35,352010,35201010
03568404,US,30,303020,30302010
03570801,US,35,351020,35102030
03571401,US,35,352010,35201010
03573401C,CA,15,151040,15104030
03577001,US,60,601050,60105010
03578801C,CA,15,151040,15104030
03579401,US,45,453010,45301020
03586801,US,45,451030,45103010
03587401,US,30,303010,30301010
03588201,US,55,551020,55102010
03595701,CA,15,151040,15104030
03598201,US,35,352010,35201010
03602801,US,35,352010,35201010
03605101,US,35,351030,35103010
03608301,US,35,352010,35201010
03617501,US,20,201040,20104010
03619001,US,20,201060,20106020
03619101,US,20,201020,20102010
03619301,US,20,201020,20102010
03620301,US,45,452030,45203010
03627301,US,45,451030,45103010
03629301,US,45,451020,45102010
03640401,US,25,253010,25301010
03646306,US,20,202020,20202010
03647301,US,35,352010,35201010
03647401,US,35,352020,35202010
03649401,US,40,402010,40201060
03660001,US,35,352010,35201010
03663301,US,40,401010,40101015
03669101,US,50,502030,50203010
03669201,US,40,403010,40301040
03671101,US,45,451030,45103010
03671701,US,45,451030,45103010
03672201,US,40,402010,40201050
03679001C,US,55,551050,55105020
03681901,US,35,352010,35201010
03684701,US,35,352020,35202010
03689701,US,10,101020,10102020
03689801,US,45,451030,45103010
03691001,US,45,451030,45103010
03694501,US,45,451030,45103020
03696401,US,45,451030,45103010
03696503,SG,20,203040,20304040
03697704,US,25,253010,25301010
03702301,US,35,351030,35103010
03705401,US,25,255040,25504040
03707302,US,20,201040,20104020
03707601,US,45,451030,45103010
03707903,US,25,253010,25301020
03708201,US,35,352020,35202010
03713602,US,45,451030,45103010
03715001,US,40,403010,40301040
03724001,US,35,352010,35201010
03724801C,CA,10,101020,10102020
03725802,IT,25,252030,25203010
03730901,US,45,453010,45301020
03733801,US,35,352030,35203010
03735701,US,40,402020,40202010
03738201,US,20,202020,20202030
03740701,US,15,151040,15104020
03741301,US,40,402010,40201060
03741401,US,35,351030,35103010
03742001,US,25,253010,25301040
03742802,US,50,502030,50203010
03744901,US,25,251010,25101010
03745301,US,50,502020,50202020
03746001,US,25,253010,25301020
03751302,US,35,352010,35201010
03751701,US,45,451030,45103010
03759601,US,45,451030,45103020
03771101,US,35,351020,35102030
03775001C,CA,45,451030,45103010
03775101,US,20,202010,20201070
03775201,IL,50,502020,50202020
03779301,US,25,252010,25201030
03781290,GB,35,352010,35201010
03785101,US,35,351020,35102015
03785502,US,25,253010,25301030
03787105,US,45,451030,45103010
03795303,US,50,502030,50203010
03801802,US,10,101020,10102020
03801901,US,40,403010,40301020
03802201,US,20,201060,20106020
03802701,US,35,352010,35201010
03806003,US,45,453010,45301020
03808704,US,45,451030,45103010
03810702,US,45,451030,45103010
03812501,US,20,201020,20102010
03818801,US,45,451020,45102030
03821201,US,45,451030,45103010
03823801,US,35,351020,35102030
03832901,US,45,451030,45103010
03837401,US,20,202010,20201070
03837501,US,55,551010,55101010
03840301,US,45,451030,45103010
03841201,US,45,451030,45103010
03842990,SE,25,251020,25102010
03846101,US,35,351020,35102015
03846701,US,35,352020,35202010
03847401,US,35,352010,35201010
03847701,US,20,201010,20101010
03848801,US,60,602010,60201040
03856001C,CA,20,201010,20101010
03859401,US,35,351020,35102015
03859801,US,50,501010,50101010
03864501,IL,25,255030,25503030
03864601,US,45,451030,45103020
03868101,US,25,253010,25301010
03870701,US,20,202020,20202010
03870801,US,45,451030,45103010
03874701,US,40,402010,40201060
03874801,US,45,451030,45103010
03875301,US,40,402010,40201050
03877101,US,40,402010,40201060
03877702,HK,45,451030,45103010
03878201,US,35,352010,35201010
03880590,GB,35,352010,35201010
03882101,US,35,352020,35202010
03882201,IL,45,451030,45103020
03883201,US,40,402010,40201060
03883401,US,35,351020,35102015
03884501,US,40,402030,40203010
03885701,US,35,352010,35201010
03887001,US,20,201070,20107010
03888102,US,50,502030,50203010
03891501,US,45,451030,45103010
03891601,US,40,402020,40202010
03892701,US,35,351030,35103010
03893101,US,45,451030,45103010
03893601,US,25,253020,25302020
03895401,US,45,451030,45103010
03904101,US,10,101020,10102040
03904801,US,20,202020,20202010
03906701,US,40,403010,40301010
03906901,US,50,502010,50201010
03907001,US,45,451030,45103010
03907701,IT,35,352030,35203010
03910301,US,40,402010,40201060
03912201,US,25,253020,25302010
03912801C,CA,40,403010,40301050
03915701,US,45,451030,45103010
03920702,US,25,251020,25102010
03922501,US,20,202020,20202020
03925101,US,20,201040,20104010
03929301,US,40,402030,40203020
03931001,US,25,255040,25504010
03931901,US,20,203010,20301010
03932101,US,35,351020,35102015
03933701,US,25,251020,25102010
03934401,US,35,352010,35201010
03937801,US,45,451030,45103010
03938601,US,15,151030,15103010
03940501,US,20,203020,20302010
03945301,US,35,351010,35101010
03945701,CH,25,253010,25301010
03948101,CH,25,252030,25203020
03948301,US,25,253010,25301040
03950201,US,25,255040,25504040
03950301,US,20,201010,20101010
03952401,US,40,402010,40201060
03953901,US,45,451030,45103010
03954701,US,40,402010,40201060
03955001,US,45,451030,45103010
03955401,US,45,451030,45103010
03955501,US,45,451030,45103010
03956101,US,40,402010,40201020
03964801,US,25,253010,25301030
03965101,US,15,151050,15105020
03968501,US,40,402010,40201060
03968701,US,45,451030,45103020
03974901,US,30,302010,30201030
03979101,US,35,352010,35201010
03980001,US,45,452020,45202030
03981001,US,45,451030,45103010
03981101,US,25,251020,25102010
03982201,US,45,453010,45301020
03991301,US,25,253020,25302010
03991601,US,35,351020,35102015
03993501,US,45,452030,45203010
03994201,US,45,451030,45103010
03996001,AU,45,451030,45103010
03996101,US,25,253010,25301040
03996301,US,45,451020,45102010
03998901,US,40,402030,40203010
03999201,US,45,451030,45103010
04009201,US,20,201010,20101010
04029001C,CA,40,403010,40301040
04029201,US,45,451030,45103010
04038301,US,10,101020,10102020
04053201,US,45,453010,45301020
04053501,US,40,402030,40203010
04054502,US,50,502020,50202010
04060501,CA,35,351010,35101020
04061001,US,35,352010,35201010
04061401,US,55,551010,55101010
04105901,US,20,201060,20106020
04108401,US,40,402010,40201020
04162201,US,35,352010,35201010
04164001,IL,25,251010,25101010
04171601,US,20,203040,20304030
04178201,US,40,403010,40301040
04179901,US,10,101020,10102020
04181701C,CA,40,402030,40203010
04181801,US,35,351010,35101010
04183501,US,20,201020,20102010
04189701,US,30,303020,30302010
04198101,US,10,101010,10101020
04199601,US,20,201040,20104010
04203301,US,20,201060,20106010
04224401C,CA,45,451030,45103010
04228401,US,45,452030,45203010
04285601,US,10,101010,10101020
04291201,US,40,403010,40301040
04295001,US,15,151020,15102010
04302301,US,25,253010,25301040
04305701,US,25,251010,25101010
04309101,US,35,352010,35201010
04310601,IL,30,303020,30302010
04311301,US,25,252010,25201040
04318802,US,50,502020,50202010
04319701,US,20,202010,20201050
04319801,US,40,402010,40201060
04323601,US,30,302020,30202030
04328590,GB,45,453010,45301020
04328801,US,45,451030,45103010
04331601,US,30,301010,30101030
04336001,US,20,202010,20201070
04336201W,CH,35,352020,35202010
04341501,GB,25,252030,25203020
04350701,US,10,101020,10102020
04351501,US,35,351030,35103010
04358901,US,20,202020,20202020
04373701,US,55,551050,55105010
04385801,US,35,352010,35201010
04386201,FI,25,252030,25203010
04509401,US,45,453010,45301020
04509701,US,50,502030,50203010
04516701,US,35,351010,35101020
04516901,US,20,201040,20104020
04522001,US,25,253010,25301020
04523201,US,20,201030,20103010
04523801,US,35,351020,35102020
04526501,US,20,201010,20101010
04528101,US,45,451030,45103020
04544501,US,60,602010,60201020
04546201,US,35,352030,35203010
05029001,US,45,451030,45103020
05034501,US,35,351020,35102020
05038901,US,60,601025,60102510
05061701,US,20,201010,20101010
05068801,US,20,202020,20202020
05072001C,CA,10,101020,10102040
05072101,US,60,601070,60107010
06097901,US,20,201060,20106010
06116302,US,60,601030,60103010
06118101,US,35,351010,35101010
06121490,NL,45,453010,45301010
06130201,US,40,403010,40301040
06135601,US,45,452030,45203010
06138001,US,40,403010,40301040
06138801,US,40,403010,40301050
06140601,US,40,403010,40301050
06140801,US,40,403010,40301040
06142001,US,25,255010,25501010
06144001W,NL,50,501010,50101020
06148301,US,35,351020,35102015
06148701,US,40,401010,40101015
06149401,US,35,351020,35102010
06156201,US,45,452030,45203010
06156701,US,30,303020,30302010
06157401,US,35,352030,35203010
06158101,US,30,302010,30201010
06159101,US,45,452020,45202030
06161601W,IT,10,101020,10102010
06171101,US,35,352010,35201010
06173201,US,20,201070,20107010
06173901,US,40,403010,40301040
06181401W,NL,45,453010,45301010
06187001C,CA,45,451030,45103010
06190290,IL,45,451030,45103010
06226601,US,20,202020,20202030
06233701,CA,15,151040,15104030
06237401,US,60,601080,60108010
06237801,US,20,203010,20301010
06240301W,NZ,20,201020,20102010
06251601,US,15,151040,15104010
06268905,US,40,403010,40301040
06282301,US,20,202020,20202020
06292101,US,35,352010,35201010
06296502,US,20,202020,20202030
06300002,US,20,201070,20107010
06308001,US,45,451030,45103010
06312001W,FR,40,403010,40301030
06316901W,FR,45,451030,45103010
06317201,US,40,402030,40203040
06318501,IL,45,451030,45103020
06318601W,DE,35,352030,35203010
06329001,US,45,451030,45103010
06333801,US,25,253020,25302010
06342201,US,60,601080,60108010
06347701W,GB,20,201010,20101010
06354608W,CH,40,403010,40301050
06359001W,IE,40,401010,40101010
06364301,US,25,255040,25504010
06375901W,FR,40,403010,40301050
06378101,US,40,401010,40101015
06384701,US,25,255040,25504050
06387601,US,20,201010,20101010
06389201,US,10,101010,10101020
06392701,US,30,301010,30101020
06398601,US,45,452030,45203030
06398793,NL,50,501020,50102010
06403001,US,15,151040,15104050
06406301,US,10,101020,10102040
06407201C,CA,30,302020,30202030
06416601,US,35,351020,35102015
06417501,US,25,255040,25504050
06427501,US,30,302020,30202030
06430201,US,20,202020,20202010
06430601,US,60,601040,60104010
06433401,US,35,352010,35201010
06434401,US,25,253010,25301030
06435501,NO,20,203030,20303010
06435601,US,45,452010,45201020
06438901,US,15,151030,15103010
06441001,US,25,255040,25504050
06453601,US,40,402010,40201060
06454701,US,40,401010,40101015
06462401C,CA,10,101010,10101020
06462502C,CA,55,551050,55105020
06463001,US,50,502020,50202020
06465502C,CA,30,301010,30101030
06469001,US,25,251010,25101010
06476601,US,45,453010,45301020
06476801,US,25,255030,25503030
06479401,US,40,401010,40101015
06480302C,CA,60,601060,60106010
06482101,US,60,601050,60105010
06483590,IE,20,203020,20302010
06485301,US,45,453010,45301020
06485701,US,35,352010,35201010
06489101,US,25,252030,25203010
06489402W,SE,15,151040,15104020
06490101,US,20,202020,20202030
06491001W,PT,55,551010,55101010
06492501,US,60,601040,60104010
06497901,US,40,401010,40101015
06499701,US,20,201030,20103010
06500901,US,10,101010,10101020
06508401,US,20,202010,20201080
06510601,US,40,401010,40101015
06510801,US,60,602010,60201040
06522801,US,40,401010,40101015
06524801W,FR,15,151040,15104050
06527502,US,25,253020,25302010
06529001,US,60,601040,60104010
06534301,US,30,301010,30101040
06538001W,IL,20,201010,20101010
06541701,US,25,253010,25301040
06543901W,PT,15,151050,15105020
06555601,US,40,402040,40204010
06560501C,CA,20,202010,20201070
06560701,US,45,452030,45203010
06560901,US,20,203010,20301010
06561301C,CA,30,302020,30202030
06561501,US,25,253010,25301020
06570201,US,20,202010,20201050
06571001,US,60,601080,60108010
06571801,US,25,255040,25504050
06574401C,CA,15,151040,15104030
06577201,US,35,352030,35203010
06583101,US,25,255040,25504050
06588601,US,40,402030,40203010
06598601,CA,45,451030,45103020
06601601,US,30,302020,30202010
06603201,US,45,453010,45301020
06606501,US,20,201070,20107010
06632601C,CA,45,451030,45103010
06635401,US,60,601010,60101010
06636801,US,45,451020,45102030
06637101,US,20,201030,20103010
06637901,US,25,253020,25302010
06639301,US,20,201010,20101010
06644601,US,20,201030,20103010
06658601,US,45,452030,45203030
06673101,US,40,402030,40203010
06687101,US,20,201060,20106020
10000101W,FR,25,253010,25301020
10001201W,JP,20,201060,20106020
10001301W,FR,20,202010,20201060
10002202W,DE,25,251020,25102010
10004101W,GB,25,255040,25504040
10004501W,GB,20,201050,20105010
10004801W,JP,20,201060,20106020
10005401W,DE,20,201030,20103010
10005701W,GB,20,201060,20106020
10006001W,GB,20,201070,20107010
10006401W,JP,20,201060,20106020
10007601W,SG,20,201050,20105010
10008001W,DE,35,352020,35202010
10008301W,DE,30,303020,30302010
10009102W,GB,20,202010,20201050
10009501W,GB,20,201070,20107010
10010201W,DE,20,202010,20201070
10010301W,DE,20,203020,20302010
10013101W,GB,30,301010,30101030
10013502W,GB,30,302020,30202030
10014001W,JP,30,302020,30202030
10014501W,JP,15,151040,15104020
10014901W,GB,25,255030,25503030
10015301W,JP,20,203030,20303010
10015501W,JP,15,151040,15104050
10015801W,JP,10,101020,10102030
10015901W,JP,45,452030,45203010
10016501W,AU,10,101020,10102020
10017101W,GB,25,252010,25201030
10017401W,GB,45,452030,45203010
10020801W,JP,30,302020,30202030
10022301W,GB,15,151010,15101050
10022601W,JP,45,452030,45203015
10023401W,JP,20,201060,20106020
10023501W,JP,45,452030,45203015
10023601W,JP,20,201060,20106020
10024303,AU,15,151030,15103020
10024501W,JP,45,453010,45301010
10024701W,JP,20,203020,20302010
10025101W,AU,55,551030,55103010
10025301W,JP,30,302020,30202030
10025801W,JP,15,151010,15101010
10025901W,JP,20,201020,20102010
10027201W,JP,20,202010,20201060
10027601W,JP,15,151040,15104050
10028801W,JP,20,201060,20106020
10029001W,JP,35,352020,35202010
10029601W,SG,20,201050,20105010
10030201W,JP,55,551010,55101010
10030601W,JP,15,151010,15101010
10030901W,JP,30,302020,30202030
10031201W,DE,20,201010,20101010
10033601W,JP,35,352020,35202010
10033801W,GB,20,202020,20202020
10034601W,FR,30,301010,30101040
10036201W,JP,20,201060,20106020
10036801W,DE,20,201060,20106020
10036901W,JP,25,251010,25101020
10037301W,DE,15,151020,15102010
10038201W,JP,15,151010,15101020
10038801W,JP,45,453010,45301010
10039001W,GB,20,201030,20103010
10039701W,JP,25,252010,25201030
10040101W,GB,45,452010,45201020
10040801W,JP,20,201060,20106020
10041801W,JP,35,352020,35202010
10042403W,HK,20,201050,20105010
10043102W,DE,20,203030,20303010
10043301W,JP,35,351010,35101020
10043501W,JP,20,201070,20107010
10043801W,JP,45,452030,45203010
10043901W,JP,55,551010,55101010
10044101W,JP,35,352020,35202010
10044201W,AU,15,151010,15101010
10045001W,JP,55,551010,55101010
10046101W,AU,20,202010,20201070
10047790W,AU,15,151020,15102010
10048601W,JP,25,252010,25201010
10048801W,JP,55,551010,55101010
10049001W,JP,45,452020,45202030
10049101W,JP,25,251010,25101010
10049802W,GB,45,452030,45203010
10049901W,GB,20,201010,20101010
10050801W,GB,45,452030,45203010
10051601W,JP,35,352020,35202010
10051701W,FR,20,201010,20101010
10051901W,JP,45,452020,45202030
10052201W,JP,60,602010,60201010
10052601W,JP,25,255030,25503030
10054501W,JP,20,201070,20107010
10054701W,JP,40,402020,40202010
10054801W,JP,25,251020,25102010
10055501W,JP,20,201070,20107010
10056201W,HK,20,201050,20105010
10056301W,JP,15,151010,15101020
10056501W,JP,15,151040,15104020
10056901W,JP,20,203050,20305030
10057201W,GB,25,253020,25302010
10057401W,JP,20,203030,20303010
10058103W,FR,30,303020,30302010
10059001W,DE,55,551030,55103010
10060901W,DE,25,251010,25101010
10061901W,GB,20,201060,20106020
10063901W,JP,30,302010,30201010
10064001W,JP,20,201050,20105010
10064101W,JP,25,251010,25101010
10064401,US,20,201070,20107010
10065001W,GB,20,201060,20106020
10065801W,JP,45,453010,45301010
10066001W,JP,20,203040,20304010
10066501W,HK,55,551010,55101010
10066701W,JP,25,251020,25102020
10066801W,JP,35,352020,35202010
10067001W,JP,20,203010,20301010
10067101W,JP,45,452030,45203010
10067601W,GB,25,253010,25301020
10068301W,JP,15,151010,15101050
10068601W,JP,35,351010,35101010
10068801W,JP,55,551010,55101010
10068901W,JP,15,151010,15101020
10069001W,JP,55,551010,55101010
10069101W,JP,20,203010,20301010
10069401W,JP,20,201060,20106020
10069601W,JP,15,151010,15101020
10069701W,JP,15,151010,15101050
10069901W,JP,25,252010,25201010
10070201W,JP,20,201040,20104010
10070701W,JP,35,352020,35202010
10071201W,AU,10,101020,10102020
10071301W,SG,20,203020,20302010
10071601W,JP,20,201060,20106020
10071801W,JP,35,352020,35202010
10072401W,JP,15,151010,15101010
10072801W,GB,25,252010,25201030
10072901W,JP,20,202010,20201010
10073601W,DE,15,151010,15101030
10073702W,DE,25,251020,25102010
10074301W,BE,15,151040,15104050
10074403W,SE,15,151050,15105020
10075101W,BE,35,352020,35202010
10076001W,GB,25,255040,25504030
10076401W,DE,30,302020,30202030
10077302W,BE,15,151010,15101050
10077401W,GB,15,151010,15101050
10077801W,NL,10,101010,10101020
10078302W,NL,10,101020,10102040
10080103W,IE,30,302020,30202030
10081602W,GB,25,252010,25201030
10082701W,JP,20,201060,20106020
10083901W,JP,45,452030,45203030
10084001W,JP,25,252030,25203020
10084601W,JP,55,551020,55102010
10084801W,JP,55,551020,55102010
10086204W,CH,20,202020,20202010
10089402W,AU,30,301010,30101030
10090601W,JP,20,201060,20106020
10090901W,GB,20,201070,20107010
10091101W,GB,50,502010,50201010
10091303W,NO,30,302020,30202030
10091801W,AU,60,602010,60201010
10091901W,JP,20,201030,20103010
10092201W,SG,60,602010,60201010
10092601W,JP,25,252010,25201030
10094901W,JP,20,201030,20103010
10095101W,GB,20,201070,20107010
10095301W,DE,55,551050,55105010
10095701W,ES,55,551010,55101010
10098002W,SE,20,201030,20103010
10098201W,JP,20,201030,20103010
10098801W,JP,15,151040,15104050
10099201W,JP,15,151010,15101050
10100801W,GB,25,253010,25301040
10100901W,GB,25,252010,25201030
10101704W,FI,15,151030,15103020
10102005W,FI,15,151050,15105020
10102301W,FI,20,201060,20106020
10103401W,JP,20,201060,20106020
10103501W,JP,25,251010,25101010
10104201W,JP,20,203030,20303010
10104301W,JP,15,151010,15101050
10104401W,JP,15,151010,15101040
10104802W,SE,20,201060,20106020
10106801W,JP,15,151010,15101050
10106901W,JP,15,151010,15101010
10107001W,JP,20,203040,20304010
10107402W,JP,25,253010,25301040
10108301W,IT,10,101010,10101020
10108801W,HK,20,201050,20105010
10109701W,FR,20,201030,20103010
10109801W,JP,20,201060,20106010
10111001W,JP,30,303010,30301010
10112501W,JP,25,251010,25101010
10112701W,JP,15,151010,15101010
10113005W,DK,30,302010,30201010
10113101W,JP,25,252020,25202010
10113801W,JP,20,201020,20102010
10115401W,JP,15,151010,15101010
10115501W,JP,25,251020,25102010
10115601W,DK,20,201040,20104010
10115901W,JP,25,251010,25101020
10117802W,DK,20,201060,20106010
10118501W,JP,30,302010,30201020
10120201W,FR,15,151010,15101040
10120401W,FR,35,352020,35202010
10121401W,JP,20,203050,20305030
10123201W,GB,25,252010,25201030
10124101W,GB,20,201060,20106020
10124701W,JP,15,151010,15101010
10124803W,FR,35,351010,35101020
10125601W,NZ,35,351010,35101010
10126401W,FR,50,502020,50202020
10127610W,NL,25,251020,25102010
10127703W,FR,25,251010,25101020
10129202W,FR,50,502010,50201010
10129902W,CH,20,201060,20106020
10130401W,CH,15,151020,15102010
10130501W,FR,20,201010,20101010
10131001W,CH,35,352020,35202010
10131701W,GB,35,351010,35101010
10132001W,FR,20,202010,20201070
10132701W,FR,25,252010,25201040
10133501W,CH,20,201060,20106020
10133602W,FR,20,201040,20104010
10134001W,CH,20,202020,20202020
10134303W,CH,20,201060,20106020
10134703W,CH,25,252030,25203010
10135001W,CH,15,151010,15101050
10135901W,JP,20,203040,20304010
10136001W,JP,25,255040,25504040
10136102W,NL,20,202020,20202020
10137701W,JP,20,203040,20304030
10139201W,AU,10,101020,10102020
10139401W,BE,15,151010,15101020
10139601W,FR,30,302010,30201020
10140701W,JP,15,151010,15101050
10144901W,GB,25,255010,25501010
10145201W,JP,45,452030,45203010
10146501W,BE,30,301010,30101030
10146701W,FR,10,101010,10101020
10147501W,FR,20,203020,20302010
10148302W,BE,35,352020,35202010
10148901W,JP,15,151050,15105020
10152901W,ES,15,151040,15104050
10153801W,DK,35,351010,35101020
10153902W,DK,25,252010,25201010
10155301W,ES,20,201030,20103010
10155702W,FI,20,201060,20106020
10156302W,SE,40,402010,40201030
10160101W,AU,25,255030,25503030
10160501W,AU,20,201070,20107010
10165101W,JP,45,452030,45203015
10165201W,JP,15,151010,15101010
10171404W,FI,15,151030,15103020
10171803W,FI,15,151050,15105020
10171901W,CH,20,201060,20106020
10174801W,JP,20,201070,20107010
10175001W,JP,15,151010,15101020
10175401W,JP,45,452030,45203015
10175901W,JP,20,201060,20106010
10176901W,JP,55,551010,55101010
10177901W,JP,50,502010,50201020
10178001W,JP,20,201030,20103010
10178101W,JP,20,201060,20106020
10178301W,BE,25,255010,25501010
10178801W,JP,30,302020,30202030
10181101W,FR,20,201020,20102010
10182401W,JP,20,201020,20102010
10182801W,FI,45,451020,45102010
10183901W,FI,15,151040,15104050
10184601W,JP,20,201070,20107010
10185101W,JP,20,201040,20104010
10185301W,CH,20,201060,20106020
10186602W,JP,30,302020,30202030
10187001W,CH,35,352030,35203010
10189101W,JP,45,452030,45203010
10189201W,JP,15,151010,15101050
10189401W,JP,15,151010,15101020
10189503W,CH,30,302020,30202030
10189701W,JP,15,151040,15104050
10190201W,JP,30,302020,30202030
10190301W,JP,20,201070,20107010
10193201W,JP,30,302020,30202030
10193901W,JP,20,201030,20103010
10194001W,JP,20,201070,20107010
10194101W,JP,20,203040,20304010
10194202W,DE,30,303010,30301010
10194402W,FR,45,451020,45102010
10194501W,JP,20,201030,20103010
10194701W,JP,30,301010,30101030
10195001W,JP,25,251010,25101010
10195101W,JP,15,151040,15104020
10195901W,JP,30,302020,30202030
10196001W,JP,10,101020,10102040
10197101W,FI,30,301010,30101030
10197301,DK,10,101020,10102040
10197501W,JP,35,352020,35202010
10198101W,SG,20,201060,20106010
10198401W,JP,15,151010,15101010
10198501W,JP,50,502010,50201020
10198601W,JP,15,151010,15101050
10199403W,ES,30,302020,30202030
10200904W,SE,20,201030,20103010
10202101W,JP,55,551020,55102010
10202501W,JP,35,352020,35202010
10203801W,JP,25,251010,25101010
10205501W,JP,15,151040,15104050
10206402W,CH,20,201020,20102010
10207501W,JP,20,203040,20304010
10208901W,FR,25,253010,25301040
10213301W,JP,20,201030,20103010
10214101W,JP,45,452030,45203010
10214601W,JP,35,351010,35101010
10215501W,JP,25,252010,25201030
10215601W,JP,35,352020,35202010
10217201W,CH,20,201060,20106020
10217501W,DE,25,252030,25203020
10218701W,DE,25,251020,25102010
10220301W,JP,25,251010,25101020
10224001W,JP,25,251010,25101010
10224501W,JP,20,201060,20106020
10225002W,DE,25,252030,25203010
10225201W,NO,20,201060,20106020
10225501W,JP,25,255030,25503030
10225601W,JP,20,201060,20106020
10225701W,JP,10,101020,10102030
10225801W,JP,20,203050,20305030
10225901W,DE,15,151040,15104050
10226002W,GB,50,502010,50201020
10226701W,IT,20,201030,20103010
10226801W,JP,30,302020,30202030
10227601W,SE,25,255040,25504010
10227801W,JP,30,302020,30202030
10228301W,CH,15,151010,15101050
10229602W,FR,20,201030,20103010
10229902W,FR,25,251010,25101010
10230705W,CH,30,302020,30202030
10231301W,JP,15,151040,15104020
10231703W,IT,15,151020,15102010
10236001W,JP,30,302020,30202030
10237301W,JP,25,251020,25102010
10241401W,JP,20,201030,20103010
10242901W,IT,35,352020,35202010
10244101W,JP,25,255030,25503030
10245001W,JP,50,502020,50202020
10245411W,NL,15,151010,15101050
10247201W,JP,30,302020,30202030
10250301W,JP,15,151030,15103010
10252303W,FR,25,251010,25101010
10253201W,JP,20,203040,20304010
10255001W,HK,25,251010,25101010
10255101W,JP,25,251010,25101020
10256601W,GB,20,201010,20101010
10256901W,GB,45,452030,45203010
10257401W,IE,20,201020,20102010
10257601W,GB,20,202020,20202010
10258801W,JP,50,502020,50202010
10259602W,IE,30,302020,30202030
10260303W,GB,55,551040,55104010
10260501W,JP,60,602010,60201010
10260901W,JP,30,302020,30202030
10261001W,CH,20,201060,20106010
10261501W,CH,20,201070,20107010
10261901W,JP,20,201030,20103010
10262001W,JP,45,452030,45203015
10262501W,JP,45,451020,45102010
10264001W,JP,20,201040,20104010
10264803W,GB,55,551040,55104010
10265401W,JP,15,151030,15103020
10269601W,CH,45,452020,45202030
10270001W,JP,30,302020,30202030
10270403W,GB,55,551040,55104010
10271201W,ES,55,551010,55101010
10271501W,JP,30,302020,30202030
10271701W,JP,20,201040,20104010
10273401W,JP,20,203040,20304010
10274401W,JP,50,502020,50202010
10275301W,JP,20,203010,20301010
10276501W,FR,15,151020,15102010
10277301W,JP,20,201020,20102010
10277801W,JP,20,201020,20102010
10278401W,JP,20,201060,20106020
10278701W,JP,20,203040,20304010
10279101W,JP,20,201070,20107010
10279701W,AT,55,551010,55101010
10279802W,AT,10,101020,10102010
10283701W,JP,25,252010,25201040
10283901W,JP,35,352020,35202010
10284101W,JP,45,453010,45301010
10284901W,JP,20,201060,20106020
10285201W,JP,35,351010,35101010
10286201W,JP,20,201060,20106010
10289002W,CH,55,551010,55101010
10289201W,FR,50,502020,50202010
10289301W,JP,25,251010,25101010
10289501W,JP,20,201020,20102010
10290201W,CH,25,252030,25203010
10290301W,AU,10,101020,10102030
10290401W,IT,20,201060,20106020
10291501W,SE,15,151040,15104050
10294702W,NL,20,201030,20103010
10295001W,JP,30,302010,30201010
10296801W,AT,15,151020,15102010
10300301W,JP,15,151010,15101020
10303603W,SE,40,402010,40201030
10304301W,JP,30,302020,30202030
10305101W,SE,20,202020,20202020
10305301W,JP,45,453010,45301020
10306502W,SE,45,452030,45203010
10308801W,JP,25,251010,25101010
10313302W,AT,55,551010,55101010
10317201W,FR,40,402010,40201030
10317601W,DE,15,151040,15104050
10320002W,DE,15,151010,15101010
10321902W,SE,20,201070,20107010
10322801W,JP,45,452030,45203010
10326003W,FR,20,201070,20107010
10326904W,DE,20,201060,20106020
10329204W,DK,20,203030,20303010
10332502W,ES,20,203010,20301010
10334201W,GB,55,551010,55101010
10334501W,JP,15,151010,15101010
10338402W,CH,45,452030,45203030
10340901W,HK,20,201060,20106020
10341301W,NL,20,201060,20106020
10344001W,HK,60,602010,60201030
10348702W,DE,45,451030,45103010
10353301W,DE,20,203040,20304040
10359901W,ES,15,151030,15103010
10389502W,FR,30,302010,30201020
10393601W,HK,45,453010,45301010
10443201,US,25,253010,25301020
10456601W,AU,40,402010,40201030
10464301W,GB,45,451030,45103010
10476101W,NL,20,202020,20202010
10479501W,GB,20,202010,20201050
10483101W,NZ,50,501010,50101020
10483302W,NL,30,302010,30201010
10485401W,JP,30,303010,30301010
10485801W,JP,25,252020,25202010
10489101W,JP,20,203050,20305010
10489301W,JP,20,203040,20304010
10489801W,GB,20,201070,20107010
10494001W,JP,20,201050,20105010
10496102W,SE,20,201020,20102010
10498101W,SE,20,202010,20201080
10499401W,HK,25,252030,25203020
10499701W,ES,60,601040,60104010
10523901C,CA,10,101020,10102020
10536501,US,60,601080,60108030
10563201C,CA,55,551050,55105020
10572801C,CA,60,601070,60107010
10586101C,CA,15,151040,15104030
10593601,US,25,252030,25203010
10611201,CA,15,151040,15104030
10615601C,CA,10,101020,10102020
10646401C,CA,15,151040,15104025
10703701W,IT,20,201060,20106020
10709801,CA,15,151040,15104045
10711401W,HK,25,253010,25301010
10771001,CA,15,151040,15104030
10778101,CA,15,151040,15104020
10807101C,CA,60,601070,60107010
10829701C,CA,15,151040,15104025
10842501C,CA,15,151040,15104030
10876801,CA,15,151040,15104045
10880401C,GB,15,151040,15104030
10982601,US,45,451030,45103010
11003901,US,45,453010,45301010
11017901,US,60,601050,60105010
11056601,US,15,151010,15101050
11062001,US,35,352030,35203010
11073201,CA,20,202010,20201050
11148601C,CA,25,252030,25203010
11153401,US,45,451030,45103010
11186401,US,45,451020,45102010
11187302,US,25,255040,25504060
11188001,US,45,451020,45102010
11211101,US,60,602010,60201040
11215801C,CA,45,452030,45203020
11216801,US,20,202010,20201050
11287601,US,10,101020,10102040
11349001,US,60,601080,60108030
11452401,US,25,255030,25503030
11462801,US,40,402030,40203020
11492701W,CH,50,501010,50101020
11504401,CA,55,551030,55103010
11587601,US,40,401010,40101015
11602901,US,10,101020,10102040
11696101W,FI,20,201060,20106020
11714101,US,40,401010,40101015
11776801,US,45,453010,45301020
11804201,US,40,401010,40101015
11812204,US,25,251010,25101010
11826701,US,20,202020,20202010
11927501,US,45,453010,45301010
11931401,US,25,253010,25301020
11931601,US,20,201020,20102010
11957401,US,45,452010,45201020
12009301,US,10,101020,10102020
12031801,US,40,401010,40101015
12044401,US,20,201070,20107010
12107701,US,45,452010,45201020
12114201,US,25,252030,25203020
12138201,US,60,601080,60108030
12144001,US,35,352010,35201010
12171801,US,45,452010,45201020
12217201,US,50,502030,50203010
12219401C,CA,55,551020,55102010
12225701,US,35,352010,35201010
12238001,US,20,201020,20102010
12253701W,JP,50,501010,50101020
12290201,US,45,452010,45201020
12291501,US,10,101020,10102050
12345501,CA,15,151040,15104030
12404201C,CA,40,403010,40301020
12443401,US,40,402030,40203010
12524001,US,50,502020,50202010
12559501,US,45,451020,45102030
12560401,US,20,201040,20104010
12605601,US,20,201010,20101010
12613603,US,50,502010,50201030
12629602,US,25,253010,25301020
12642301,US,45,453010,45301010
12647401C,CA,20,202010,20201070
12655401,US,35,352030,35203010
12672101,US,45,452030,45203010
12737701,US,40,402030,40203020
12876501C,CA,15,151040,15104030
12897801,US,15,151030,15103020
12947201C,CA,40,403010,40301020
13061801C,CA,10,101020,10102040
13274001W,DE,45,453010,45301020
13328801,US,45,453010,45301020
13328901C,CA,40,403010,40301020
13336601,US,35,351010,35101010
13336701,US,30,303020,30302010
13356401,IL,45,453010,45301010
13376801,US,40,403010,40301020
13388501,US,35,352010,35201010
13390501W,IL,45,453010,45301010
13430501,CA,15,151040,15104045
13493201,US,45,453010,45301020
13548404,US,50,501010,50101020
13599003,US,55,551010,55101010
13618601,US,35,352010,35201010
13626501,US,40,401010,40101015
13664802,US,25,251010,25101010
13668401,CA,55,551050,55105020
13672501,US,35,351010,35101010
13713101,US,35,352030,35203010
13731001,US,45,453010,45301020
13757301,US,45,453010,45301010
13760201,US,45,453010,45301010
13820501,US,35,352030,35203010
13848301,US,35,352030,35203010
13874301,US,60,601080,60108050
13902501,US,40,401010,40101015
13966501,US,40,402030,40203040
13980401,US,45,452030,45203020
14007301,US,35,351010,35101010
14054101,US,25,252030,25203010
14072201W,GB,60,602010,60201020
14098801,US,20,202020,20202010
14107601W,CH,45,452030,45203010
14127701,US,35,352010,35201010
14138401,US,35,351010,35101020
14145901,US,25,252010,25201010
14149601,US,35,352010,35201010
14166301C,CA,60,601060,60106010
14184601,US,35,352010,35201010
14191301,US,40,402010,40201060
14233702,US,10,101020,10102020
14246003,US,10,101020,10102050
14281401,US,45,453010,45301020
14295301,US,30,302020,30202030
14295601,US,35,351010,35101010
14335601,US,40,403010,40301020
14335701,US,45,451020,45102010
14391201,US,20,201010,20101010
14397401,US,40,402020,40202010
14400901,US,40,403010,40301010
14443501,US,30,302020,30202010
14449609W,CH,40,402030,40203030
14455901,US,35,351010,35101010
14464001,US,25,255040,25504050
14499801,US,20,203040,20304030
14504601,US,35,351020,35102030
14504901,US,25,255040,25504020
14555201,US,35,351020,35102030
14570101,US,40,403010,40301020
14581201,CA,10,101020,10102020
14597701,US,25,255040,25504050
14601701,US,20,201040,20104010
14661601,US,35,352020,35202010
14673801,US,45,451020,45102030
14720401,US,50,501010,50101010
14730501,US,20,203020,20302010
14757901,US,50,502020,50202010
14798801,US,20,201030,20103010
14817001,US,45,451030,45103010
14834901,US,20,201010,20101010
14839001,US,45,453010,45301010
14895001,US,20,201060,20106020
14907001,US,40,402030,40203040
14917701,US,50,502010,50201020
14931801,US,25,253010,25301010
14933701,US,40,402030,40203040
15013901,US,25,255040,25504040
15027801,US,25,252030,25203010
15027901,US,40,401010,40101015
15030601,US,40,401010,40101015
15048101,US,20,203040,20304030
15076401C,CA,20,203040,20304030
15093701,US,45,452020,45202030
15163001,US,35,352010,35201010
15193390,IT,10,101010,10101020
15201101C,CA,20,203020,20302010
15214901,US,35,351020,35102030
15282801C,CA,60,601040,60104010
15313001,US,40,403010,40301040
15413501C,CA,10,101020,10102040
15465301C,CA,55,551050,55105020
15477401C,CA,10,101020,10102020
15494101W,IT,55,551030,55103010
15528001,US,20,203010,20301010
15539402,US,25,255010,25501010
15573801,US,40,402020,40202010
15615301,US,45,451030,45103020
15615501,US,45,452030,45203030
15663301,US,25,253020,25302010
15686101,US,25,252010,25201020
15695301,US,40,401010,40101015
15705701,US,40,403010,40301040
15729301C,CA,35,351020,35102020
15737302,US,55,551050,55105010
15785501,US,45,451030,45103010
15795501,US,40,403010,40301040
15835401,US,40,403010,40301020
15856301,US,35,352010,35201010
15858701,US,40,401010,40101015
15874201,US,40,402030,40203040
16021102,US,25,253010,25301040
16022501,US,40,402010,40201060
16023301,US,40,402030,40203010
16032903,US,50,502030,50203010
16034001,US,35,352010,35201010
16037301,US,40,402030,40203040
16037601,US,25,253010,25301040
16047901,US,60,601080,60108020
16054101,US,40,402030,40203010
16054901,US,50,501010,50101010
16059801,US,20,201070,20107010
16068402,US,15,151010,15101010
16070602,US,60,601030,60103010
16088801,US,45,453010,45301020
16089301,US,20,201040,20104010
16091301,US,55,551050,55105020
16099001,US,60,601080,60108020
16099101,US,60,601080,60108050
16184401,US,25,253010,25301010
16196601,US,40,402030,40203010
16199701,US,20,202020,20202020
16212901,US,15,151010,15101030
16216001,US,60,601050,60105010
16225401,US,15,151010,15101050
16233501,US,35,352020,35202010
16235401,US,45,451030,45103020
16238501,US,40,402010,40201060
16240101,US,15,151010,15101020
16244901,US,20,202020,20202030
16249101C,CA,40,403010,40301040
16255901,US,40,402030,40203020
16256001,US,40,401010,40101015
16287001C,CA,25,252020,25202010
16288701,US,35,351010,35101010
16303601,US,20,201020,20102010
16311803,US,50,502020,50202010
16361001,US,40,402030,40203040
16388901,US,35,351010,35101010
16392001,US,40,401010,40101015
16393501,US,10,101020,10102040
16394601,US,15,151010,15101030
16396801C,CA,60,602010,60201040
16419003C,CA,20,203020,20302010
16429601,US,50,502020,50202010
16447102C,CA,25,253010,25301040
16449401,US,20,201010,20101010
16455701,US,20,201060,20106020
16463301,US,40,401010,40101015
16470801,US,40,402030,40203010
16475501,US,25,252030,25203020
16505201,US,25,252030,25203010
16512301,US,20,202020,20202020
16526201,US,10,101020,10102040
16526401,US,40,403010,40301040
16564901,US,10,101020,10102040
16567801,US,20,203020,20302010
16574601,US,50,502020,50202010
16579801,US,10,101020,10102050
16585601,US,20,201070,20107010
16591401,US,25,253010,25301040
16599301,US,40,402010,40201060
16636801,US,40,402010,40201030
16648201,US,20,201060,20106020
17031101C,CA,20,202010,20201070
17039601,US,40,401010,40101015
17052701,US,30,302020,30202030
17061701,US,50,502030,50203010
17065501,US,20,201070,20107010
17075001,US,10,101020,10102020
17084101,US,10,101020,10102030
17100201,US,35,351010,35101010
17100701,US,45,451030,45103020
17106701,US,45,451030,45103020
17114101,US,25,255040,25504040
17407701,US,45,451030,45103020
17413401,US,35,352010,35201010
17423601,US,35,351020,35102020
17430201C,CA,45,451030,45103010
17431001,US,20,202020,20202020
17439001,US,35,351010,35101010
17447403W,GB,10,101020,10102020
17463701,US,20,202020,20202020
17472901,US,25,253010,25301020
17474401,US,40,402030,40203020
17500801,US,35,352010,35201010
17526301,US,40,402010,40201060
17526901,US,30,302010,30201030
17530701,US,60,601040,60104010
17531901,US,25,252030,25203010
17540401,US,45,453010,45301020
17552301,US,50,501010,50101010
17560601,US,20,203030,20303010
17568601,US,20,201030,20103010
17568901,US,20,201020,20102010
17595501,US,45,452030,45203020
17596601,US,35,352010,35201010
17609201,NL,20,201070,20107010
17626090,HK,25,253010,25301010
17636201,US,20,201010,20101010
17656701,US,45,452020,45202030
17660201,US,40,403010,40301050
17670101,US,40,402030,40203020
17676601,US,40,401010,40101015
17691401,US,10,101020,10102040
17692801,US,20,202020,20202030
17708801,US,40,402030,40203010
17710801,US,50,502020,50202010
17722701,US,35,351010,35101010
17726702,US,45,452030,45203020
17728701,US,35,352020,35202010
17737602,US,40,402020,40202010
17788101,US,35,351010,35101010
17796601,US,20,201060,20106010
17798301,US,20,202020,20202030
17801501,US,25,252030,25203010
17808101,BR,25,255030,25503030
17814801,CA,15,151040,15104030
17831001,US,45,451030,45103020
17850701,US,40,402030,40203040
17851901,US,40,402030,40203020
17852901,US,40,402030,40203010
17867201,US,10,101020,10102030
17870401,US,25,255040,25504040
17880301,US,35,351020,35102020
17887401,CA,15,151040,15104030
17897601,US,25,253020,25302010
17899701C,CA,15,151040,15104030
17906001,CA,15,151040,15104030
17910703W,AU,15,151040,15104050
17920201,US,50,502010,50201030
17921601,US,55,551030,55103010
17943701,US,55,551040,55104010
17953401,US,40,402010,40201060
17957701,US,35,351010,35101010
17958301,US,45,452030,45203020
17962101,US,30,302030,30203010
17965701,US,20,201060,20106020
17969002,US,45,451030,45103020
17974101,US,40,402030,40203010
17997401,US,40,403010,40301040
18008301,US,25,253020,25302010
18046601,US,20,201060,20106020
18047401,US,20,201020,20102010
18048301,US,15,151030,15103010
18064601,US,20,201030,20103010
18065201,US,20,202020,20202020
18071101,US,45,453010,45301020
18110501C,CA,10,101020,10102020
18318701C,CA,55,551050,55105010
18328301,US,35,351020,35102015
18336601,US,25,253010,25301020
18337701,US,45,451030,45103020
18358101,US,20,202010,20201070
18360301,US,40,402030,40203010
18364001,US,50,501010,50101010
18368301C,CA,25,255030,25503030
18373601,US,20,201040,20104010
18379101C,CA,10,101020,10102010
18383301,US,60,601025,60102510
18390301,US,45,452010,45201020
18394201,US,20,201040,20104010
18397401,US,45,451030,45103010
18416701,US,40,401010,40101015
18425401,US,40,402010,40201020
18435201,US,10,101020,10102040
18444202,US,10,101020,10102020
18450001,US,40,402030,40203040
18458201C,CA,10,101020,10102030
18465101C,CA,10,101020,10102020
18468901,US,40,402030,40203010
18470001,US,40,402010,40201060
18472501,NL,45,453010,45301020
18489901,US,40,403010,40301040
18499601,US,25,251020,25102010
18522901,US,20,201010,20101010
18523001C,CA,10,101020,10102020
18530901C,CA,10,101020,10102020
18533901,US,60,601025,60102510
18537001,US,40,402010,40201050
18537501,US,40,402010,40201060
18553201,US,10,101020,10102040
18561801,US,60,601050,60105010
18579701,US,60,602010,60201030
18582401,US,40,401010,40101015
18588101,US,20,202020,20202020
18595201,US,20,201060,20106010
18595601C,CA,10,101020,10102020
18615901,US,35,352020,35202010
18627801,US,20,201070,20107010
18631001,US,20,201010,20101010
18639201,US,25,253010,25301030
18685801,US,25,253010,25301040
18690401,US,45,451030,45103010
18696001,US,30,301010,30101020
18698901,US,10,101020,10102030
18703905,US,60,602010,60201040
18711801,NL,45,451030,45103020
18716301C,CA,25,255040,25504010
18739201C,CA,10,101020,10102040
18745001,US,45,453010,45301010
18746201,US,45,452010,45201020
18769701,US,45,451020,45102010
18769801,US,10,101020,10102020
18774001,US,45,453010,45301020
18781201,US,10,101020,10102020
18825501,US,20,201020,20102010
18945901,US,40,402030,40203010
18949101,US,20,201060,20106020
18951701,US,40,402020,40202010
19045501,US,45,451030,45103010
19096302,US,40,401010,40101015
19125501,US,25,253010,25301020
19225501,US,35,351020,35102020
19615901,US,10,101020,10102030
19626801,US,50,502030,50203010
19805801,US,25,252030,25203010
19935601,US,50,502030,50203010
20003401W,BE,20,201030,20103010
20007901W,JP,15,151010,15101050
20018901W,GB,15,151040,15104025
20026401W,GB,20,201070,20107010
20038401W,BE,50,501010,50101020
20048002,GB,50,502020,50202010
20057501W,AU,40,401010,40101015
20057601W,JP,35,351020,35102010
20059501W,JP,50,502020,50202020
20064601W,IT,40,401010,40101010
20064701W,IT,40,401010,40101010
20069501W,AU,40,401010,40101015
20070503W,NO,40,401010,40101010
20101501W,AU,20,202020,20202020
20109901W,JP,50,502020,50202020
20126001W,FR,25,252030,25203010
20132301W,GB,30,302020,30202030
20149101W,JP,45,453010,45301010
20153801W,JP,15,151010,15101050
20154301W,JP,60,602010,60201010
20156601W,GB,20,203020,20302010
20158401W,JP,50,501020,50102010
20160601W,GB,60,601040,60104010
20162801W,JP,40,402010,40201040
20172701W,JP,20,203040,20304010
20173902W,NZ,35,351020,35102010
20179401W,IT,55,551010,55101010
20189201W,JP,30,302010,30201030
20196901W,JP,25,253010,25301020
20197401W,JP,45,453010,45301010
20208603W,FR,20,203050,20305020
20221201W,HK,30,302020,30202030
20230501W,DE,35,351020,35102015
20232202W,NL,20,201030,20103010
20233201W,JP,20,201060,20106020
20233401W,JP,30,302020,30202030
20233801W,JP,45,451030,45103020
20234801W,JP,25,252010,25201040
20242701W,JP,25,255040,25504020
20247101W,JP,40,402020,40202010
20260501W,JP,25,252030,25203010
20262501W,GB,60,602010,60201020
20271901W,JP,45,452030,45203015
20280701W,DE,20,201060,20106010
20285901W,JP,25,255040,25504020
20297301W,JP,25,255040,25504010
20298901W,JP,45,453010,45301020
20300702W,AU,25,255030,25503030
20303201W,JP,25,253010,25301030
20305301W,FR,25,252030,25203010
20306801W,GB,15,151040,15104050
20308601W,JP,35,352020,35202010
20315901W,JP,45,452030,45203010
20318902W,CH,20,201040,20104010
20341801W,JP,25,255030,25503030
20356501W,GB,40,402030,40203010
20376101W,JP,40,401010,40101015
20400902W,JP,25,252020,25202010
20402901W,AU,60,601040,60104010
20412401W,JP,20,201030,20103010
20413801W,JP,55,551020,55102010
20414501W,JP,20,203040,20304030
20416101W,JP,20,201060,20106010
20422201W,JP,50,501020,50102010
20423201W,JP,60,602010,60201010
20424001W,JP,30,301010,30101010
20424301W,JP,35,351020,35102010
20426301W,JP,30,302020,30202030
20427701W,JP,35,351020,35102010
20435001W,JP,25,255040,25504020
20440301W,IL,40,403010,40301030
20440901W,IL,10,101020,10102020
20441501W,IL,40,401010,40101010
20441701W,IL,40,401010,40101010
20442101W,IL,60,602010,60201020
20443501W,JP,50,502020,50202020
20445901W,IL,30,301010,30101030
20447101W,JP,25,252020,25202010
20447301W,JP,25,252020,25202010
20447501W,JP,40,402020,40202010
20454401W,DK,35,351010,35101010
20482001W,DE,25,255040,25504040
20482501W,DE,40,403010,40301050
20509201W,JP,20,202020,20202010
20514501W,AU,40,403010,40301040
20519402W,AU,15,151040,15104020
20520601W,JP,20,201060,20106020
20521001W,GB,20,202010,20201050
20544101W,JP,25,251010,25101010
20557101W,JP,30,302010,30201030
20569901W,CH,40,403010,40301020
20586501W,DE,50,502010,50201020
20586901W,JP,50,502010,50201020
20592901W,JP,15,151030,15103010
20593401W,DE,50,501020,50102010
20595701W,SE,60,602010,60201020
20619701W,JP,45,451020,45102010
20624801W,GB,25,252020,25202010
20640301W,JP,30,301010,30101020
20648901W,CH,15,151010,15101050
20649301W,NL,30,302010,30201010
20675501W,JP,25,255030,25503030
20695601W,HK,50,501010,50101020
20709701W,AU,35,351020,35102015
20713901W,JP,30,303020,30302010
20730001W,AU,25,253010,25301020
20750101W,JP,25,253010,25301040
20755501W,JP,25,253010,25301020
20756501W,JP,25,252020,25202010
20757001W,JP,25,255040,25504010
20791401W,JP,45,452030,45203015
20801801W,JP,20,201030,20103010
20801901W,JP,60,602010,60201020
20807901W,AU,15,151040,15104050
20809501W,SG,50,501010,50101020
20812401W,JP,20,201060,20106020
20816401W,PT,30,301010,30101030
20822401W,NO,50,502010,50201040
20830901W,JP,20,203010,20301010
20832601W,AU,20,201070,20107010
20833101W,GB,60,601070,60107010
20879901W,JP,35,352020,35202010
20882102W,DE,35,352030,35203010
20883101W,GB,60,602010,60201040
20904804W,BE,15,151020,15102010
20908701W,JP,25,251010,25101010
20910401W,JP,15,151010,15101050
20914801W,JP,45,452030,45203010
20918301W,JP,45,451020,45102010
20921201W,DK,40,401010,40101010
20940101W,SG,45,452030,45203020
20944201W,HK,45,452010,45201020
20982801W,NZ,40,402010,40201030
20993301W,AU,15,151020,15102010
20998506W,GB,40,402030,40203030
21017701W,SG,25,253010,25301010
21021602W,AU,50,501010,50101020
21041801W,CH,20,201040,20104010
21047901W,FR,25,251020,25102010
21057604W,HK,60,602010,60201020
21065201W,GB,60,601050,60105010
21067902W,JP,25,255010,25501010
21069301W,JP,30,303010,30301010
21075901W,BE,45,453010,45301020
21083501W,GB,40,402030,40203010
21089701W,JP,30,301010,30101030
21095301W,JP,20,201060,20106020
21096401W,JP,15,151010,15101050
21101401W,JP,35,352020,35202010
21136701W,AU,15,151040,15104030
21141501W,FR,45,451020,45102010
21144701W,CH,20,203030,20303010
21145302W,FI,35,352020,35202010
21146301W,DK,40,401010,40101015
21150301W,FR,20,202020,20202030
21150901W,FR,35,352030,35203010
21152801W,AU,25,251010,25101010
21177301W,CH,20,201020,20102010
21177701W,BE,60,601050,60105010
21178701W,NO,20,201010,20101010
21179501W,CH,35,351010,35101010
21181901W,GB,55,551030,55103010
21188501W,BE,30,302020,30202030
21220001W,JP,20,201050,20105010
21226601W,IT,25,251010,25101010
21242701W,AU,15,151040,15104050
21248101W,NZ,20,203010,20301010
21257708W,IT,50,502010,50201020
21259601W,FR,50,502020,50202020
21262801W,AU,25,253010,25301010
21263501W,AU,35,351010,35101010
21265001W,AU,20,203050,20305020
21265302W,AU,15,151040,15104030
21265801W,AU,15,151040,15104020
21271201W,JP,35,351010,35101010
21277301W,GB,30,302030,30203010
21278201W,DE,35,351020,35102015
21278601W,ES,25,253010,25301020
21285601W,AU,40,402030,40203030
21290101W,JP,20,203040,20304010
21292801W,HK,55,551010,55101010
21294801W,JP,25,255040,25504010
21295501W,IT,40,402010,40201020
21302901W,DK,20,203010,20301010
21304201W,FI,20,201060,20106020
21305801W,SE,60,602010,60201020
21306701W,CH,20,203050,20305010
21307501W,SE,20,201030,20103010
21309501W,GB,25,255040,25504040
21318601W,JP,25,255030,25503030
21319301W,JP,25,253010,25301030
21340301W,DK,40,401010,40101015
21342301W,GB,55,551030,55103010
21349401W,HK,60,602010,60201010
21350601W,JP,20,202010,20201050
21354801W,JP,45,451030,45103010
21450901W,JP,50,502030,50203010
21465902W,AT,40,401010,40101010
21477901W,GB,25,252010,25201030
21488106W,SE,40,401010,40101010
21488201W,SG,20,201010,20101010
21506002W,SE,30,302020,30202030
21510001W,AU,40,402010,40201020
21517902W,FR,20,203040,20304040
21540601W,SE,30,301010,30101030
21542201W,NO,30,302020,30202030
21601901W,DE,45,453010,45301010
21659901W,CH,20,201060,20106020
21660301W,CH,20,201020,20102010
21661301W,NO,10,101010,10101020
21662202W,SE,60,602010,60201020
21664501W,CH,40,401010,40101015
21666701W,IT,55,551050,55105020
21686101W,ES,45,451020,45102010
21779901W,GB,45,451020,45102010
21799901W,AU,40,402010,40201020
21800001W,DE,45,452030,45203010
21839901W,FR,20,201060,20106010
21967701W,FR,30,303020,30302010
22012701W,JP,45,451020,45102010
22021102W,IL,15,151010,15101030
22021701W,IL,15,151010,15101030
22024301W,AU,25,255040,25504010
22024401W,AU,20,203020,20302010
22030101W,DE,35,352020,35202010
22030301W,DE,15,151040,15104025
22039202W,CH,35,352030,35203010
22042601W,CH,40,403010,40301030
22052501W,FI,15,151010,15101020
22054690,NO,10,101020,10102010
22057901W,SE,50,501010,50101020
22058601W,ES,55,551020,55102010
22059301W,ES,20,201030,20103010
22060101W,GB,50,502010,50201010
22062201W,JP,45,452030,45203030
22062601W,JP,15,151010,15101040
22062901W,JP,20,201060,20106020
22083302W,FR,20,201010,20101010
22094001W,FR,50,501010,50101020
22094203W,FR,55,551030,55103010
22102001W,DK,35,351010,35101010
22108501W,SE,40,402030,40203010
22110201W,PT,30,301010,30101030
22119201W,JP,30,301010,30101010
22124401W,DE,25,252030,25203010
22126104W,GB,30,302010,30201030
22148601W,SE,35,351010,35101010
22148901W,JP,50,502020,50202020
22149901W,DK,20,201020,20102010
22161201W,NO,50,501010,50101020
22161601W,DE,50,501010,50101020
22165101W,NO,40,401010,40101015
22180601W,SE,35,351010,35101010
22181201W,JP,25,255040,25504060
22181301W,JP,35,351010,35101020
22181701W,JP,45,451020,45102010
22182101W,JP,20,201040,20104010
22184201W,JP,20,201070,20107010
22184301W,JP,20,201060,20106020
22184501W,GB,40,402010,40201050
22185802W,GB,30,303010,30301010
22187701W,AU,25,255040,25504050
22188401W,FR,60,601040,60104010
22200402W,NO,40,403010,40301030
22202501W,JP,25,253010,25301040
22207001W,IL,50,501010,50101020
22218601W,ES,20,201030,20103010
22228101W,GB,20,201030,20103010
22228401W,FR,60,601010,60101010
22228601W,SE,50,501020,50102010
22230201W,GB,40,402030,40203010
22230501W,IE,20,201050,20105010
22230701W,FR,20,201030,20103010
22234001W,DE,20,201060,20106020
22236201W,SE,40,402030,40203020
22237601W,JP,20,203040,20304010
22237901W,FR,25,252030,25203010
22239801W,JP,30,301010,30101040
22250401W,SE,60,602010,60201020
22250501W,SE,20,201010,20101010
22260101W,IT,55,551030,55103010
22276101W,NZ,20,203050,20305010
22276501W,IL,40,401010,40101010
22300301W,AU,35,352010,35201010
22309601W,AU,20,202020,20202030
22309701W,AU,30,301010,30101020
22315002W,JP,50,501020,50102010
22348901W,GB,40,402030,40203010
22349201W,SE,20,201020,20102010
22352001W,FR,15,151040,15104020
22352801W,JP,30,302030,30203010
22373201W,JP,45,451030,45103020
22415901W,CH,30,302020,30202030
22457801W,IL,60,602010,60201020
22461601W,IL,20,201030,20103010
22464301W,IL,40,403010,40301030
22465702W,IL,40,403010,40301030
22488802W,IL,40,403010,40301030
22489301W,IL,40,403010,40301030
22507901W,CH,35,352030,35203010
22508101W,IT,40,401010,40101010
22509401W,DK,20,201040,20104020
22509901W,JP,50,502010,50201040
22523601W,DE,50,501010,50101020
22545601W,JP,45,451020,45102010
22559701W,FI,55,551010,55101010
22561701W,JP,25,253010,25301030
22581601W,FR,35,352030,35203010
22598601W,JP,20,201060,20106020
22599001W,JP,20,202010,20201050
22605101W,JP,45,453010,45301010
22605301W,JP,25,253010,25301040
22608201W,JP,25,251010,25101010
22613601W,AU,40,402030,40203040
22615601W,AT,15,151040,15104050
22625601W,FR,45,451020,45102010
22641601W,AT,20,202010,20201070
22665901W,JP,45,451030,45103020
22674401W,AU,35,351020,35102020
22680301W,DK,30,302010,30201010
22684101W,ES,35,352010,35201010
22691601W,AU,60,601070,60107010
22761601W,GB,40,403010,40301040
22791601W,NZ,55,551010,55101010
22821801W,CH,35,351010,35101010
22831602W,SE,40,402010,40201030
22862301W,DE,45,451030,45103010
22891801W,CH,20,201020,20102010
22935601W,FR,50,502010,50201010
22951802W,JP,20,202020,20202010
22952102W,SE,20,201030,20103010
22957601W,JP,30,303020,30302010
22985601W,JP,45,451020,45102030
23112101W,JP,45,451030,45103010
23112701W,JP,25,255040,25504050
23139701W,CH,35,352030,35203010
23180901W,GB,60,601060,60106010
23189702W,GB,60,601080,60108020
23210605W,DK,35,352020,35202010
23263001W,PT,50,501010,50101020
23264602W,DK,55,551050,55105020
23273803W,SE,60,602010,60201020
23325701W,IT,55,551030,55103010
23332001W,IT,40,403010,40301020
23345801W,FR,45,453010,45301010
23372101W,JP,30,303020,30302010
23372501W,JP,25,252020,25202010
23407901W,GB,25,253010,25301040
23408701W,FI,50,501010,50101020
23411701W,ES,55,551010,55101010
23418101W,SE,60,602010,60201020
23422502W,SE,20,201050,20105010
23422601W,SE,35,351030,35103010
23424601W,SE,20,201020,20102010
23491901W,DE,50,502020,50202010
23495801W,JP,45,452030,45203030
23502001W,JP,60,602010,60201040
23554301W,SE,45,452030,45203010
23565603W,FR,40,403010,40301040
23567601W,DE,45,451030,45103010
23579801W,JP,50,502010,50201010
23591602W,NO,40,401010,40101015
23625901W,JP,25,255030,25503030
23726501W,GB,35,352010,35201010
23734301W,GB,55,551030,55103010
23741901W,CH,15,151010,15101050
23797801W,CH,40,402030,40203020
23808201W,JP,30,301010,30101010
23813601W,DE,45,451020,45102010
23819701W,GB,20,202020,20202020
23844201W,DE,35,351010,35101010
23861601W,FR,55,551030,55103010
23863701W,FR,25,251020,25102010
23911601W,AU,40,403010,40301040
23941601W,NO,45,453010,45301020
23949801W,JP,45,451020,45102010
23964001W,SE,45,451030,45103010
23976402W,SE,40,402030,40203020
23996201W,GB,60,601080,60108020
24063701W,HK,40,402030,40203040
24093701W,JP,50,502010,50201020
24094801W,JP,40,402030,40203040
24095601W,JP,50,502010,50201030
24101602W,GB,40,402030,40203020
24133601W,DK,15,151010,15101050
24138001W,AU,20,202010,20201070
24141902W,AU,45,451030,45103010
24145601W,DE,20,203010,20301010
24149001W,IL,20,201030,20103010
24156101W,GB,20,203020,20302010
24161601W,JP,45,451020,45102010
24163790,BE,30,302010,30201010
24172601W,JP,25,255040,25504010
24177401W,CH,60,602010,60201010
24190401W,SG,40,402030,40203040
24208401W,IT,45,451020,45102010
24220001W,JP,45,451020,45102010
24221801W,JP,40,402030,40203020
24222001W,JP,50,502020,50202010
24233301W,AU,35,351030,35103010
24238101W,BE,60,601025,60102510
24253601W,AU,55,551020,55102010
24265001W,AU,25,252010,25201040
24289401W,SG,20,203050,20305010
24301101W,HK,20,203040,20304010
24309001W,GB,25,253010,25301040
24310501W,IL,10,101020,10102020
24317401,IE,25,253010,25301010
24333303W,NO,10,101010,10101020
24351501W,CH,60,602010,60201020
24353501W,CH,60,602010,60201020
24356301W,CH,45,452030,45203010
24377401W,DE,40,402030,40203040
24431701W,AT,45,451020,45102010
24434101W,IT,55,551030,55103010
24441701W,DE,20,201060,20106020
24459101W,IL,60,602010,60201020
24520701W,DK,35,352010,35201010
24527401W,NZ,35,351020,35102020
24528502W,DE,60,602010,60201020
24543601W,ES,40,401010,40101010
24562801W,DE,20,201040,20104020
24566301W,ES,25,255040,25504010
24573601W,SE,25,253010,25301010
24583901W,DE,20,203050,20305010
24591801,US,25,253010,25301010
24601501W,AU,15,151040,15104030
24611601W,SG,30,302020,30202010
24621601W,FR,50,502010,50201010
24621701W,FR,20,201040,20104010
24649804W,NL,40,402030,40203040
24670601W,GB,40,402030,40203040
24675901W,AT,20,201060,20106020
24677801W,IT,35,351020,35102010
24678001W,CH,45,451030,45103010
24693901W,IT,30,302010,30201020
24696201W,JP,25,253010,25301040
24703801W,BE,40,401010,40101010
24731801W,SE,20,201070,20107010
24732301W,SE,45,452030,45203010
24755801W,DK,35,352010,35201010
24773201W,IT,25,252010,25201040
24788501W,AU,10,101020,10102050
24801501W,AU,50,502030,50203010
24813602W,JP,40,401010,40101010
24817801W,DE,60,602010,60201020
24843801W,JP,60,601040,60104010
24912401W,SE,35,352010,35201010
24915801,US,10,101020,10102040
24917801W,SE,15,151030,15103020
24929801W,JP,50,502010,50201010
24945701W,IT,55,551020,55102010
24960401W,JP,45,451020,45102010
25044102W,JP,25,252010,25201030
25044701W,JP,35,351020,35102010
25046001W,JP,25,255040,25504010
25057901W,JP,60,601070,60107010
25081801W,JP,40,403010,40301020
25158301W,FR,35,351020,35102020
25186501W,JP,60,601040,60104010
25192101W,SE,20,201060,20106020
25200501W,JP,60,601040,60104010
25211901W,JP,60,601040,60104010
25229001W,AU,15,151040,15104050
25237801W,GB,25,252030,25203010
25238401W,GB,20,202020,20202020
25246501W,ES,55,551020,55102010
25265801W,JP,60,602010,60201020
25266601W,NO,30,302020,30202030
25293801W,JP,40,401010,40101015
25294003W,JP,40,401010,40101010
25332601W,AU,15,151040,15104030
25335001W,AU,15,151040,15104030
25359601W,AU,15,151040,15104020
25373801W,JP,15,151040,15104050
25403301W,JP,45,451020,45102010
25418601W,AU,15,151040,15104030
25431801W,JP,40,401010,40101010
25438001W,AU,35,351020,35102010
25439401W,JP,20,202010,20201080
25457801W,GB,40,403010,40301040
25462201W,JP,20,201060,20106010
25466501W,AU,20,201030,20103010
25511801W,SG,60,601070,60107010
25582001W,JP,20,201070,20107010
25583901W,SG,20,203040,20304040
25607801W,SG,60,601025,60102510
25640601W,AU,15,151040,15104030
25701801W,JP,45,452020,45202030
25736501W,JP,10,101010,10101020
25766401W,JP,45,453010,45301020
25786001W,AU,15,151010,15101020
25840001W,JP,40,402010,40201040
25844401W,AU,10,101020,10102050
25845901W,JP,20,201030,20103010
25855901W,JP,50,502030,50203010
25867001W,IL,20,203020,20302010
25872601W,IL,45,451020,45102010
25885801W,AU,25,255040,25504020
25886901,US,25,252010,25201030
25926701W,AU,45,452030,45203010
25938001W,JP,10,101020,10102020
25942601W,AU,40,402030,40203010
25951801,GB,40,402030,40203010
25962501W,AU,15,151040,15104030
26056401W,AU,15,151040,15104025
26065101C,CA,15,151040,15104030
26075101,US,40,401010,40101010
26077401,US,60,602010,60201040
26084001W,NL,40,403010,40301020
26089301,US,45,451030,45103010
26405901W,JP,20,201040,20104010
26419301,US,20,203040,20304030
26426501,US,35,352010,35201010
26435101W,NO,15,151010,15101030
26448501C,CA,40,401010,40101015
26621401,US,40,402030,40203010
26631501,US,60,601070,60107010
26723101W,AU,40,403010,40301020
26740701W,GB,15,151040,15104020
26815901W,GB,40,403010,40301040
26821901W,GB,30,302020,30202030
26931301W,JP,40,401010,40101010
26932001W,JP,40,401010,40101015
26974401W,BE,55,551010,55101010
26980901W,DE,40,403010,40301030
26983501W,DE,20,201070,20107010
27004301W,NZ,55,551010,55101010
27004501W,NZ,55,551050,55105020
27018001W,JP,45,453010,45301010
27026301W,JP,60,601030,60103010
27033401W,GB,60,601050,60105010
27043901W,JP,35,351010,35101020
27045101W,IT,55,551010,55101010
27050201W,AU,25,255040,25504040
27057701W,IT,40,402030,40203010
27057801W,FR,35,351010,35101010
27065401W,GB,20,201010,20101010
27080301W,JP,60,601070,60107010
27090401W,NO,20,201050,20105010
27093901W,JP,35,351030,35103010
27097901W,GB,40,403010,40301040
27103101W,JP,55,551050,55105010
27103401W,JP,40,402010,40201040
27111702W,CH,35,351010,35101020
27115801W,JP,30,301010,30101010
27119601W,JP,10,101020,10102020
27121701W,ES,20,201030,20103010
27126801W,JP,40,402010,40201040
27132601W,AU,15,151040,15104030
27135701,GB,35,352010,35201010
27147101W,CH,30,302020,30202030
27160701W,AU,35,352010,35201010
27176301W,DE,15,151010,15101020
27176401W,GB,25,253010,25301010
27181001W,AU,60,601025,60102510
27188501W,JP,50,502020,50202020
27189101W,JP,50,502010,50201010
27213101W,HK,20,201020,20102010
27246701W,JP,50,502020,50202020
27270601W,JP,40,402010,40201060
27274601W,FI,10,101020,10102030
27277501W,AU,50,502030,50203010
27281701W,AT,40,401010,40101010
27283501W,GB,40,402030,40203020
27284701W,AU,20,202010,20201050
27287290,BE,35,352010,35201010
27287301W,JP,60,601025,60102510
27300501W,SE,60,602010,60201020
27301101W,AU,25,253010,25301040
27307101W,FI,20,201060,20106020
27309901W,DE,20,201010,20101010
27316302W,HK,25,252010,25201020
27322201W,CH,60,602010,60201020
27340701W,AU,60,601070,60107010
27361201W,SG,60,601025,60102510
27372603,GB,10,101010,10101010
27396101W,JP,30,301010,30101030
27412201W,JP,25,253010,25301040
27419601W,SE,20,201060,20106020
27422901W,CH,40,402030,40203010
27428201W,DK,40,403010,40301040
27430301W,JP,60,601040,60104010
27436701W,JP,30,301010,30101010
27437301W,DK,20,202010,20201070
27448701W,AU,40,403010,40301010
27450001W,JP,45,453010,45301010
27452201W,GB,35,352020,35202010
27456603W,JP,60,601060,60106010
27457801W,HK,60,601070,60107010
27464701W,JP,15,151040,15104010
27468901W,CH,25,255040,25504040
27472201W,FR,35,352020,35202010
27477401W,GB,40,403010,40301040
27489001W,GB,55,551050,55105020
27495701W,DK,35,352020,35202010
27528901W,NZ,30,302020,30202030
27546101W,GB,20,201010,20101010
27546301W,JP,25,253010,25301040
27551601W,FR,45,452030,45203010
27560001W,IL,60,602010,60201010
27569602W,NO,10,101020,10102020
27580201W,GB,50,502030,50203010
27583902W,JP,20,202020,20202010
27586301W,CH,40,402030,40203010
27589301W,GB,25,253010,25301010
27656001W,SG,60,601040,60104010
27658501W,DE,15,151010,15101050
27664701W,SE,60,602010,60201020
27703901W,FR,20,201040,20104010
27704301W,FR,15,151010,15101050
27732301,IL,20,203030,20303010
27754401W,SG,60,601025,60102510
27757301W,IL,60,602010,60201010
27763701W,SG,60,601030,60103010
27781201W,ES,35,352010,35201010
27784601C,CA,20,201030,20103010
27794102W,SE,20,201060,20106015
27811401W,JP,30,301010,30101030
27812601W,SE,20,201010,20101010
27813901W,JP,60,601030,60103010
27814201W,FR,20,203050,20305010
27818901W,JP,60,601060,60106010
27824501W,AU,15,151040,15104030
27826801W,SG,60,601070,60107010
27829801W,GB,40,402030,40203010
27829901W,CH,20,201060,20106020
27831101W,IL,60,602010,60201020
27857701W,JP,60,601060,60106010
27862601W,JP,25,255040,25504020
27912301W,JP,50,502020,50202020
27914301W,SE,35,352010,35201010
27932101W,JP,60,602010,60201010
27932701W,GB,20,202020,20202020
27937901W,GB,40,402030,40203010
27940601W,BE,60,601050,60105010
27943401W,BE,60,601025,60102510
27944501W,GB,25,255040,25504060
27944801W,PT,10,101020,10102010
27944901W,JP,10,101020,10102030
28146901W,GB,15,151040,15104030
28152501W,IT,40,402030,40203010
28166101W,JP,60,601040,60104010
28171701W,IL,60,602010,60201020
28172601W,JP,20,201070,20107010
28177001W,IL,10,101020,10102030
28177201W,DE,15,151010,15101050
28238201W,AU,20,203050,20305030
28271701W,SG,15,151010,15101050
28285001W,JP,25,251010,25101010
28289801W,GB,25,255040,25504040
28318401,IE,15,151030,15103020
28377001W,CH,40,402030,40203010
28437501W,SG,20,201060,20106010
28445390,GB,35,352020,35202010
28452101W,IT,20,201040,20104010
28452301W,NO,30,302020,30202030
28465001W,GB,60,602010,60201020
28480801W,AU,10,101020,10102050
28484402W,AU,45,451030,45103010
28494401W,DE,35,352030,35203010
28495101W,HK,35,352020,35202010
28499501W,GB,15,151040,15104030
28504201W,AU,40,402030,40203010
28516901W,GB,15,151050,15105020
28531701W,PT,55,551030,55103010
28538101W,NO,10,101020,10102020
28543601W,HK,25,252030,25203020
28550001W,IT,35,351010,35101010
28557201W,AU,40,402030,40203020
28595301W,SG,60,601050,60105010
28687901W,ES,40,401010,40101010
28694501W,AU,15,151040,15104020
28696101W,FR,20,202020,20202020
28714101W,JP,60,601025,60102510
28716101W,ES,20,201060,20106020
28716901W,AU,40,403010,40301020
28741201W,IT,20,201030,20103010
28757901W,BE,60,602010,60201020
28762201W,JP,25,255040,25504010
28769601W,ES,35,352020,35202010
28815303W,GB,40,403010,40301020
28879901W,GB,15,151040,15104040
28895001W,SE,15,151010,15101050
28897002W,PT,55,551050,55105020
28903201W,GB,15,151020,15102010
28930102W,HK,25,253010,25301010
28935301W,AU,15,151040,15104030
28955901W,JP,30,301010,30101010
29015401W,SE,20,202010,20201080
29032801W,AU,15,151040,15104030
29059401W,JP,20,201060,20106020
29219801W,IL,60,602010,60201020
29226601W,DE,40,402030,40203020
29241401W,IL,55,551050,55105020
29273401W,AU,50,502030,50203010
29285401W,CH,40,402030,40203010
29296101W,HK,25,253010,25301010
29307001,GB,40,402010,40201040
29342501W,HK,25,253010,25301010
29352701W,AU,40,402020,40202010
29379601W,AU,20,203050,20305020
29427101W,NO,30,302020,30202030
29430901W,JP,40,403010,40301020
29450801W,ES,25,253010,25301020
29452401,US,15,151010,15101010
29478801W,IL,60,602010,60201020
29479505W,CH,45,452030,45203010
29480701W,FR,40,402010,40201060
29483101W,AU,15,151040,15104030
29507901W,DE,50,502010,50201010
29511301W,GB,30,301010,30101030
29542101W,DE,15,151010,15101050
29552601W,DK,25,252030,25203010
29553601W,CN,20,203030,20303010
29565101W,SG,60,601025,60102510
29573501W,HK,40,403010,40301020
29578601,IT,20,201060,20106015
29591001W,AU,20,203040,20304010
29591701W,DK,35,352010,35201010
29596601W,NO,20,203030,20303010
29596901W,IT,40,402010,40201040
29607601W,JP,30,303020,30302010
29609101W,NO,40,403010,40301030
29610801W,AU,60,601070,60107010
29625401W,AU,45,451020,45102030
29628801W,JP,35,352020,35202010
29657701W,FR,15,151040,15104050
29700901W,JP,30,302020,30202030
29718501W,DE,20,201060,20106010
29735201W,AU,30,302010,30201020
29748801W,IL,55,551050,55105020
29799801W,HK,25,253010,25301010
29820702W,IT,25,252030,25203010
29866001W,SG,30,301010,30101030
30958701W,HK,50,501010,50101020
31130501W,JP,50,502020,50202020
31139101W,HK,60,602010,60201020
31171101W,GB,40,401010,40101010
31200801W,CH,20,201070,20107010
31200901,NO,10,101020,10102040
31230501W,FR,20,203010,20301010
31246301W,IT,25,252030,25203010
31307701W,AU,10,101020,10102050
31414901W,AU,60,601070,60107010
31452501W,JP,40,402010,40201040
31454801W,JP,60,601025,60102510
31478701W,NL,15,151010,15101030
31487401W,DE,60,602010,60201020
31488401W,AU,50,502010,50201020
31496201W,DE,60,602010,60201020
31496401W,JP,60,601025,60102510
31531801,US,15,151010,15101050
31535801W,SE,45,451030,45103010
31545301W,SE,20,202010,20201070
31549401W,JP,35,352010,35201010
31564801W,JP,30,302010,30201030
31568201W,DE,60,602010,60201020
31584801W,GB,40,402030,40203020
31588201W,AU,40,403010,40301010
31605601,US,20,201020,20102010
31620201W,JP,25,252010,25201030
31626401W,GB,20,203010,20301010
31642401W,CH,40,402020,40202010
31660401W,GB,40,403010,40301020
31666901W,JP,60,601070,60107010
31672601,NO,10,101020,10102040
31681601W,GB,60,601025,60102510
31682501W,AU,15,151030,15103010
31685701W,JP,40,401010,40101015
31689501W,IT,25,252030,25203010
31707901W,DE,50,502030,50203010
31711501W,HK,55,551010,55101010
31723201W,FR,10,101020,10102040
31742701,GB,30,302020,30202030
31744001W,IT,40,402030,40203010
31746501W,JP,20,203040,20304010
31747801W,HK,30,302020,30202030
31753301W,CH,20,201060,20106020
31775401W,GB,40,402010,40201050
31778101W,GB,25,255030,25503030
31784101W,NL,20,201070,20107010
31789101W,FR,40,402010,40201060
31791101W,IT,40,401010,40101010
31794301W,IT,20,201060,20106010
31800590,NL,35,352010,35201010
31801201W,GB,25,253010,25301040
31829001W,IL,20,201030,20103010
31842601W,NO,10,101010,10101020
31843401W,DE,25,255040,25504010
31848801W,GB,50,501010,50101010
31851001W,JP,20,202020,20202010
31864501W,JP,45,451020,45102010
31866801W,IT,50,501010,50101020
31871801W,SE,25,252020,25202010
31880501W,SG,60,601080,60108050
31882001W,IL,20,201030,20103010
31882501W,SG,40,402030,40203010
31882801W,JP,50,501010,50101010
31887801W,AU,25,255040,25504040
31921901W,ES,20,203050,20305010
31923001W,FR,20,202010,20201070
31936001W,GB,50,501010,50101020
31941701W,GB,50,502030,50203010
31943201W,SE,25,253010,25301010
31949401W,DE,45,451030,45103010
31965901W,ES,50,501010,50101020
31968701W,AU,15,151040,15104020
31975901W,HK,60,602010,60201030
31986501W,DE,45,453010,45301010
31991201W,IT,50,501010,50101020
32007802W,DE,60,602010,60201020
32012401W,DE,25,251010,25101010
32013501W,JP,45,452030,45203015
32044808W,DE,15,151010,15101050
32046701W,SE,45,451030,45103010
32060901W,JP,40,401010,40101010
32061001W,JP,40,403010,40301020
32061101W,JP,40,403010,40301020
32072301W,FR,40,402030,40203010
32073201W,GB,45,451020,45102010
32076201W,AU,25,253020,25302010
32076490W,NL,40,401010,40101010
32078501W,SE,25,251010,25101010
32081801W,SE,35,352020,35202010
32082801W,JP,45,451030,45103010
32083001W,SE,25,253010,25301020
32124301W,JP,60,601025,60102510
32150101W,AU,45,451030,45103010
32150201W,CH,20,201060,20106020
32158401W,AU,20,201020,20102010
32158901W,FI,45,451030,45103010
32160001W,IT,25,252020,25202010
32169801W,NL,20,201040,20104010
32172001W,SE,50,502020,50202020
32181401W,SG,60,601025,60102510
32198001W,IT,20,203050,20305010
32201401W,JP,60,601025,60102510
32216601W,JP,20,202020,20202020
32257601W,NL,25,253010,25301040
32261701W,NL,30,301010,30101010
32266701W,JP,20,203040,20304010
32272801W,GB,35,351010,35101020
32281101W,IT,55,551020,55102010
32287601W,SE,50,502020,50202020
32369201W,JP,20,202010,20201070
32382701W,JP,25,253010,25301040
32392901W,CH,35,351020,35102010
32393101W,ES,25,251010,25101010
32434701W,SE,20,201020,20102010
32477001W,SE,30,303010,30301010
32478001W,SE,35,352010,35201010
32485901W,DE,25,253010,25301040
32488701W,ES,40,401010,40101010
32503901W,SG,50,501010,50101010
32521501W,JP,30,301010,30101040
32523701W,IL,55,551050,55105010
32548001W,JP,45,451030,45103010
32556701W,IL,10,101020,10102020
32557201W,IT,25,251010,25101020
32557601,US,20,201030,20103010
32563501W,SE,35,352010,35201010
32571101W,AT,40,401010,40101010
32573501W,DE,30,301010,30101030
32582402W,AU,40,402030,40203010
32589101W,JP,20,203010,20301010
32589901W,AU,35,352010,35201010
32596601W,HK,60,602010,60201020
32667101W,IL,25,253010,25301020
32668801,US,20,201040,20104010
32676501W,DE,35,351010,35101010
32677401W,GB,40,402030,40203010
32679601W,GB,10,101020,10102020
32682201W,DE,40,402030,40203010
32688901W,HK,20,201030,20103010
32725201W,GB,40,402030,40203010
32737401W,DK,45,451020,45102010
32740101W,NL,40,402010,40201060
32743601W,JP,25,255030,25503030
32743901W,FI,60,602010,60201020
32746602W,SE,20,201060,20106010
32766501W,AU,10,101020,10102030
32767701,GB,40,402030,40203020
32779101W,AU,15,151040,15104020
32833701W,SE,60,602010,60201020
32874501W,DE,20,201060,20106010
32879501,US,20,201030,20103010
32890402W,BE,60,601080,60108020
32903201W,CH,15,151030,15103020
32949801W,AU,30,301010,30101030
32972701W,GB,40,402030,40203020
33088801,SG,10,101020,10102040
33161401W,IT,40,402010,40201060
33179301W,CH,20,201060,20106010
33217990W,US,45,451030,45103010
33231101W,DE,20,201060,20106010
33236201W,JP,45,451030,45103010
33271701W,GB,25,253010,25301020
33281301W,HK,30,302010,30201010
33364502W,NL,25,255030,25503030
33375401W,GB,40,402010,40201020
33386601W,SE,40,402030,40203010
33388501W,DE,45,451030,45103010
33402801W,FR,15,151030,15103010
33408401W,AU,40,402030,40203010
33478201W,JP,45,451030,45103010
33546301W,FR,25,253010,25301010
33855701W,NL,30,302020,30202030
33864001W,AU,50,501010,50101020
33884301W,AU,50,501010,50101020
33901501W,FI,20,201060,20106010
33996501,US,45,451020,45102030
34011501W,DE,20,201010,20101010
34015301W,DE,20,201040,20104020
34521701W,AU,60,601070,60107010
34560601W,DK,20,201030,20103010
34636101W,PL,20,203010,20301010
34641301W,DE,25,255040,25504050
34654601W,FR,10,101010,10101020
34700701,US,35,352010,35201010
34711501W,NL,60,602010,60201020
34717601W,SE,45,451030,45103020
34722101W,JP,20,202020,20202010
34723501W,GB,50,502030,50203010
34732801W,GB,25,253010,25301040
34735202W,GB,10,101020,10102020
34754401W,SE,50,502030,50203010
34755401W,GB,40,402030,40203040
34874401W,GB,25,255030,25503030
34889701W,AU,30,301010,30101030
34924001W,IL,45,452030,45203010
34940801W,ES,55,551050,55105020
34943001W,GB,50,502030,50203010
34948501W,GB,40,402010,40201060
34971602W,GB,40,402030,40203010
34992990W,NL,40,402030,40203010
35029801W,SG,60,602010,60201020
35035301W,BE,20,201070,20107010
35036601W,NL,50,502020,50202010
35060801W,JP,20,201030,20103010
35062001W,SE,20,201050,20105010
35062101W,SE,45,451030,45103010
35076401W,NO,20,201060,20106020
35095201W,SE,25,251020,25102010
35096190W,US,40,402030,40203010
35107001W,AU,20,201030,20103010
35141701W,HK,50,502020,50202010
35146301W,NO,20,203030,20303010
35149101W,IT,20,201060,20106010
35159001W,DE,20,201060,20106010
35234101W,NO,10,101020,10102020
35240801W,IT,45,453010,45301010
35247501W,JP,40,401010,40101010
35307001W,AU,25,253010,25301010
35344401W,GB,35,352020,35202010
35357601W,IT,20,201060,20106020
35394501W,CH,20,201040,20104020
35408301W,SE,15,151040,15104050
35440901W,JP,45,453010,45301020
35451901W,DE,25,251020,25102010
35504501W,JP,20,202010,20201050
35580401W,DE,45,451020,45102030
35621001W,JP,30,301010,30101040
35637701W,JP,40,401010,40101010
35670601W,IT,25,253010,25301010
35743501W,JP,25,253010,25301030
35867901W,DE,35,352030,35203010
35869001W,DE,20,201060,20106010
35871501W,JP,45,453010,45301010
35879001W,FI,40,403010,40301020
35964501W,BE,15,151010,15101050
36033201W,FR,40,402010,40201060
36083501W,CH,35,352020,35202010
36139901W,GB,40,402030,40203010
36155702W,ES,30,303020,30302010
36162201W,HK,45,451030,45103010
36179301W,HK,50,502010,50201010
36202101W,AU,25,253010,25301040
36210501W,FI,20,201060,20106020
36401001W,JP,20,203040,20304010
