IssueId,first_date,last_date,total_rows,valid_dates,valid_prices,missing_prices,history_calendar_days,history_years_approx,price_coverage_pct
10024392W,2014-12-31,2020-12-31,1515,1515,1515,0,2192,6.0013689253935665,100.0
25951891W,2014-12-31,2020-12-31,1515,1515,1515,0,2192,6.0013689253935665,100.0
16032902W,2015-01-02,2020-12-30,1515,1515,1515,0,2189,5.993155373032169,100.0
00100401,2014-12-31,2020-12-31,1512,1512,1512,0,2192,6.0013689253935665,100.0
00104504,2014-12-31,2020-12-31,1512,1512,1512,0,2192,6.0013689253935665,100.0
00107501,2014-12-31,2020-12-31,1512,1512,1512,0,2192,6.0013689253935665,100.0
00107601,2014-12-31,2020-12-31,1512,1512,1512,0,2192,6.0013689253935665,100.0
00107801,2014-12-31,2020-12-31,1512,1512,1512,0,2192,6.0013689253935665,100.0
00116101,2014-12-31,2020-12-31,1512,1512,1512,0,2192,6.0013689253935665,100.0
00118601,2014-12-31,2020-12-31,1512,1512,1512,0,2192,6.0013689253935665,100.0
00120901,2014-12-31,2020-12-31,1512,1512,1512,0,2192,6.0013689253935665,100.0
00123001,2014-12-31,2020-12-31,1512,1512,1512,0,2192,6.0013689253935665,100.0
00125401,2014-12-31,2020-12-31,1512,1512,1512,0,2192,6.0013689253935665,100.0
00127401,2014-12-31,2020-12-31,1512,1512,1512,0,2192,6.0013689253935665,100.0
00130001,2014-12-31,2020-12-31,1512,1512,1512,0,2192,6.0013689253935665,100.0
00132701,2014-12-31,2020-12-31,1512,1512,1512,0,2192,6.0013689253935665,100.0
00138001,2014-12-31,2020-12-31,1512,1512,1512,0,2192,6.0013689253935665,100.0
00139301,2014-12-31,2020-12-31,1512,1512,1512,0,2192,6.0013689253935665,100.0
00141001,2014-12-31,2020-12-31,1512,1512,1512,0,2192,6.0013689253935665,100.0
00141402,2014-12-31,2020-12-31,1512,1512,1512,0,2192,6.0013689253935665,100.0
00143901,2014-12-31,2020-12-31,1512,1512,1512,0,2192,6.0013689253935665,100.0
00144001,2014-12-31,2020-12-31,1512,1512,1512,0,2192,6.0013689253935665,100.0
00144701,2014-12-31,2020-12-31,1512,1512,1512,0,2192,6.0013689253935665,100.0
00144901,2014-12-31,2020-12-31,1512,1512,1512,0,2192,6.0013689253935665,100.0
00148701,2014-12-31,2020-12-31,1512,1512,1512,0,2192,6.0013689253935665,100.0
00152601,2014-12-31,2020-12-31,1512,1512,1512,0,2192,6.0013689253935665,100.0
00159801,2014-12-31,2020-12-31,1512,1512,1512,0,2192,6.0013689253935665,100.0
00160201,2014-12-31,2020-12-31,1512,1512,1512,0,2192,6.0013689253935665,100.0
00163201,2014-12-31,2020-12-31,1512,1512,1512,0,2192,6.0013689253935665,100.0
00165901,2014-12-31,2020-12-31,1512,1512,1512,0,2192,6.0013689253935665,100.0
00166101,2014-12-31,2020-12-31,1512,1512,1512,0,2192,6.0013689253935665,100.0
00167801,2014-12-31,2020-12-31,1512,1512,1512,0,2192,6.0013689253935665,100.0
00168601,2014-12-31,2020-12-31,1512,1512,1512,0,2192,6.0013689253935665,100.0
00169001,2014-12-31,2020-12-31,1512,1512,1512,0,2192,6.0013689253935665,100.0
00170401,2014-12-31,2020-12-31,1512,1512,1512,0,2192,6.0013689253935665,100.0
00170601,2014-12-31,2020-12-31,1512,1512,1512,0,2192,6.0013689253935665,100.0
00172201,2014-12-31,2020-12-31,1512,1512,1512,0,2192,6.0013689253935665,100.0
00174302,2014-12-31,2020-12-31,1512,1512,1512,0,2192,6.0013689253935665,100.0
00177301,2014-12-31,2020-12-31,1512,1512,1512,0,2192,6.0013689253935665,100.0
00179401,2014-12-31,2020-12-31,1512,1512,1512,0,2192,6.0013689253935665,100.0
00182301,2014-12-31,2020-12-31,1512,1512,1512,0,2192,6.0013689253935665,100.0
00187801,2014-12-31,2020-12-31,1512,1512,1512,0,2192,6.0013689253935665,100.0
00189101,2014-12-31,2020-12-31,1512,1512,1512,0,2192,6.0013689253935665,100.0
00191301,2014-12-31,2020-12-31,1512,1512,1512,0,2192,6.0013689253935665,100.0
00191901,2014-12-31,2020-12-31,1512,1512,1512,0,2192,6.0013689253935665,100.0
00192601,2014-12-31,2020-12-31,1512,1512,1512,0,2192,6.0013689253935665,100.0
00196801,2014-12-31,2020-12-31,1512,1512,1512,0,2192,6.0013689253935665,100.0
00197901,2014-12-31,2020-12-31,1512,1512,1512,0,2192,6.0013689253935665,100.0
00198801,2014-12-31,2020-12-31,1512,1512,1512,0,2192,6.0013689253935665,100.0
00200201,2014-12-31,2020-12-31,1512,1512,1512,0,2192,6.0013689253935665,100.0
00200501,2014-12-31,2020-12-31,1512,1512,1512,0,2192,6.0013689253935665,100.0
00201901,2014-12-31,2020-12-31,1512,1512,1512,0,2192,6.0013689253935665,100.0
00204901,2014-12-31,2020-12-31,1512,1512,1512,0,2192,6.0013689253935665,100.0
00205501,2014-12-31,2020-12-31,1512,1512,1512,0,2192,6.0013689253935665,100.0
00208601,2014-12-31,2020-12-31,1512,1512,1512,0,2192,6.0013689253935665,100.0
00210102,2014-12-31,2020-12-31,1512,1512,1512,0,2192,6.0013689253935665,100.0
00211101,2014-12-31,2020-12-31,1512,1512,1512,0,2192,6.0013689253935665,100.0
00213601,2014-12-31,2020-12-31,1512,1512,1512,0,2192,6.0013689253935665,100.0
00218401,2014-12-31,2020-12-31,1512,1512,1512,0,2192,6.0013689253935665,100.0
00225901,2014-12-31,2020-12-31,1512,1512,1512,0,2192,6.0013689253935665,100.0
00226901,2014-12-31,2020-12-31,1512,1512,1512,0,2192,6.0013689253935665,100.0
00228501,2014-12-31,2020-12-31,1512,1512,1512,0,2192,6.0013689253935665,100.0
00231201,2014-12-31,2020-12-31,1512,1512,1512,0,2192,6.0013689253935665,100.0
00233705,2014-12-31,2020-12-31,1512,1512,1512,0,2192,6.0013689253935665,100.0
00235201,2014-12-31,2020-12-31,1512,1512,1512,0,2192,6.0013689253935665,100.0
00236901,2014-12-31,2020-12-31,1512,1512,1512,0,2192,6.0013689253935665,100.0
00240301,2014-12-31,2020-12-31,1512,1512,1512,0,2192,6.0013689253935665,100.0
00243501,2014-12-31,2020-12-31,1512,1512,1512,0,2192,6.0013689253935665,100.0
00243601,2014-12-31,2020-12-31,1512,1512,1512,0,2192,6.0013689253935665,100.0
00244401,2014-12-31,2020-12-31,1512,1512,1512,0,2192,6.0013689253935665,100.0
00244801,2014-12-31,2020-12-31,1512,1512,1512,0,2192,6.0013689253935665,100.0
00249701,2014-12-31,2020-12-31,1512,1512,1512,0,2192,6.0013689253935665,100.0
00250401,2014-12-31,2020-12-31,1512,1512,1512,0,2192,6.0013689253935665,100.0
00253601,2014-12-31,2020-12-31,1512,1512,1512,0,2192,6.0013689253935665,100.0
00254701,2014-12-31,2020-12-31,1512,1512,1512,0,2192,6.0013689253935665,100.0
00255801,2014-12-31,2020-12-31,1512,1512,1512,0,2192,6.0013689253935665,100.0
00257401,2014-12-31,2020-12-31,1512,1512,1512,0,2192,6.0013689253935665,100.0
00257701,2014-12-31,2020-12-31,1512,1512,1512,0,2192,6.0013689253935665,100.0
00259301,2014-12-31,2020-12-31,1512,1512,1512,0,2192,6.0013689253935665,100.0
00262801,2014-12-31,2020-12-31,1512,1512,1512,0,2192,6.0013689253935665,100.0
00266301,2014-12-31,2020-12-31,1512,1512,1512,0,2192,6.0013689253935665,100.0
00269601,2014-12-31,2020-12-31,1512,1512,1512,0,2192,6.0013689253935665,100.0
00269801,2014-12-31,2020-12-31,1512,1512,1512,0,2192,6.0013689253935665,100.0
00271002,2014-12-31,2020-12-31,1512,1512,1512,0,2192,6.0013689253935665,100.0
00275101,2014-12-31,2020-12-31,1512,1512,1512,0,2192,6.0013689253935665,100.0
00277101,2014-12-31,2020-12-31,1512,1512,1512,0,2192,6.0013689253935665,100.0
00278701,2014-12-31,2020-12-31,1512,1512,1512,0,2192,6.0013689253935665,100.0
00280701,2014-12-31,2020-12-31,1512,1512,1512,0,2192,6.0013689253935665,100.0
00281701,2014-12-31,2020-12-31,1512,1512,1512,0,2192,6.0013689253935665,100.0
00281801,2014-12-31,2020-12-31,1512,1512,1512,0,2192,6.0013689253935665,100.0
00288401,2014-12-31,2020-12-31,1512,1512,1512,0,2192,6.0013689253935665,100.0
00294003,2014-12-31,2020-12-31,1512,1512,1512,0,2192,6.0013689253935665,100.0
00294201,2014-12-31,2020-12-31,1512,1512,1512,0,2192,6.0013689253935665,100.0
00296001,2014-12-31,2020-12-31,1512,1512,1512,0,2192,6.0013689253935665,100.0
00296801,2014-12-31,2020-12-31,1512,1512,1512,0,2192,6.0013689253935665,100.0
00298601,2014-12-31,2020-12-31,1512,1512,1512,0,2192,6.0013689253935665,100.0
00299101,2014-12-31,2020-12-31,1512,1512,1512,0,2192,6.0013689253935665,100.0
00300701,2014-12-31,2020-12-31,1512,1512,1512,0,2192,6.0013689253935665,100.0
00302601,2014-12-31,2020-12-31,1512,1512,1512,0,2192,6.0013689253935665,100.0
00302801,2014-12-31,2020-12-31,1512,1512,1512,0,2192,6.0013689253935665,100.0
00303601,2014-12-31,2020-12-31,1512,1512,1512,0,2192,6.0013689253935665,100.0
00306201,2014-12-31,2020-12-31,1512,1512,1512,0,2192,6.0013689253935665,100.0
00310701,2014-12-31,2020-12-31,1512,1512,1512,0,2192,6.0013689253935665,100.0
00312101,2014-12-31,2020-12-31,1512,1512,1512,0,2192,6.0013689253935665,100.0
00313801,2014-12-31,2020-12-31,1512,1512,1512,0,2192,6.0013689253935665,100.0
00314401,2014-12-31,2020-12-31,1512,1512,1512,0,2192,6.0013689253935665,100.0
00315301,2014-12-31,2020-12-31,1512,1512,1512,0,2192,6.0013689253935665,100.0
00315701,2014-12-31,2020-12-31,1512,1512,1512,0,2192,6.0013689253935665,100.0
00315801,2014-12-31,2020-12-31,1512,1512,1512,0,2192,6.0013689253935665,100.0
00317001,2014-12-31,2020-12-31,1512,1512,1512,0,2192,6.0013689253935665,100.0
00320301,2014-12-31,2020-12-31,1512,1512,1512,0,2192,6.0013689253935665,100.0
00322101,2014-12-31,2020-12-31,1512,1512,1512,0,2192,6.0013689253935665,100.0
00322601,2014-12-31,2020-12-31,1512,1512,1512,0,2192,6.0013689253935665,100.0
00323101,2014-12-31,2020-12-31,1512,1512,1512,0,2192,6.0013689253935665,100.0
00323801,2014-12-31,2020-12-31,1512,1512,1512,0,2192,6.0013689253935665,100.0
00324301,2014-12-31,2020-12-31,1512,1512,1512,0,2192,6.0013689253935665,100.0
00324601,2014-12-31,2020-12-31,1512,1512,1512,0,2192,6.0013689253935665,100.0
00327801,2014-12-31,2020-12-31,1512,1512,1512,0,2192,6.0013689253935665,100.0
00333601,2014-12-31,2020-12-31,1512,1512,1512,0,2192,6.0013689253935665,100.0
00336201,2014-12-31,2020-12-31,1512,1512,1512,0,2192,6.0013689253935665,100.0
00338201,2014-12-31,2020-12-31,1512,1512,1512,0,2192,6.0013689253935665,100.0
00341301,2014-12-31,2020-12-31,1512,1512,1512,0,2192,6.0013689253935665,100.0
00342401,2014-12-31,2020-12-31,1512,1512,1512,0,2192,6.0013689253935665,100.0
00343901,2014-12-31,2020-12-31,1512,1512,1512,0,2192,6.0013689253935665,100.0
00346902,2014-12-31,2020-12-31,1512,1512,1512,0,2192,6.0013689253935665,100.0
00350201,2014-12-31,2020-12-31,1512,1512,1512,0,2192,6.0013689253935665,100.0
00350401,2014-12-31,2020-12-31,1512,1512,1512,0,2192,6.0013689253935665,100.0
00350501,2014-12-31,2020-12-31,1512,1512,1512,0,2192,6.0013689253935665,100.0
00353201,2014-12-31,2020-12-31,1512,1512,1512,0,2192,6.0013689253935665,100.0
00357001,2014-12-31,2020-12-31,1512,1512,1512,0,2192,6.0013689253935665,100.0
00358001,2014-12-31,2020-12-31,1512,1512,1512,0,2192,6.0013689253935665,100.0
00359201,2014-12-31,2020-12-31,1512,1512,1512,0,2192,6.0013689253935665,100.0
00361901,2014-12-31,2020-12-31,1512,1512,1512,0,2192,6.0013689253935665,100.0
00363901,2014-12-31,2020-12-31,1512,1512,1512,0,2192,6.0013689253935665,100.0
00364301,2014-12-31,2020-12-31,1512,1512,1512,0,2192,6.0013689253935665,100.0
00365001,2014-12-31,2020-12-31,1512,1512,1512,0,2192,6.0013689253935665,100.0
00366201,2014-12-31,2020-12-31,1512,1512,1512,0,2192,6.0013689253935665,100.0
00370803,2014-12-31,2020-12-31,1512,1512,1512,0,2192,6.0013689253935665,100.0
00373402,2014-12-31,2020-12-31,1512,1512,1512,0,2192,6.0013689253935665,100.0
00373501,2014-12-31,2020-12-31,1512,1512,1512,0,2192,6.0013689253935665,100.0
00381301,2014-12-31,2020-12-31,1512,1512,1512,0,2192,6.0013689253935665,100.0
00383501,2014-12-31,2020-12-31,1512,1512,1512,0,2192,6.0013689253935665,100.0
00385103,2014-12-31,2020-12-31,1512,1512,1512,0,2192,6.0013689253935665,100.0
00386301,2014-12-31,2020-12-31,1512,1512,1512,0,2192,6.0013689253935665,100.0
00389701,2014-12-31,2020-12-31,1512,1512,1512,0,2192,6.0013689253935665,100.0
00390501,2014-12-31,2020-12-31,1512,1512,1512,0,2192,6.0013689253935665,100.0
00394601,2014-12-31,2020-12-31,1512,1512,1512,0,2192,6.0013689253935665,100.0
00396401,2014-12-31,2020-12-31,1512,1512,1512,0,2192,6.0013689253935665,100.0
00398001,2014-12-31,2020-12-31,1512,1512,1512,0,2192,6.0013689253935665,100.0
00401602,2014-12-31,2020-12-31,1512,1512,1512,0,2192,6.0013689253935665,100.0
00402901,2014-12-31,2020-12-31,1512,1512,1512,0,2192,6.0013689253935665,100.0
00403601,2014-12-31,2020-12-31,1512,1512,1512,0,2192,6.0013689253935665,100.0
00404001,2014-12-31,2020-12-31,1512,1512,1512,0,2192,6.0013689253935665,100.0
00404501,2014-12-31,2020-12-31,1512,1512,1512,0,2192,6.0013689253935665,100.0
00405801,2014-12-31,2020-12-31,1512,1512,1512,0,2192,6.0013689253935665,100.0
00406001,2014-12-31,2020-12-31,1512,1512,1512,0,2192,6.0013689253935665,100.0
00406601,2014-12-31,2020-12-31,1512,1512,1512,0,2192,6.0013689253935665,100.0
00409301,2014-12-31,2020-12-31,1512,1512,1512,0,2192,6.0013689253935665,100.0
00410801,2014-12-31,2020-12-31,1512,1512,1512,0,2192,6.0013689253935665,100.0
00414501,2014-12-31,2020-12-31,1512,1512,1512,0,2192,6.0013689253935665,100.0
00419901,2014-12-31,2020-12-31,1512,1512,1512,0,2192,6.0013689253935665,100.0
00420101,2014-12-31,2020-12-31,1512,1512,1512,0,2192,6.0013689253935665,100.0
00421301,2014-12-31,2020-12-31,1512,1512,1512,0,2192,6.0013689253935665,100.0
00432101,2014-12-31,2020-12-31,1512,1512,1512,0,2192,6.0013689253935665,100.0
00438301,2014-12-31,2020-12-31,1512,1512,1512,0,2192,6.0013689253935665,100.0
00442301,2014-12-31,2020-12-31,1512,1512,1512,0,2192,6.0013689253935665,100.0
00443001,2014-12-31,2020-12-31,1512,1512,1512,0,2192,6.0013689253935665,100.0
00446201,2014-12-31,2020-12-31,1512,1512,1512,0,2192,6.0013689253935665,100.0
00449401,2014-12-31,2020-12-31,1512,1512,1512,0,2192,6.0013689253935665,100.0
00449702,2014-12-31,2020-12-31,1512,1512,1512,0,2192,6.0013689253935665,100.0
00449801,2014-12-31,2020-12-31,1512,1512,1512,0,2192,6.0013689253935665,100.0
00450301,2014-12-31,2020-12-31,1512,1512,1512,0,2192,6.0013689253935665,100.0
00451001,2014-12-31,2020-12-31,1512,1512,1512,0,2192,6.0013689253935665,100.0
00451701,2014-12-31,2020-12-31,1512,1512,1512,0,2192,6.0013689253935665,100.0
00459801,2014-12-31,2020-12-31,1512,1512,1512,0,2192,6.0013689253935665,100.0
00460501,2014-12-31,2020-12-31,1512,1512,1512,0,2192,6.0013689253935665,100.0
00460801,2014-12-31,2020-12-31,1512,1512,1512,0,2192,6.0013689253935665,100.0
00461102,2014-12-31,2020-12-31,1512,1512,1512,0,2192,6.0013689253935665,100.0
00462201,2014-12-31,2020-12-31,1512,1512,1512,0,2192,6.0013689253935665,100.0
00464001,2014-12-31,2020-12-31,1512,1512,1512,0,2192,6.0013689253935665,100.0
00467401,2014-12-31,2020-12-31,1512,1512,1512,0,2192,6.0013689253935665,100.0
00468501,2014-12-31,2020-12-31,1512,1512,1512,0,2192,6.0013689253935665,100.0
00469001,2014-12-31,2020-12-31,1512,1512,1512,0,2192,6.0013689253935665,100.0
00469901,2014-12-31,2020-12-31,1512,1512,1512,0,2192,6.0013689253935665,100.0
00472301,2014-12-31,2020-12-31,1512,1512,1512,0,2192,6.0013689253935665,100.0
00473701,2014-12-31,2020-12-31,1512,1512,1512,0,2192,6.0013689253935665,100.0
00480901,2014-12-31,2020-12-31,1512,1512,1512,0,2192,6.0013689253935665,100.0
00481801,2014-12-31,2020-12-31,1512,1512,1512,0,2192,6.0013689253935665,100.0
00483901,2014-12-31,2020-12-31,1512,1512,1512,0,2192,6.0013689253935665,100.0
00488101,2014-12-31,2020-12-31,1512,1512,1512,0,2192,6.0013689253935665,100.0
00488501,2014-12-31,2020-12-31,1512,1512,1512,0,2192,6.0013689253935665,100.0
00492601,2014-12-31,2020-12-31,1512,1512,1512,0,2192,6.0013689253935665,100.0
00494101,2014-12-31,2020-12-31,1512,1512,1512,0,2192,6.0013689253935665,100.0
00497301,2014-12-31,2020-12-31,1512,1512,1512,0,2192,6.0013689253935665,100.0
00498801,2014-12-31,2020-12-31,1512,1512,1512,0,2192,6.0013689253935665,100.0
00499001,2014-12-31,2020-12-31,1512,1512,1512,0,2192,6.0013689253935665,100.0
00501801,2014-12-31,2020-12-31,1512,1512,1512,0,2192,6.0013689253935665,100.0
00504601,2014-12-31,2020-12-31,1512,1512,1512,0,2192,6.0013689253935665,100.0
00504701,2014-12-31,2020-12-31,1512,1512,1512,0,2192,6.0013689253935665,100.0
00507101,2014-12-31,2020-12-31,1512,1512,1512,0,2192,6.0013689253935665,100.0
00507205,2014-12-31,2020-12-31,1512,1512,1512,0,2192,6.0013689253935665,100.0
00507319,2014-12-31,2020-12-31,1512,1512,1512,0,2192,6.0013689253935665,100.0
00508701,2014-12-31,2020-12-31,1512,1512,1512,0,2192,6.0013689253935665,100.0
00510901,2014-12-31,2020-12-31,1512,1512,1512,0,2192,6.0013689253935665,100.0
00511601,2014-12-31,2020-12-31,1512,1512,1512,0,2192,6.0013689253935665,100.0
00512501,2014-12-31,2020-12-31,1512,1512,1512,0,2192,6.0013689253935665,100.0
00517901,2014-12-31,2020-12-31,1512,1512,1512,0,2192,6.0013689253935665,100.0
00523401,2014-12-31,2020-12-31,1512,1512,1512,0,2192,6.0013689253935665,100.0
00523701,2014-12-31,2020-12-31,1512,1512,1512,0,2192,6.0013689253935665,100.0
00525001,2014-12-31,2020-12-31,1512,1512,1512,0,2192,6.0013689253935665,100.0
00525201,2014-12-31,2020-12-31,1512,1512,1512,0,2192,6.0013689253935665,100.0
00525601,2014-12-31,2020-12-31,1512,1512,1512,0,2192,6.0013689253935665,100.0
00528402,2014-12-31,2020-12-31,1512,1512,1512,0,2192,6.0013689253935665,100.0
00533801,2014-12-31,2020-12-31,1512,1512,1512,0,2192,6.0013689253935665,100.0
00534201,2014-12-31,2020-12-31,1512,1512,1512,0,2192,6.0013689253935665,100.0
00543901,2014-12-31,2020-12-31,1512,1512,1512,0,2192,6.0013689253935665,100.0
00549201,2014-12-31,2020-12-31,1512,1512,1512,0,2192,6.0013689253935665,100.0
00549601,2014-12-31,2020-12-31,1512,1512,1512,0,2192,6.0013689253935665,100.0
00551801,2014-12-31,2020-12-31,1512,1512,1512,0,2192,6.0013689253935665,100.0
00552601,2014-12-31,2020-12-31,1512,1512,1512,0,2192,6.0013689253935665,100.0
00553901,2014-12-31,2020-12-31,1512,1512,1512,0,2192,6.0013689253935665,100.0
00554301,2014-12-31,2020-12-31,1512,1512,1512,0,2192,6.0013689253935665,100.0
00556001,2014-12-31,2020-12-31,1512,1512,1512,0,2192,6.0013689253935665,100.0
00556702,2014-12-31,2020-12-31,1512,1512,1512,0,2192,6.0013689253935665,100.0
00558101,2014-12-31,2020-12-31,1512,1512,1512,0,2192,6.0013689253935665,100.0
00559701,2014-12-31,2020-12-31,1512,1512,1512,0,2192,6.0013689253935665,100.0
00560005,2014-12-31,2020-12-31,1512,1512,1512,0,2192,6.0013689253935665,100.0
00560601,2014-12-31,2020-12-31,1512,1512,1512,0,2192,6.0013689253935665,100.0
00560801,2014-12-31,2020-12-31,1512,1512,1512,0,2192,6.0013689253935665,100.0
00563901,2014-12-31,2020-12-31,1512,1512,1512,0,2192,6.0013689253935665,100.0
00564304,2014-12-31,2020-12-31,1512,1512,1512,0,2192,6.0013689253935665,100.0
00566701,2014-12-31,2020-12-31,1512,1512,1512,0,2192,6.0013689253935665,100.0
00568001,2014-12-31,2020-12-31,1512,1512,1512,0,2192,6.0013689253935665,100.0
00569001,2014-12-31,2020-12-31,1512,1512,1512,0,2192,6.0013689253935665,100.0
00570901,2014-12-31,2020-12-31,1512,1512,1512,0,2192,6.0013689253935665,100.0
00574201,2014-12-31,2020-12-31,1512,1512,1512,0,2192,6.0013689253935665,100.0
00576401,2014-12-31,2020-12-31,1512,1512,1512,0,2192,6.0013689253935665,100.0
00578301,2014-12-31,2020-12-31,1512,1512,1512,0,2192,6.0013689253935665,100.0
00578601,2014-12-31,2020-12-31,1512,1512,1512,0,2192,6.0013689253935665,100.0
00586001,2014-12-31,2020-12-31,1512,1512,1512,0,2192,6.0013689253935665,100.0
00586201,2014-12-31,2020-12-31,1512,1512,1512,0,2192,6.0013689253935665,100.0
00587001,2014-12-31,2020-12-31,1512,1512,1512,0,2192,6.0013689253935665,100.0
00587801,2014-12-31,2020-12-31,1512,1512,1512,0,2192,6.0013689253935665,100.0
00595901,2014-12-31,2020-12-31,1512,1512,1512,0,2192,6.0013689253935665,100.0
00597801,2014-12-31,2020-12-31,1512,1512,1512,0,2192,6.0013689253935665,100.0
00598701,2014-12-31,2020-12-31,1512,1512,1512,0,2192,6.0013689253935665,100.0
00600801,2014-12-31,2020-12-31,1512,1512,1512,0,2192,6.0013689253935665,100.0
00603401,2014-12-31,2020-12-31,1512,1512,1512,0,2192,6.0013689253935665,100.0
00606601,2014-12-31,2020-12-31,1512,1512,1512,0,2192,6.0013689253935665,100.0
00607801,2014-12-31,2020-12-31,1512,1512,1512,0,2192,6.0013689253935665,100.0
00608101,2014-12-31,2020-12-31,1512,1512,1512,0,2192,6.0013689253935665,100.0
00610001,2014-12-31,2020-12-31,1512,1512,1512,0,2192,6.0013689253935665,100.0
00610401,2014-12-31,2020-12-31,1512,1512,1512,0,2192,6.0013689253935665,100.0
00613501,2014-12-31,2020-12-31,1512,1512,1512,0,2192,6.0013689253935665,100.0
00613601,2014-12-31,2020-12-31,1512,1512,1512,0,2192,6.0013689253935665,100.0
00621601,2014-12-31,2020-12-31,1512,1512,1512,0,2192,6.0013689253935665,100.0
00622301,2014-12-31,2020-12-31,1512,1512,1512,0,2192,6.0013689253935665,100.0
00626601,2014-12-31,2020-12-31,1512,1512,1512,0,2192,6.0013689253935665,100.0
00626801,2014-12-31,2020-12-31,1512,1512,1512,0,2192,6.0013689253935665,100.0
00630401,2014-12-31,2020-12-31,1512,1512,1512,0,2192,6.0013689253935665,100.0
00631004,2014-12-31,2020-12-31,1512,1512,1512,0,2192,6.0013689253935665,100.0
00632601,2014-12-31,2020-12-31,1512,1512,1512,0,2192,6.0013689253935665,100.0
00633501,2014-12-31,2020-12-31,1512,1512,1512,0,2192,6.0013689253935665,100.0
00633801,2014-12-31,2020-12-31,1512,1512,1512,0,2192,6.0013689253935665,100.0
00637501,2014-12-31,2020-12-31,1512,1512,1512,0,2192,6.0013689253935665,100.0
00637901,2014-12-31,2020-12-31,1512,1512,1512,0,2192,6.0013689253935665,100.0
00638601,2014-12-31,2020-12-31,1512,1512,1512,0,2192,6.0013689253935665,100.0
00643501,2014-12-31,2020-12-31,1512,1512,1512,0,2192,6.0013689253935665,100.0
00646101,2014-12-31,2020-12-31,1512,1512,1512,0,2192,6.0013689253935665,100.0
00650201,2014-12-31,2020-12-31,1512,1512,1512,0,2192,6.0013689253935665,100.0
00650901,2014-12-31,2020-12-31,1512,1512,1512,0,2192,6.0013689253935665,100.0
00652801,2014-12-31,2020-12-31,1512,1512,1512,0,2192,6.0013689253935665,100.0
00654301,2014-12-31,2020-12-31,1512,1512,1512,0,2192,6.0013689253935665,100.0
00654701,2014-12-31,2020-12-31,1512,1512,1512,0,2192,6.0013689253935665,100.0
00656501,2014-12-31,2020-12-31,1512,1512,1512,0,2192,6.0013689253935665,100.0
00657301,2014-12-31,2020-12-31,1512,1512,1512,0,2192,6.0013689253935665,100.0
00664901,2014-12-31,2020-12-31,1512,1512,1512,0,2192,6.0013689253935665,100.0
00666901,2014-12-31,2020-12-31,1512,1512,1512,0,2192,6.0013689253935665,100.0
00668201,2014-12-31,2020-12-31,1512,1512,1512,0,2192,6.0013689253935665,100.0
00673001,2014-12-31,2020-12-31,1512,1512,1512,0,2192,6.0013689253935665,100.0
00673301,2014-12-31,2020-12-31,1512,1512,1512,0,2192,6.0013689253935665,100.0
00673701,2014-12-31,2020-12-31,1512,1512,1512,0,2192,6.0013689253935665,100.0
00674201,2014-12-31,2020-12-31,1512,1512,1512,0,2192,6.0013689253935665,100.0
00677401,2014-12-31,2020-12-31,1512,1512,1512,0,2192,6.0013689253935665,100.0
00678101,2014-12-31,2020-12-31,1512,1512,1512,0,2192,6.0013689253935665,100.0
00678801,2014-12-31,2020-12-31,1512,1512,1512,0,2192,6.0013689253935665,100.0
00682101,2014-12-31,2020-12-31,1512,1512,1512,0,2192,6.0013689253935665,100.0
00682901,2014-12-31,2020-12-31,1512,1512,1512,0,2192,6.0013689253935665,100.0
00684501,2014-12-31,2020-12-31,1512,1512,1512,0,2192,6.0013689253935665,100.0
00686501,2014-12-31,2020-12-31,1512,1512,1512,0,2192,6.0013689253935665,100.0
00686701,2014-12-31,2020-12-31,1512,1512,1512,0,2192,6.0013689253935665,100.0
00690001,2014-12-31,2020-12-31,1512,1512,1512,0,2192,6.0013689253935665,100.0
00693201,2014-12-31,2020-12-31,1512,1512,1512,0,2192,6.0013689253935665,100.0
00694601,2014-12-31,2020-12-31,1512,1512,1512,0,2192,6.0013689253935665,100.0
00699401,2014-12-31,2020-12-31,1512,1512,1512,0,2192,6.0013689253935665,100.0
00701701,2014-12-31,2020-12-31,1512,1512,1512,0,2192,6.0013689253935665,100.0
00702201,2014-12-31,2020-12-31,1512,1512,1512,0,2192,6.0013689253935665,100.0
00706301,2014-12-31,2020-12-31,1512,1512,1512,0,2192,6.0013689253935665,100.0
00706501,2014-12-31,2020-12-31,1512,1512,1512,0,2192,6.0013689253935665,100.0
00708501,2014-12-31,2020-12-31,1512,1512,1512,0,2192,6.0013689253935665,100.0
00711601,2014-12-31,2020-12-31,1512,1512,1512,0,2192,6.0013689253935665,100.0
00714601,2014-12-31,2020-12-31,1512,1512,1512,0,2192,6.0013689253935665,100.0
00715401,2014-12-31,2020-12-31,1512,1512,1512,0,2192,6.0013689253935665,100.0
00716101,2014-12-31,2020-12-31,1512,1512,1512,0,2192,6.0013689253935665,100.0
00716301,2014-12-31,2020-12-31,1512,1512,1512,0,2192,6.0013689253935665,100.0
00717101,2014-12-31,2020-12-31,1512,1512,1512,0,2192,6.0013689253935665,100.0
00722801,2014-12-31,2020-12-31,1512,1512,1512,0,2192,6.0013689253935665,100.0
00724101,2014-12-31,2020-12-31,1512,1512,1512,0,2192,6.0013689253935665,100.0
00725701,2014-12-31,2020-12-31,1512,1512,1512,0,2192,6.0013689253935665,100.0
00726001,2014-12-31,2020-12-31,1512,1512,1512,0,2192,6.0013689253935665,100.0
00727501,2014-12-31,2020-12-31,1512,1512,1512,0,2192,6.0013689253935665,100.0
00729101,2014-12-31,2020-12-31,1512,1512,1512,0,2192,6.0013689253935665,100.0
00734301,2014-12-31,2020-12-31,1512,1512,1512,0,2192,6.0013689253935665,100.0
00736601,2014-12-31,2020-12-31,1512,1512,1512,0,2192,6.0013689253935665,100.0
00736801,2014-12-31,2020-12-31,1512,1512,1512,0,2192,6.0013689253935665,100.0
00740101,2014-12-31,2020-12-31,1512,1512,1512,0,2192,6.0013689253935665,100.0
00742001,2014-12-31,2020-12-31,1512,1512,1512,0,2192,6.0013689253935665,100.0
00743501,2014-12-31,2020-12-31,1512,1512,1512,0,2192,6.0013689253935665,100.0
00743701,2014-12-31,2020-12-31,1512,1512,1512,0,2192,6.0013689253935665,100.0
00748601,2014-12-31,2020-12-31,1512,1512,1512,0,2192,6.0013689253935665,100.0
00754901,2014-12-31,2020-12-31,1512,1512,1512,0,2192,6.0013689253935665,100.0
00758501,2014-12-31,2020-12-31,1512,1512,1512,0,2192,6.0013689253935665,100.0
00762001,2014-12-31,2020-12-31,1512,1512,1512,0,2192,6.0013689253935665,100.0
00763701,2014-12-31,2020-12-31,1512,1512,1512,0,2192,6.0013689253935665,100.0
00764701,2014-12-31,2020-12-31,1512,1512,1512,0,2192,6.0013689253935665,100.0
00764801,2014-12-31,2020-12-31,1512,1512,1512,0,2192,6.0013689253935665,100.0
00773301,2014-12-31,2020-12-31,1512,1512,1512,0,2192,6.0013689253935665,100.0
00774101,2014-12-31,2020-12-31,1512,1512,1512,0,2192,6.0013689253935665,100.0
00775001,2014-12-31,2020-12-31,1512,1512,1512,0,2192,6.0013689253935665,100.0
00776201,2014-12-31,2020-12-31,1512,1512,1512,0,2192,6.0013689253935665,100.0
00784901,2014-12-31,2020-12-31,1512,1512,1512,0,2192,6.0013689253935665,100.0
00786601,2014-12-31,2020-12-31,1512,1512,1512,0,2192,6.0013689253935665,100.0
00787501,2014-12-31,2020-12-31,1512,1512,1512,0,2192,6.0013689253935665,100.0
00788101,2014-12-31,2020-12-31,1512,1512,1512,0,2192,6.0013689253935665,100.0
00790601,2014-12-31,2020-12-31,1512,1512,1512,0,2192,6.0013689253935665,100.0
00792101,2014-12-31,2020-12-31,1512,1512,1512,0,2192,6.0013689253935665,100.0
00792201,2014-12-31,2020-12-31,1512,1512,1512,0,2192,6.0013689253935665,100.0
00792301,2014-12-31,2020-12-31,1512,1512,1512,0,2192,6.0013689253935665,100.0
00795101,2014-12-31,2020-12-31,1512,1512,1512,0,2192,6.0013689253935665,100.0
00797001,2014-12-31,2020-12-31,1512,1512,1512,0,2192,6.0013689253935665,100.0
00797401,2014-12-31,2020-12-31,1512,1512,1512,0,2192,6.0013689253935665,100.0
00797701,2014-12-31,2020-12-31,1512,1512,1512,0,2192,6.0013689253935665,100.0
00798201,2014-12-31,2020-12-31,1512,1512,1512,0,2192,6.0013689253935665,100.0
00798501,2014-12-31,2020-12-31,1512,1512,1512,0,2192,6.0013689253935665,100.0
00799101,2014-12-31,2020-12-31,1512,1512,1512,0,2192,6.0013689253935665,100.0
00799301,2014-12-31,2020-12-31,1512,1512,1512,0,2192,6.0013689253935665,100.0
00800103,2014-12-31,2020-12-31,1512,1512,1512,0,2192,6.0013689253935665,100.0
00800701,2014-12-31,2020-12-31,1512,1512,1512,0,2192,6.0013689253935665,100.0
00803001,2014-12-31,2020-12-31,1512,1512,1512,0,2192,6.0013689253935665,100.0
00806801,2014-12-31,2020-12-31,1512,1512,1512,0,2192,6.0013689253935665,100.0
00807901,2014-12-31,2020-12-31,1512,1512,1512,0,2192,6.0013689253935665,100.0
00809901,2014-12-31,2020-12-31,1512,1512,1512,0,2192,6.0013689253935665,100.0
00811301,2014-12-31,2020-12-31,1512,1512,1512,0,2192,6.0013689253935665,100.0
00812301,2014-12-31,2020-12-31,1512,1512,1512,0,2192,6.0013689253935665,100.0
00815101,2014-12-31,2020-12-31,1512,1512,1512,0,2192,6.0013689253935665,100.0
00819901,2014-12-31,2020-12-31,1512,1512,1512,0,2192,6.0013689253935665,100.0
00821301,2014-12-31,2020-12-31,1512,1512,1512,0,2192,6.0013689253935665,100.0
00821406,2014-12-31,2020-12-31,1512,1512,1512,0,2192,6.0013689253935665,100.0
00821502,2014-12-31,2020-12-31,1512,1512,1512,0,2192,6.0013689253935665,100.0
00821901,2014-12-31,2020-12-31,1512,1512,1512,0,2192,6.0013689253935665,100.0
00824501,2014-12-31,2020-12-31,1512,1512,1512,0,2192,6.0013689253935665,100.0
00824701,2014-12-31,2020-12-31,1512,1512,1512,0,2192,6.0013689253935665,100.0
00825301,2014-12-31,2020-12-31,1512,1512,1512,0,2192,6.0013689253935665,100.0
00826401,2014-12-31,2020-12-31,1512,1512,1512,0,2192,6.0013689253935665,100.0
00827201,2014-12-31,2020-12-31,1512,1512,1512,0,2192,6.0013689253935665,100.0
00835001,2014-12-31,2020-12-31,1512,1512,1512,0,2192,6.0013689253935665,100.0
00835801,2014-12-31,2020-12-31,1512,1512,1512,0,2192,6.0013689253935665,100.0
00838601,2014-12-31,2020-12-31,1512,1512,1512,0,2192,6.0013689253935665,100.0
00840201,2014-12-31,2020-12-31,1512,1512,1512,0,2192,6.0013689253935665,100.0
00843101,2014-12-31,2020-12-31,1512,1512,1512,0,2192,6.0013689253935665,100.0
00845501,2014-12-31,2020-12-31,1512,1512,1512,0,2192,6.0013689253935665,100.0
00846301,2014-12-31,2020-12-31,1512,1512,1512,0,2192,6.0013689253935665,100.0
00847901,2014-12-31,2020-12-31,1512,1512,1512,0,2192,6.0013689253935665,100.0
00848601,2014-12-31,2020-12-31,1512,1512,1512,0,2192,6.0013689253935665,100.0
00851201,2014-12-31,2020-12-31,1512,1512,1512,0,2192,6.0013689253935665,100.0
00853001,2014-12-31,2020-12-31,1512,1512,1512,0,2192,6.0013689253935665,100.0
00853901,2014-12-31,2020-12-31,1512,1512,1512,0,2192,6.0013689253935665,100.0
00854201,2014-12-31,2020-12-31,1512,1512,1512,0,2192,6.0013689253935665,100.0
00854301,2014-12-31,2020-12-31,1512,1512,1512,0,2192,6.0013689253935665,100.0
00854901,2014-12-31,2020-12-31,1512,1512,1512,0,2192,6.0013689253935665,100.0
00855101,2014-12-31,2020-12-31,1512,1512,1512,0,2192,6.0013689253935665,100.0
00860502,2014-12-31,2020-12-31,1512,1512,1512,0,2192,6.0013689253935665,100.0
00860601,2014-12-31,2020-12-31,1512,1512,1512,0,2192,6.0013689253935665,100.0
00863301,2014-12-31,2020-12-31,1512,1512,1512,0,2192,6.0013689253935665,100.0
00864401,2014-12-31,2020-12-31,1512,1512,1512,0,2192,6.0013689253935665,100.0
00876201,2014-12-31,2020-12-31,1512,1512,1512,0,2192,6.0013689253935665,100.0
00880701,2014-12-31,2020-12-31,1512,1512,1512,0,2192,6.0013689253935665,100.0
00881001,2014-12-31,2020-12-31,1512,1512,1512,0,2192,6.0013689253935665,100.0
00882301,2014-12-31,2020-12-31,1512,1512,1512,0,2192,6.0013689253935665,100.0
00883201,2014-12-31,2020-12-31,1512,1512,1512,0,2192,6.0013689253935665,100.0
00885001,2014-12-31,2020-12-31,1512,1512,1512,0,2192,6.0013689253935665,100.0
00885801,2014-12-31,2020-12-31,1512,1512,1512,0,2192,6.0013689253935665,100.0
00889801,2014-12-31,2020-12-31,1512,1512,1512,0,2192,6.0013689253935665,100.0
00890101,2014-12-31,2020-12-31,1512,1512,1512,0,2192,6.0013689253935665,100.0
00890201,2014-12-31,2020-12-31,1512,1512,1512,0,2192,6.0013689253935665,100.0
00895801,2014-12-31,2020-12-31,1512,1512,1512,0,2192,6.0013689253935665,100.0
00901601,2014-12-31,2020-12-31,1512,1512,1512,0,2192,6.0013689253935665,100.0
00902301,2014-12-31,2020-12-31,1512,1512,1512,0,2192,6.0013689253935665,100.0
00906301,2014-12-31,2020-12-31,1512,1512,1512,0,2192,6.0013689253935665,100.0
00915501,2014-12-31,2020-12-31,1512,1512,1512,0,2192,6.0013689253935665,100.0
00920301,2014-12-31,2020-12-31,1512,1512,1512,0,2192,6.0013689253935665,100.0
00921601,2014-12-31,2020-12-31,1512,1512,1512,0,2192,6.0013689253935665,100.0
00922501,2014-12-31,2020-12-31,1512,1512,1512,0,2192,6.0013689253935665,100.0
00924801,2014-12-31,2020-12-31,1512,1512,1512,0,2192,6.0013689253935665,100.0
00927301,2014-12-31,2020-12-31,1512,1512,1512,0,2192,6.0013689253935665,100.0
00929901,2014-12-31,2020-12-31,1512,1512,1512,0,2192,6.0013689253935665,100.0
00931701,2014-12-31,2020-12-31,1512,1512,1512,0,2192,6.0013689253935665,100.0
00932401,2014-12-31,2020-12-31,1512,1512,1512,0,2192,6.0013689253935665,100.0
00939301,2014-12-31,2020-12-31,1512,1512,1512,0,2192,6.0013689253935665,100.0
00946501,2014-12-31,2020-12-31,1512,1512,1512,0,2192,6.0013689253935665,100.0
00946601,2014-12-31,2020-12-31,1512,1512,1512,0,2192,6.0013689253935665,100.0
00953801,2014-12-31,2020-12-31,1512,1512,1512,0,2192,6.0013689253935665,100.0
00955501,2014-12-31,2020-12-31,1512,1512,1512,0,2192,6.0013689253935665,100.0
00961101,2014-12-31,2020-12-31,1512,1512,1512,0,2192,6.0013689253935665,100.0
00966401,2014-12-31,2020-12-31,1512,1512,1512,0,2192,6.0013689253935665,100.0
00966701,2014-12-31,2020-12-31,1512,1512,1512,0,2192,6.0013689253935665,100.0
00972802,2014-12-31,2020-12-31,1512,1512,1512,0,2192,6.0013689253935665,100.0
00977102,2014-12-31,2020-12-31,1512,1512,1512,0,2192,6.0013689253935665,100.0
00977701,2014-12-31,2020-12-31,1512,1512,1512,0,2192,6.0013689253935665,100.0
00977801,2014-12-31,2020-12-31,1512,1512,1512,0,2192,6.0013689253935665,100.0
00978301,2014-12-31,2020-12-31,1512,1512,1512,0,2192,6.0013689253935665,100.0
00981501,2014-12-31,2020-12-31,1512,1512,1512,0,2192,6.0013689253935665,100.0
00983101,2014-12-31,2020-12-31,1512,1512,1512,0,2192,6.0013689253935665,100.0
00984601,2014-12-31,2020-12-31,1512,1512,1512,0,2192,6.0013689253935665,100.0
00984901,2014-12-31,2020-12-31,1512,1512,1512,0,2192,6.0013689253935665,100.0
00985001,2014-12-31,2020-12-31,1512,1512,1512,0,2192,6.0013689253935665,100.0
00988201,2014-12-31,2020-12-31,1512,1512,1512,0,2192,6.0013689253935665,100.0
00989001,2014-12-31,2020-12-31,1512,1512,1512,0,2192,6.0013689253935665,100.0
00989901,2014-12-31,2020-12-31,1512,1512,1512,0,2192,6.0013689253935665,100.0
00990401,2014-12-31,2020-12-31,1512,1512,1512,0,2192,6.0013689253935665,100.0
00996902,2014-12-31,2020-12-31,1512,1512,1512,0,2192,6.0013689253935665,100.0
01000001,2014-12-31,2020-12-31,1512,1512,1512,0,2192,6.0013689253935665,100.0
01000801,2014-12-31,2020-12-31,1512,1512,1512,0,2192,6.0013689253935665,100.0
01001601,2014-12-31,2020-12-31,1512,1512,1512,0,2192,6.0013689253935665,100.0
01003501,2014-12-31,2020-12-31,1512,1512,1512,0,2192,6.0013689253935665,100.0
01005601,2014-12-31,2020-12-31,1512,1512,1512,0,2192,6.0013689253935665,100.0
01008601,2014-12-31,2020-12-31,1512,1512,1512,0,2192,6.0013689253935665,100.0
01009601,2014-12-31,2020-12-31,1512,1512,1512,0,2192,6.0013689253935665,100.0
01011501,2014-12-31,2020-12-31,1512,1512,1512,0,2192,6.0013689253935665,100.0
01012104,2014-12-31,2020-12-31,1512,1512,1512,0,2192,6.0013689253935665,100.0
01012401,2014-12-31,2020-12-31,1512,1512,1512,0,2192,6.0013689253935665,100.0
01019501,2014-12-31,2020-12-31,1512,1512,1512,0,2192,6.0013689253935665,100.0
01024701,2014-12-31,2020-12-31,1512,1512,1512,0,2192,6.0013689253935665,100.0
01035301,2014-12-31,2020-12-31,1512,1512,1512,0,2192,6.0013689253935665,100.0
01038501,2014-12-31,2020-12-31,1512,1512,1512,0,2192,6.0013689253935665,100.0
01040501,2014-12-31,2020-12-31,1512,1512,1512,0,2192,6.0013689253935665,100.0
01040701,2014-12-31,2020-12-31,1512,1512,1512,0,2192,6.0013689253935665,100.0
01041101,2014-12-31,2020-12-31,1512,1512,1512,0,2192,6.0013689253935665,100.0
01044101,2014-12-31,2020-12-31,1512,1512,1512,0,2192,6.0013689253935665,100.0
01044301,2014-12-31,2020-12-31,1512,1512,1512,0,2192,6.0013689253935665,100.0
01045301,2014-12-31,2020-12-31,1512,1512,1512,0,2192,6.0013689253935665,100.0
01049901,2014-12-31,2020-12-31,1512,1512,1512,0,2192,6.0013689253935665,100.0
01050401,2014-12-31,2020-12-31,1512,1512,1512,0,2192,6.0013689253935665,100.0
01051901,2014-12-31,2020-12-31,1512,1512,1512,0,2192,6.0013689253935665,100.0
01053001,2014-12-31,2020-12-31,1512,1512,1512,0,2192,6.0013689253935665,100.0
01054901,2014-12-31,2020-12-31,1512,1512,1512,0,2192,6.0013689253935665,100.0
01056704,2014-12-31,2020-12-31,1512,1512,1512,0,2192,6.0013689253935665,100.0
01058101,2014-12-31,2020-12-31,1512,1512,1512,0,2192,6.0013689253935665,100.0
01060901,2014-12-31,2020-12-31,1512,1512,1512,0,2192,6.0013689253935665,100.0
01061401,2014-12-31,2020-12-31,1512,1512,1512,0,2192,6.0013689253935665,100.0
01061801,2014-12-31,2020-12-31,1512,1512,1512,0,2192,6.0013689253935665,100.0
01073501,2014-12-31,2020-12-31,1512,1512,1512,0,2192,6.0013689253935665,100.0
01078901,2014-12-31,2020-12-31,1512,1512,1512,0,2192,6.0013689253935665,100.0
01079301,2014-12-31,2020-12-31,1512,1512,1512,0,2192,6.0013689253935665,100.0
01079504,2014-12-31,2020-12-31,1512,1512,1512,0,2192,6.0013689253935665,100.0
01080101,2014-12-31,2020-12-31,1512,1512,1512,0,2192,6.0013689253935665,100.0
01084001,2014-12-31,2020-12-31,1512,1512,1512,0,2192,6.0013689253935665,100.0
01086001,2014-12-31,2020-12-31,1512,1512,1512,0,2192,6.0013689253935665,100.0
01086701,2014-12-31,2020-12-31,1512,1512,1512,0,2192,6.0013689253935665,100.0
01089401,2014-12-31,2020-12-31,1512,1512,1512,0,2192,6.0013689253935665,100.0
01090301,2014-12-31,2020-12-31,1512,1512,1512,0,2192,6.0013689253935665,100.0
01091601,2014-12-31,2020-12-31,1512,1512,1512,0,2192,6.0013689253935665,100.0
01092001,2014-12-31,2020-12-31,1512,1512,1512,0,2192,6.0013689253935665,100.0
01098301,2014-12-31,2020-12-31,1512,1512,1512,0,2192,6.0013689253935665,100.0
01099901,2014-12-31,2020-12-31,1512,1512,1512,0,2192,6.0013689253935665,100.0
01101201,2014-12-31,2020-12-31,1512,1512,1512,0,2192,6.0013689253935665,100.0
01101701,2014-12-31,2020-12-31,1512,1512,1512,0,2192,6.0013689253935665,100.0
01103201,2014-12-31,2020-12-31,1512,1512,1512,0,2192,6.0013689253935665,100.0
01106001,2014-12-31,2020-12-31,1512,1512,1512,0,2192,6.0013689253935665,100.0
01109401,2014-12-31,2020-12-31,1512,1512,1512,0,2192,6.0013689253935665,100.0
01111501,2014-12-31,2020-12-31,1512,1512,1512,0,2192,6.0013689253935665,100.0
01119101,2014-12-31,2020-12-31,1512,1512,1512,0,2192,6.0013689253935665,100.0
01122001,2014-12-31,2020-12-31,1512,1512,1512,0,2192,6.0013689253935665,100.0
01122801,2014-12-31,2020-12-31,1512,1512,1512,0,2192,6.0013689253935665,100.0
01123401,2014-12-31,2020-12-31,1512,1512,1512,0,2192,6.0013689253935665,100.0
01125901,2014-12-31,2020-12-31,1512,1512,1512,0,2192,6.0013689253935665,100.0
01126401,2014-12-31,2020-12-31,1512,1512,1512,0,2192,6.0013689253935665,100.0
01130001,2014-12-31,2020-12-31,1512,1512,1512,0,2192,6.0013689253935665,100.0
01130401,2014-12-31,2020-12-31,1512,1512,1512,0,2192,6.0013689253935665,100.0
01131302,2014-12-31,2020-12-31,1512,1512,1512,0,2192,6.0013689253935665,100.0
01134301,2014-12-31,2020-12-31,1512,1512,1512,0,2192,6.0013689253935665,100.0
01137601,2014-12-31,2020-12-31,1512,1512,1512,0,2192,6.0013689253935665,100.0
01139901,2014-12-31,2020-12-31,1512,1512,1512,0,2192,6.0013689253935665,100.0
01145601,2014-12-31,2020-12-31,1512,1512,1512,0,2192,6.0013689253935665,100.0
01146501,2014-12-31,2020-12-31,1512,1512,1512,0,2192,6.0013689253935665,100.0
01149901,2014-12-31,2020-12-31,1512,1512,1512,0,2192,6.0013689253935665,100.0
01150601,2014-12-31,2020-12-31,1512,1512,1512,0,2192,6.0013689253935665,100.0
01151101,2014-12-31,2020-12-31,1512,1512,1512,0,2192,6.0013689253935665,100.0
01153701,2014-12-31,2020-12-31,1512,1512,1512,0,2192,6.0013689253935665,100.0
01155001,2014-12-31,2020-12-31,1512,1512,1512,0,2192,6.0013689253935665,100.0
01155401,2014-12-31,2020-12-31,1512,1512,1512,0,2192,6.0013689253935665,100.0
01156601,2014-12-31,2020-12-31,1512,1512,1512,0,2192,6.0013689253935665,100.0
01158001,2014-12-31,2020-12-31,1512,1512,1512,0,2192,6.0013689253935665,100.0
01158401,2014-12-31,2020-12-31,1512,1512,1512,0,2192,6.0013689253935665,100.0
01160001,2014-12-31,2020-12-31,1512,1512,1512,0,2192,6.0013689253935665,100.0
01163601,2014-12-31,2020-12-31,1512,1512,1512,0,2192,6.0013689253935665,100.0
01167001,2014-12-31,2020-12-31,1512,1512,1512,0,2192,6.0013689253935665,100.0
01167201,2014-12-31,2020-12-31,1512,1512,1512,0,2192,6.0013689253935665,100.0
01168701,2014-12-31,2020-12-31,1512,1512,1512,0,2192,6.0013689253935665,100.0
01172101,2014-12-31,2020-12-31,1512,1512,1512,0,2192,6.0013689253935665,100.0
01172901,2014-12-31,2020-12-31,1512,1512,1512,0,2192,6.0013689253935665,100.0
01175601,2014-12-31,2020-12-31,1512,1512,1512,0,2192,6.0013689253935665,100.0
01177001,2014-12-31,2020-12-31,1512,1512,1512,0,2192,6.0013689253935665,100.0
01179602,2014-12-31,2020-12-31,1512,1512,1512,0,2192,6.0013689253935665,100.0
01181101,2014-12-31,2020-12-31,1512,1512,1512,0,2192,6.0013689253935665,100.0
01184201,2014-12-31,2020-12-31,1512,1512,1512,0,2192,6.0013689253935665,100.0
01185601,2014-12-31,2020-12-31,1512,1512,1512,0,2192,6.0013689253935665,100.0
01186101,2014-12-31,2020-12-31,1512,1512,1512,0,2192,6.0013689253935665,100.0
01189601,2014-12-31,2020-12-31,1512,1512,1512,0,2192,6.0013689253935665,100.0
01212301,2014-12-31,2020-12-31,1512,1512,1512,0,2192,6.0013689253935665,100.0
01212401,2014-12-31,2020-12-31,1512,1512,1512,0,2192,6.0013689253935665,100.0
01213801,2014-12-31,2020-12-31,1512,1512,1512,0,2192,6.0013689253935665,100.0
01214001,2014-12-31,2020-12-31,1512,1512,1512,0,2192,6.0013689253935665,100.0
01214101,2014-12-31,2020-12-31,1512,1512,1512,0,2192,6.0013689253935665,100.0
01214201,2014-12-31,2020-12-31,1512,1512,1512,0,2192,6.0013689253935665,100.0
01215101,2014-12-31,2020-12-31,1512,1512,1512,0,2192,6.0013689253935665,100.0
01226201,2014-12-31,2020-12-31,1512,1512,1512,0,2192,6.0013689253935665,100.0
01226601,2014-12-31,2020-12-31,1512,1512,1512,0,2192,6.0013689253935665,100.0
01229401,2014-12-31,2020-12-31,1512,1512,1512,0,2192,6.0013689253935665,100.0
01237901,2014-12-31,2020-12-31,1512,1512,1512,0,2192,6.0013689253935665,100.0
01238901,2014-12-31,2020-12-31,1512,1512,1512,0,2192,6.0013689253935665,100.0
01239201,2014-12-31,2020-12-31,1512,1512,1512,0,2192,6.0013689253935665,100.0
01239501,2014-12-31,2020-12-31,1512,1512,1512,0,2192,6.0013689253935665,100.0
01242804,2014-12-31,2020-12-31,1512,1512,1512,0,2192,6.0013689253935665,100.0
01243301,2014-12-31,2020-12-31,1512,1512,1512,0,2192,6.0013689253935665,100.0
01244101,2014-12-31,2020-12-31,1512,1512,1512,0,2192,6.0013689253935665,100.0
01244501,2014-12-31,2020-12-31,1512,1512,1512,0,2192,6.0013689253935665,100.0
01245901,2014-12-31,2020-12-31,1512,1512,1512,0,2192,6.0013689253935665,100.0
01247101,2014-12-31,2020-12-31,1512,1512,1512,0,2192,6.0013689253935665,100.0
01254001,2014-12-31,2020-12-31,1512,1512,1512,0,2192,6.0013689253935665,100.0
01254401,2014-12-31,2020-12-31,1512,1512,1512,0,2192,6.0013689253935665,100.0
01257801,2014-12-31,2020-12-31,1512,1512,1512,0,2192,6.0013689253935665,100.0
01258901,2014-12-31,2020-12-31,1512,1512,1512,0,2192,6.0013689253935665,100.0
01260304,2014-12-31,2020-12-31,1512,1512,1512,0,2192,6.0013689253935665,100.0
01261501,2014-12-31,2020-12-31,1512,1512,1512,0,2192,6.0013689253935665,100.0
01262501,2014-12-31,2020-12-31,1512,1512,1512,0,2192,6.0013689253935665,100.0
01268901,2014-12-31,2020-12-31,1512,1512,1512,0,2192,6.0013689253935665,100.0
01272601,2014-12-31,2020-12-31,1512,1512,1512,0,2192,6.0013689253935665,100.0
01275601,2014-12-31,2020-12-31,1512,1512,1512,0,2192,6.0013689253935665,100.0
01278501,2014-12-31,2020-12-31,1512,1512,1512,0,2192,6.0013689253935665,100.0
01279603,2014-12-31,2020-12-31,1512,1512,1512,0,2192,6.0013689253935665,100.0
01282501,2014-12-31,2020-12-31,1512,1512,1512,0,2192,6.0013689253935665,100.0
01283301,2014-12-31,2020-12-31,1512,1512,1512,0,2192,6.0013689253935665,100.0
01284001,2014-12-31,2020-12-31,1512,1512,1512,0,2192,6.0013689253935665,100.0
01285001,2014-12-31,2020-12-31,1512,1512,1512,0,2192,6.0013689253935665,100.0
01289201,2014-12-31,2020-12-31,1512,1512,1512,0,2192,6.0013689253935665,100.0
01291501,2014-12-31,2020-12-31,1512,1512,1512,0,2192,6.0013689253935665,100.0
01297201,2014-12-31,2020-12-31,1512,1512,1512,0,2192,6.0013689253935665,100.0
01304101,2014-12-31,2020-12-31,1512,1512,1512,0,2192,6.0013689253935665,100.0
01307101,2014-12-31,2020-12-31,1512,1512,1512,0,2192,6.0013689253935665,100.0
01309203,2014-12-31,2020-12-31,1512,1512,1512,0,2192,6.0013689253935665,100.0
01312501,2014-12-31,2020-12-31,1512,1512,1512,0,2192,6.0013689253935665,100.0
01332301,2014-12-31,2020-12-31,1512,1512,1512,0,2192,6.0013689253935665,100.0
01334101,2014-12-31,2020-12-31,1512,1512,1512,0,2192,6.0013689253935665,100.0
01334201,2014-12-31,2020-12-31,1512,1512,1512,0,2192,6.0013689253935665,100.0
01348001,2014-12-31,2020-12-31,1512,1512,1512,0,2192,6.0013689253935665,100.0
01349801,2014-12-31,2020-12-31,1512,1512,1512,0,2192,6.0013689253935665,100.0
01351001,2014-12-31,2020-12-31,1512,1512,1512,0,2192,6.0013689253935665,100.0
01356101,2014-12-31,2020-12-31,1512,1512,1512,0,2192,6.0013689253935665,100.0
01357001,2014-12-31,2020-12-31,1512,1512,1512,0,2192,6.0013689253935665,100.0
01362301,2014-12-31,2020-12-31,1512,1512,1512,0,2192,6.0013689253935665,100.0
01364601,2014-12-31,2020-12-31,1512,1512,1512,0,2192,6.0013689253935665,100.0
01370001,2014-12-31,2020-12-31,1512,1512,1512,0,2192,6.0013689253935665,100.0
01370901,2014-12-31,2020-12-31,1512,1512,1512,0,2192,6.0013689253935665,100.0
01371001,2014-12-31,2020-12-31,1512,1512,1512,0,2192,6.0013689253935665,100.0
01371403,2014-12-31,2020-12-31,1512,1512,1512,0,2192,6.0013689253935665,100.0
01372101,2014-12-31,2020-12-31,1512,1512,1512,0,2192,6.0013689253935665,100.0
01382401,2014-12-31,2020-12-31,1512,1512,1512,0,2192,6.0013689253935665,100.0
01386101,2014-12-31,2020-12-31,1512,1512,1512,0,2192,6.0013689253935665,100.0
01387101,2014-12-31,2020-12-31,1512,1512,1512,0,2192,6.0013689253935665,100.0
01390601,2014-12-31,2020-12-31,1512,1512,1512,0,2192,6.0013689253935665,100.0
01396301,2014-12-31,2020-12-31,1512,1512,1512,0,2192,6.0013689253935665,100.0
01397103,2014-12-31,2020-12-31,1512,1512,1512,0,2192,6.0013689253935665,100.0
01398801,2014-12-31,2020-12-31,1512,1512,1512,0,2192,6.0013689253935665,100.0
01408401,2014-12-31,2020-12-31,1512,1512,1512,0,2192,6.0013689253935665,100.0
01417201,2014-12-31,2020-12-31,1512,1512,1512,0,2192,6.0013689253935665,100.0
01421901,2014-12-31,2020-12-31,1512,1512,1512,0,2192,6.0013689253935665,100.0
01422501,2014-12-31,2020-12-31,1512,1512,1512,0,2192,6.0013689253935665,100.0
01425301,2014-12-31,2020-12-31,1512,1512,1512,0,2192,6.0013689253935665,100.0
01425601,2014-12-31,2020-12-31,1512,1512,1512,0,2192,6.0013689253935665,100.0
01426904,2014-12-31,2020-12-31,1512,1512,1512,0,2192,6.0013689253935665,100.0
01427504,2014-12-31,2020-12-31,1512,1512,1512,0,2192,6.0013689253935665,100.0
01428201,2014-12-31,2020-12-31,1512,1512,1512,0,2192,6.0013689253935665,100.0
01430902,2014-12-31,2020-12-31,1512,1512,1512,0,2192,6.0013689253935665,100.0
01431101,2014-12-31,2020-12-31,1512,1512,1512,0,2192,6.0013689253935665,100.0
01435902,2014-12-31,2020-12-31,1512,1512,1512,0,2192,6.0013689253935665,100.0
01436901,2014-12-31,2020-12-31,1512,1512,1512,0,2192,6.0013689253935665,100.0
01437001,2014-12-31,2020-12-31,1512,1512,1512,0,2192,6.0013689253935665,100.0
01441801,2014-12-31,2020-12-31,1512,1512,1512,0,2192,6.0013689253935665,100.0
01447701,2014-12-31,2020-12-31,1512,1512,1512,0,2192,6.0013689253935665,100.0
01453501,2014-12-31,2020-12-31,1512,1512,1512,0,2192,6.0013689253935665,100.0
01456302,2014-12-31,2020-12-31,1512,1512,1512,0,2192,6.0013689253935665,100.0
01459002,2014-12-31,2020-12-31,1512,1512,1512,0,2192,6.0013689253935665,100.0
01459201,2014-12-31,2020-12-31,1512,1512,1512,0,2192,6.0013689253935665,100.0
01462401,2014-12-31,2020-12-31,1512,1512,1512,0,2192,6.0013689253935665,100.0
01479001,2014-12-31,2020-12-31,1512,1512,1512,0,2192,6.0013689253935665,100.0
01482201,2014-12-31,2020-12-31,1512,1512,1512,0,2192,6.0013689253935665,100.0
01482401,2014-12-31,2020-12-31,1512,1512,1512,0,2192,6.0013689253935665,100.0
01482801,2014-12-31,2020-12-31,1512,1512,1512,0,2192,6.0013689253935665,100.0
01489101,2014-12-31,2020-12-31,1512,1512,1512,0,2192,6.0013689253935665,100.0
01489801,2014-12-31,2020-12-31,1512,1512,1512,0,2192,6.0013689253935665,100.0
01493401,2014-12-31,2020-12-31,1512,1512,1512,0,2192,6.0013689253935665,100.0
01495401,2014-12-31,2020-12-31,1512,1512,1512,0,2192,6.0013689253935665,100.0
01496001,2014-12-31,2020-12-31,1512,1512,1512,0,2192,6.0013689253935665,100.0
01505501,2014-12-31,2020-12-31,1512,1512,1512,0,2192,6.0013689253935665,100.0
01506001,2014-12-31,2020-12-31,1512,1512,1512,0,2192,6.0013689253935665,100.0
01507001,2014-12-31,2020-12-31,1512,1512,1512,0,2192,6.0013689253935665,100.0
01515303,2014-12-31,2020-12-31,1512,1512,1512,0,2192,6.0013689253935665,100.0
01519901,2014-12-31,2020-12-31,1512,1512,1512,0,2192,6.0013689253935665,100.0
01521201,2014-12-31,2020-12-31,1512,1512,1512,0,2192,6.0013689253935665,100.0
01524701,2014-12-31,2020-12-31,1512,1512,1512,0,2192,6.0013689253935665,100.0
01525203,2014-12-31,2020-12-31,1512,1512,1512,0,2192,6.0013689253935665,100.0
01526701,2014-12-31,2020-12-31,1512,1512,1512,0,2192,6.0013689253935665,100.0
01534301,2014-12-31,2020-12-31,1512,1512,1512,0,2192,6.0013689253935665,100.0
01535001,2014-12-31,2020-12-31,1512,1512,1512,0,2192,6.0013689253935665,100.0
01536301,2014-12-31,2020-12-31,1512,1512,1512,0,2192,6.0013689253935665,100.0
01536401,2014-12-31,2020-12-31,1512,1512,1512,0,2192,6.0013689253935665,100.0
01541401,2014-12-31,2020-12-31,1512,1512,1512,0,2192,6.0013689253935665,100.0
01541701,2014-12-31,2020-12-31,1512,1512,1512,0,2192,6.0013689253935665,100.0
01545901,2014-12-31,2020-12-31,1512,1512,1512,0,2192,6.0013689253935665,100.0
01552001,2014-12-31,2020-12-31,1512,1512,1512,0,2192,6.0013689253935665,100.0
01570401,2014-12-31,2020-12-31,1512,1512,1512,0,2192,6.0013689253935665,100.0
01585501,2014-12-31,2020-12-31,1512,1512,1512,0,2192,6.0013689253935665,100.0
01610101,2014-12-31,2020-12-31,1512,1512,1512,0,2192,6.0013689253935665,100.0
01611301,2014-12-31,2020-12-31,1512,1512,1512,0,2192,6.0013689253935665,100.0
01618801,2014-12-31,2020-12-31,1512,1512,1512,0,2192,6.0013689253935665,100.0
01622501,2014-12-31,2020-12-31,1512,1512,1512,0,2192,6.0013689253935665,100.0
01624501,2014-12-31,2020-12-31,1512,1512,1512,0,2192,6.0013689253935665,100.0
01638401,2014-12-31,2020-12-31,1512,1512,1512,0,2192,6.0013689253935665,100.0
01645602,2014-12-31,2020-12-31,1512,1512,1512,0,2192,6.0013689253935665,100.0
01647703,2014-12-31,2020-12-31,1512,1512,1512,0,2192,6.0013689253935665,100.0
01647801,2014-12-31,2020-12-31,1512,1512,1512,0,2192,6.0013689253935665,100.0
01648601,2014-12-31,2020-12-31,1512,1512,1512,0,2192,6.0013689253935665,100.0
01654901,2014-12-31,2020-12-31,1512,1512,1512,0,2192,6.0013689253935665,100.0
01669801,2014-12-31,2020-12-31,1512,1512,1512,0,2192,6.0013689253935665,100.0
01670501,2014-12-31,2020-12-31,1512,1512,1512,0,2192,6.0013689253935665,100.0
01672101,2014-12-31,2020-12-31,1512,1512,1512,0,2192,6.0013689253935665,100.0
01677701,2014-12-31,2020-12-31,1512,1512,1512,0,2192,6.0013689253935665,100.0
01678101,2014-12-31,2020-12-31,1512,1512,1512,0,2192,6.0013689253935665,100.0
01679001,2014-12-31,2020-12-31,1512,1512,1512,0,2192,6.0013689253935665,100.0
01682101,2014-12-31,2020-12-31,1512,1512,1512,0,2192,6.0013689253935665,100.0
01683201,2014-12-31,2020-12-31,1512,1512,1512,0,2192,6.0013689253935665,100.0
01684501,2014-12-31,2020-12-31,1512,1512,1512,0,2192,6.0013689253935665,100.0
01688901,2014-12-31,2020-12-31,1512,1512,1512,0,2192,6.0013689253935665,100.0
01698101,2014-12-31,2020-12-31,1512,1512,1512,0,2192,6.0013689253935665,100.0
01701001,2014-12-31,2020-12-31,1512,1512,1512,0,2192,6.0013689253935665,100.0
01701003,2014-12-31,2020-12-31,1512,1512,1512,0,2192,6.0013689253935665,100.0
01703501,2014-12-31,2020-12-31,1512,1512,1512,0,2192,6.0013689253935665,100.0
01709501,2014-12-31,2020-12-31,1512,1512,1512,0,2192,6.0013689253935665,100.0
01710101,2014-12-31,2020-12-31,1512,1512,1512,0,2192,6.0013689253935665,100.0
01711501,2014-12-31,2020-12-31,1512,1512,1512,0,2192,6.0013689253935665,100.0
01712001,2014-12-31,2020-12-31,1512,1512,1512,0,2192,6.0013689253935665,100.0
01713201,2014-12-31,2020-12-31,1512,1512,1512,0,2192,6.0013689253935665,100.0
01714501,2014-12-31,2020-12-31,1512,1512,1512,0,2192,6.0013689253935665,100.0
01715001,2014-12-31,2020-12-31,1512,1512,1512,0,2192,6.0013689253935665,100.0
01715101,2014-12-31,2020-12-31,1512,1512,1512,0,2192,6.0013689253935665,100.0
01718401,2014-12-31,2020-12-31,1512,1512,1512,0,2192,6.0013689253935665,100.0
01719501,2014-12-31,2020-12-31,1512,1512,1512,0,2192,6.0013689253935665,100.0
01724001,2014-12-31,2020-12-31,1512,1512,1512,0,2192,6.0013689253935665,100.0
01724501,2014-12-31,2020-12-31,1512,1512,1512,0,2192,6.0013689253935665,100.0
01724801,2014-12-31,2020-12-31,1512,1512,1512,0,2192,6.0013689253935665,100.0
01725201,2014-12-31,2020-12-31,1512,1512,1512,0,2192,6.0013689253935665,100.0
01730601,2014-12-31,2020-12-31,1512,1512,1512,0,2192,6.0013689253935665,100.0
01740801,2014-12-31,2020-12-31,1512,1512,1512,0,2192,6.0013689253935665,100.0
01745101,2014-12-31,2020-12-31,1512,1512,1512,0,2192,6.0013689253935665,100.0
01749801,2014-12-31,2020-12-31,1512,1512,1512,0,2192,6.0013689253935665,100.0
01772401,2014-12-31,2020-12-31,1512,1512,1512,0,2192,6.0013689253935665,100.0
01787401,2014-12-31,2020-12-31,1512,1512,1512,0,2192,6.0013689253935665,100.0
01793301,2014-12-31,2020-12-31,1512,1512,1512,0,2192,6.0013689253935665,100.0
01795601,2014-12-31,2020-12-31,1512,1512,1512,0,2192,6.0013689253935665,100.0
01799801,2014-12-31,2020-12-31,1512,1512,1512,0,2192,6.0013689253935665,100.0
01800401,2014-12-31,2020-12-31,1512,1512,1512,0,2192,6.0013689253935665,100.0
01804301,2014-12-31,2020-12-31,1512,1512,1512,0,2192,6.0013689253935665,100.0
01804901,2014-12-31,2020-12-31,1512,1512,1512,0,2192,6.0013689253935665,100.0
01818401,2014-12-31,2020-12-31,1512,1512,1512,0,2192,6.0013689253935665,100.0
01824101,2014-12-31,2020-12-31,1512,1512,1512,0,2192,6.0013689253935665,100.0
01830601,2014-12-31,2020-12-31,1512,1512,1512,0,2192,6.0013689253935665,100.0
01831501,2014-12-31,2020-12-31,1512,1512,1512,0,2192,6.0013689253935665,100.0
01832101,2014-12-31,2020-12-31,1512,1512,1512,0,2192,6.0013689253935665,100.0
01832901,2014-12-31,2020-12-31,1512,1512,1512,0,2192,6.0013689253935665,100.0
01838301,2014-12-31,2020-12-31,1512,1512,1512,0,2192,6.0013689253935665,100.0
01846801,2014-12-31,2020-12-31,1512,1512,1512,0,2192,6.0013689253935665,100.0
01848701,2014-12-31,2020-12-31,1512,1512,1512,0,2192,6.0013689253935665,100.0
01849801,2014-12-31,2020-12-31,1512,1512,1512,0,2192,6.0013689253935665,100.0
01851001,2014-12-31,2020-12-31,1512,1512,1512,0,2192,6.0013689253935665,100.0
01857201,2014-12-31,2020-12-31,1512,1512,1512,0,2192,6.0013689253935665,100.0
01857801,2014-12-31,2020-12-31,1512,1512,1512,0,2192,6.0013689253935665,100.0
01862401,2014-12-31,2020-12-31,1512,1512,1512,0,2192,6.0013689253935665,100.0
01866601,2014-12-31,2020-12-31,1512,1512,1512,0,2192,6.0013689253935665,100.0
01868301,2014-12-31,2020-12-31,1512,1512,1512,0,2192,6.0013689253935665,100.0
01873201,2014-12-31,2020-12-31,1512,1512,1512,0,2192,6.0013689253935665,100.0
01874501,2014-12-31,2020-12-31,1512,1512,1512,0,2192,6.0013689253935665,100.0
01887201,2014-12-31,2020-12-31,1512,1512,1512,0,2192,6.0013689253935665,100.0
01900001,2014-12-31,2020-12-31,1512,1512,1512,0,2192,6.0013689253935665,100.0
01909401,2014-12-31,2020-12-31,1512,1512,1512,0,2192,6.0013689253935665,100.0
01917501,2014-12-31,2020-12-31,1512,1512,1512,0,2192,6.0013689253935665,100.0
01926201,2014-12-31,2020-12-31,1512,1512,1512,0,2192,6.0013689253935665,100.0
01927301,2014-12-31,2020-12-31,1512,1512,1512,0,2192,6.0013689253935665,100.0
01931801,2014-12-31,2020-12-31,1512,1512,1512,0,2192,6.0013689253935665,100.0
01935501,2014-12-31,2020-12-31,1512,1512,1512,0,2192,6.0013689253935665,100.0
01941201,2014-12-31,2020-12-31,1512,1512,1512,0,2192,6.0013689253935665,100.0
01942801,2014-12-31,2020-12-31,1512,1512,1512,0,2192,6.0013689253935665,100.0
01944001,2014-12-31,2020-12-31,1512,1512,1512,0,2192,6.0013689253935665,100.0
01947001,2014-12-31,2020-12-31,1512,1512,1512,0,2192,6.0013689253935665,100.0
01951601,2014-12-31,2020-12-31,1512,1512,1512,0,2192,6.0013689253935665,100.0
01951701,2014-12-31,2020-12-31,1512,1512,1512,0,2192,6.0013689253935665,100.0
01957001,2014-12-31,2020-12-31,1512,1512,1512,0,2192,6.0013689253935665,100.0
01957401,2014-12-31,2020-12-31,1512,1512,1512,0,2192,6.0013689253935665,100.0
01964901,2014-12-31,2020-12-31,1512,1512,1512,0,2192,6.0013689253935665,100.0
01971301,2014-12-31,2020-12-31,1512,1512,1512,0,2192,6.0013689253935665,100.0
01974701,2014-12-31,2020-12-31,1512,1512,1512,0,2192,6.0013689253935665,100.0
01980001,2014-12-31,2020-12-31,1512,1512,1512,0,2192,6.0013689253935665,100.0
01981701,2014-12-31,2020-12-31,1512,1512,1512,0,2192,6.0013689253935665,100.0
01984901,2014-12-31,2020-12-31,1512,1512,1512,0,2192,6.0013689253935665,100.0
01985801,2014-12-31,2020-12-31,1512,1512,1512,0,2192,6.0013689253935665,100.0
01987301,2014-12-31,2020-12-31,1512,1512,1512,0,2192,6.0013689253935665,100.0
01990601,2014-12-31,2020-12-31,1512,1512,1512,0,2192,6.0013689253935665,100.0
01992701,2014-12-31,2020-12-31,1512,1512,1512,0,2192,6.0013689253935665,100.0
01993501,2014-12-31,2020-12-31,1512,1512,1512,0,2192,6.0013689253935665,100.0
01997401,2014-12-31,2020-12-31,1512,1512,1512,0,2192,6.0013689253935665,100.0
02001101,2014-12-31,2020-12-31,1512,1512,1512,0,2192,6.0013689253935665,100.0
02001901,2014-12-31,2020-12-31,1512,1512,1512,0,2192,6.0013689253935665,100.0
02002001,2014-12-31,2020-12-31,1512,1512,1512,0,2192,6.0013689253935665,100.0
02002901,2014-12-31,2020-12-31,1512,1512,1512,0,2192,6.0013689253935665,100.0
02008901,2014-12-31,2020-12-31,1512,1512,1512,0,2192,6.0013689253935665,100.0
02010501,2014-12-31,2020-12-31,1512,1512,1512,0,2192,6.0013689253935665,100.0
02011501,2014-12-31,2020-12-31,1512,1512,1512,0,2192,6.0013689253935665,100.0
02011601,2014-12-31,2020-12-31,1512,1512,1512,0,2192,6.0013689253935665,100.0
02012601,2014-12-31,2020-12-31,1512,1512,1512,0,2192,6.0013689253935665,100.0
02013001,2014-12-31,2020-12-31,1512,1512,1512,0,2192,6.0013689253935665,100.0
02017901,2014-12-31,2020-12-31,1512,1512,1512,0,2192,6.0013689253935665,100.0
02018501,2014-12-31,2020-12-31,1512,1512,1512,0,2192,6.0013689253935665,100.0
02021401,2014-12-31,2020-12-31,1512,1512,1512,0,2192,6.0013689253935665,100.0
02022801,2014-12-31,2020-12-31,1512,1512,1512,0,2192,6.0013689253935665,100.0
02022901,2014-12-31,2020-12-31,1512,1512,1512,0,2192,6.0013689253935665,100.0
02029801,2014-12-31,2020-12-31,1512,1512,1512,0,2192,6.0013689253935665,100.0
02033801,2014-12-31,2020-12-31,1512,1512,1512,0,2192,6.0013689253935665,100.0
02041201,2014-12-31,2020-12-31,1512,1512,1512,0,2192,6.0013689253935665,100.0
02042001,2014-12-31,2020-12-31,1512,1512,1512,0,2192,6.0013689253935665,100.0
02042201,2014-12-31,2020-12-31,1512,1512,1512,0,2192,6.0013689253935665,100.0
02043001,2014-12-31,2020-12-31,1512,1512,1512,0,2192,6.0013689253935665,100.0
02050201,2014-12-31,2020-12-31,1512,1512,1512,0,2192,6.0013689253935665,100.0
02053401,2014-12-31,2020-12-31,1512,1512,1512,0,2192,6.0013689253935665,100.0
02053901,2014-12-31,2020-12-31,1512,1512,1512,0,2192,6.0013689253935665,100.0
02054801,2014-12-31,2020-12-31,1512,1512,1512,0,2192,6.0013689253935665,100.0
02057001,2014-12-31,2020-12-31,1512,1512,1512,0,2192,6.0013689253935665,100.0
02060001,2014-12-31,2020-12-31,1512,1512,1512,0,2192,6.0013689253935665,100.0
02065501,2014-12-31,2020-12-31,1512,1512,1512,0,2192,6.0013689253935665,100.0
02068401,2014-12-31,2020-12-31,1512,1512,1512,0,2192,6.0013689253935665,100.0
02068601,2014-12-31,2020-12-31,1512,1512,1512,0,2192,6.0013689253935665,100.0
02069603,2014-12-31,2020-12-31,1512,1512,1512,0,2192,6.0013689253935665,100.0
02077901,2014-12-31,2020-12-31,1512,1512,1512,0,2192,6.0013689253935665,100.0
02094401,2014-12-31,2020-12-31,1512,1512,1512,0,2192,6.0013689253935665,100.0
02096001,2014-12-31,2020-12-31,1512,1512,1512,0,2192,6.0013689253935665,100.0
02100601,2014-12-31,2020-12-31,1512,1512,1512,0,2192,6.0013689253935665,100.0
02101901,2014-12-31,2020-12-31,1512,1512,1512,0,2192,6.0013689253935665,100.0
02111801,2014-12-31,2020-12-31,1512,1512,1512,0,2192,6.0013689253935665,100.0
02112401,2014-12-31,2020-12-31,1512,1512,1512,0,2192,6.0013689253935665,100.0
02122701,2014-12-31,2020-12-31,1512,1512,1512,0,2192,6.0013689253935665,100.0
02123801,2014-12-31,2020-12-31,1512,1512,1512,0,2192,6.0013689253935665,100.0
02142901,2014-12-31,2020-12-31,1512,1512,1512,0,2192,6.0013689253935665,100.0
02144001,2014-12-31,2020-12-31,1512,1512,1512,0,2192,6.0013689253935665,100.0
02150301,2014-12-31,2020-12-31,1512,1512,1512,0,2192,6.0013689253935665,100.0
02154201,2014-12-31,2020-12-31,1512,1512,1512,0,2192,6.0013689253935665,100.0
02161601,2014-12-31,2020-12-31,1512,1512,1512,0,2192,6.0013689253935665,100.0
02173901,2014-12-31,2020-12-31,1512,1512,1512,0,2192,6.0013689253935665,100.0
02176101,2014-12-31,2020-12-31,1512,1512,1512,0,2192,6.0013689253935665,100.0
02182501,2014-12-31,2020-12-31,1512,1512,1512,0,2192,6.0013689253935665,100.0
02191601,2014-12-31,2020-12-31,1512,1512,1512,0,2192,6.0013689253935665,100.0
02203901,2014-12-31,2020-12-31,1512,1512,1512,0,2192,6.0013689253935665,100.0
02208601,2014-12-31,2020-12-31,1512,1512,1512,0,2192,6.0013689253935665,100.0
02218201,2014-12-31,2020-12-31,1512,1512,1512,0,2192,6.0013689253935665,100.0
02226004,2014-12-31,2020-12-31,1512,1512,1512,0,2192,6.0013689253935665,100.0
02232501,2014-12-31,2020-12-31,1512,1512,1512,0,2192,6.0013689253935665,100.0
02244702,2014-12-31,2020-12-31,1512,1512,1512,0,2192,6.0013689253935665,100.0
02271701,2014-12-31,2020-12-31,1512,1512,1512,0,2192,6.0013689253935665,100.0
02302701,2014-12-31,2020-12-31,1512,1512,1512,0,2192,6.0013689253935665,100.0
02308401,2014-12-31,2020-12-31,1512,1512,1512,0,2192,6.0013689253935665,100.0
02322401,2014-12-31,2020-12-31,1512,1512,1512,0,2192,6.0013689253935665,100.0
02325201,2014-12-31,2020-12-31,1512,1512,1512,0,2192,6.0013689253935665,100.0
02348501,2014-12-31,2020-12-31,1512,1512,1512,0,2192,6.0013689253935665,100.0
02350001,2014-12-31,2020-12-31,1512,1512,1512,0,2192,6.0013689253935665,100.0
02371401,2014-12-31,2020-12-31,1512,1512,1512,0,2192,6.0013689253935665,100.0
02375301,2014-12-31,2020-12-31,1512,1512,1512,0,2192,6.0013689253935665,100.0
02397801,2014-12-31,2020-12-31,1512,1512,1512,0,2192,6.0013689253935665,100.0
02415701,2014-12-31,2020-12-31,1512,1512,1512,0,2192,6.0013689253935665,100.0
02417101,2014-12-31,2020-12-31,1512,1512,1512,0,2192,6.0013689253935665,100.0
02421601,2014-12-31,2020-12-31,1512,1512,1512,0,2192,6.0013689253935665,100.0
02423201,2014-12-31,2020-12-31,1512,1512,1512,0,2192,6.0013689253935665,100.0
02423301,2014-12-31,2020-12-31,1512,1512,1512,0,2192,6.0013689253935665,100.0
02429101,2014-12-31,2020-12-31,1512,1512,1512,0,2192,6.0013689253935665,100.0
02429303,2014-12-31,2020-12-31,1512,1512,1512,0,2192,6.0013689253935665,100.0
02431601,2014-12-31,2020-12-31,1512,1512,1512,0,2192,6.0013689253935665,100.0
02435001,2014-12-31,2020-12-31,1512,1512,1512,0,2192,6.0013689253935665,100.0
02435201,2014-12-31,2020-12-31,1512,1512,1512,0,2192,6.0013689253935665,100.0
02437001,2014-12-31,2020-12-31,1512,1512,1512,0,2192,6.0013689253935665,100.0
02437901,2014-12-31,2020-12-31,1512,1512,1512,0,2192,6.0013689253935665,100.0
02439601,2014-12-31,2020-12-31,1512,1512,1512,0,2192,6.0013689253935665,100.0
02444001,2014-12-31,2020-12-31,1512,1512,1512,0,2192,6.0013689253935665,100.0
02444702,2014-12-31,2020-12-31,1512,1512,1512,0,2192,6.0013689253935665,100.0
02446301,2014-12-31,2020-12-31,1512,1512,1512,0,2192,6.0013689253935665,100.0
02461701,2014-12-31,2020-12-31,1512,1512,1512,0,2192,6.0013689253935665,100.0
02467801,2014-12-31,2020-12-31,1512,1512,1512,0,2192,6.0013689253935665,100.0
02470801,2014-12-31,2020-12-31,1512,1512,1512,0,2192,6.0013689253935665,100.0
02472001,2014-12-31,2020-12-31,1512,1512,1512,0,2192,6.0013689253935665,100.0
02473101,2014-12-31,2020-12-31,1512,1512,1512,0,2192,6.0013689253935665,100.0
02475001,2014-12-31,2020-12-31,1512,1512,1512,0,2192,6.0013689253935665,100.0
02475501,2014-12-31,2020-12-31,1512,1512,1512,0,2192,6.0013689253935665,100.0
02478201,2014-12-31,2020-12-31,1512,1512,1512,0,2192,6.0013689253935665,100.0
02478301,2014-12-31,2020-12-31,1512,1512,1512,0,2192,6.0013689253935665,100.0
02480001,2014-12-31,2020-12-31,1512,1512,1512,0,2192,6.0013689253935665,100.0
02485601,2014-12-31,2020-12-31,1512,1512,1512,0,2192,6.0013689253935665,100.0
02492501,2014-12-31,2020-12-31,1512,1512,1512,0,2192,6.0013689253935665,100.0
02497801,2014-12-31,2020-12-31,1512,1512,1512,0,2192,6.0013689253935665,100.0
02503001,2014-12-31,2020-12-31,1512,1512,1512,0,2192,6.0013689253935665,100.0
02512401,2014-12-31,2020-12-31,1512,1512,1512,0,2192,6.0013689253935665,100.0
02517301,2014-12-31,2020-12-31,1512,1512,1512,0,2192,6.0013689253935665,100.0
02518001,2014-12-31,2020-12-31,1512,1512,1512,0,2192,6.0013689253935665,100.0
02520101,2014-12-31,2020-12-31,1512,1512,1512,0,2192,6.0013689253935665,100.0
02523401,2014-12-31,2020-12-31,1512,1512,1512,0,2192,6.0013689253935665,100.0
02527401,2014-12-31,2020-12-31,1512,1512,1512,0,2192,6.0013689253935665,100.0
02528301,2014-12-31,2020-12-31,1512,1512,1512,0,2192,6.0013689253935665,100.0
02531301,2014-12-31,2020-12-31,1512,1512,1512,0,2192,6.0013689253935665,100.0
02531801,2014-12-31,2020-12-31,1512,1512,1512,0,2192,6.0013689253935665,100.0
02533801,2014-12-31,2020-12-31,1512,1512,1512,0,2192,6.0013689253935665,100.0
02534001,2014-12-31,2020-12-31,1512,1512,1512,0,2192,6.0013689253935665,100.0
02537601,2014-12-31,2020-12-31,1512,1512,1512,0,2192,6.0013689253935665,100.0
02538903,2014-12-31,2020-12-31,1512,1512,1512,0,2192,6.0013689253935665,100.0
02543001,2014-12-31,2020-12-31,1512,1512,1512,0,2192,6.0013689253935665,100.0
02543401,2014-12-31,2020-12-31,1512,1512,1512,0,2192,6.0013689253935665,100.0
02550901,2014-12-31,2020-12-31,1512,1512,1512,0,2192,6.0013689253935665,100.0
02557201,2014-12-31,2020-12-31,1512,1512,1512,0,2192,6.0013689253935665,100.0
02563201,2014-12-31,2020-12-31,1512,1512,1512,0,2192,6.0013689253935665,100.0
02563301,2014-12-31,2020-12-31,1512,1512,1512,0,2192,6.0013689253935665,100.0
02573701,2014-12-31,2020-12-31,1512,1512,1512,0,2192,6.0013689253935665,100.0
02574701,2014-12-31,2020-12-31,1512,1512,1512,0,2192,6.0013689253935665,100.0
02575101,2014-12-31,2020-12-31,1512,1512,1512,0,2192,6.0013689253935665,100.0
02587001,2014-12-31,2020-12-31,1512,1512,1512,0,2192,6.0013689253935665,100.0
02588001,2014-12-31,2020-12-31,1512,1512,1512,0,2192,6.0013689253935665,100.0
02589501,2014-12-31,2020-12-31,1512,1512,1512,0,2192,6.0013689253935665,100.0
02592201,2014-12-31,2020-12-31,1512,1512,1512,0,2192,6.0013689253935665,100.0
02593702,2014-12-31,2020-12-31,1512,1512,1512,0,2192,6.0013689253935665,100.0
02601301,2014-12-31,2020-12-31,1512,1512,1512,0,2192,6.0013689253935665,100.0
02601601,2014-12-31,2020-12-31,1512,1512,1512,0,2192,6.0013689253935665,100.0
02602101,2014-12-31,2020-12-31,1512,1512,1512,0,2192,6.0013689253935665,100.0
02606101,2014-12-31,2020-12-31,1512,1512,1512,0,2192,6.0013689253935665,100.0
02653901,2014-12-31,2020-12-31,1512,1512,1512,0,2192,6.0013689253935665,100.0
02776001,2014-12-31,2020-12-31,1512,1512,1512,0,2192,6.0013689253935665,100.0
02782301,2014-12-31,2020-12-31,1512,1512,1512,0,2192,6.0013689253935665,100.0
02787501,2014-12-31,2020-12-31,1512,1512,1512,0,2192,6.0013689253935665,100.0
02791401,2014-12-31,2020-12-31,1512,1512,1512,0,2192,6.0013689253935665,100.0
02792801,2014-12-31,2020-12-31,1512,1512,1512,0,2192,6.0013689253935665,100.0
02796001,2014-12-31,2020-12-31,1512,1512,1512,0,2192,6.0013689253935665,100.0
02796501,2014-12-31,2020-12-31,1512,1512,1512,0,2192,6.0013689253935665,100.0
02798101,2014-12-31,2020-12-31,1512,1512,1512,0,2192,6.0013689253935665,100.0
02802201,2014-12-31,2020-12-31,1512,1512,1512,0,2192,6.0013689253935665,100.0
02803401,2014-12-31,2020-12-31,1512,1512,1512,0,2192,6.0013689253935665,100.0
02811901,2014-12-31,2020-12-31,1512,1512,1512,0,2192,6.0013689253935665,100.0
02815501,2014-12-31,2020-12-31,1512,1512,1512,0,2192,6.0013689253935665,100.0
02817601,2014-12-31,2020-12-31,1512,1512,1512,0,2192,6.0013689253935665,100.0
02819101,2014-12-31,2020-12-31,1512,1512,1512,0,2192,6.0013689253935665,100.0
02819401,2014-12-31,2020-12-31,1512,1512,1512,0,2192,6.0013689253935665,100.0
02819501,2014-12-31,2020-12-31,1512,1512,1512,0,2192,6.0013689253935665,100.0
02821601,2014-12-31,2020-12-31,1512,1512,1512,0,2192,6.0013689253935665,100.0
02827801,2014-12-31,2020-12-31,1512,1512,1512,0,2192,6.0013689253935665,100.0
02832002,2014-12-31,2020-12-31,1512,1512,1512,0,2192,6.0013689253935665,100.0
02833801,2014-12-31,2020-12-31,1512,1512,1512,0,2192,6.0013689253935665,100.0
02834901,2014-12-31,2020-12-31,1512,1512,1512,0,2192,6.0013689253935665,100.0
02837801,2014-12-31,2020-12-31,1512,1512,1512,0,2192,6.0013689253935665,100.0
02838401,2014-12-31,2020-12-31,1512,1512,1512,0,2192,6.0013689253935665,100.0
02839701,2014-12-31,2020-12-31,1512,1512,1512,0,2192,6.0013689253935665,100.0
02847701,2014-12-31,2020-12-31,1512,1512,1512,0,2192,6.0013689253935665,100.0
02848501,2014-12-31,2020-12-31,1512,1512,1512,0,2192,6.0013689253935665,100.0
02859001,2014-12-31,2020-12-31,1512,1512,1512,0,2192,6.0013689253935665,100.0
02862901,2014-12-31,2020-12-31,1512,1512,1512,0,2192,6.0013689253935665,100.0
02870401,2014-12-31,2020-12-31,1512,1512,1512,0,2192,6.0013689253935665,100.0
02873301,2014-12-31,2020-12-31,1512,1512,1512,0,2192,6.0013689253935665,100.0
02874201,2014-12-31,2020-12-31,1512,1512,1512,0,2192,6.0013689253935665,100.0
02876201,2014-12-31,2020-12-31,1512,1512,1512,0,2192,6.0013689253935665,100.0
02886601,2014-12-31,2020-12-31,1512,1512,1512,0,2192,6.0013689253935665,100.0
02893002,2014-12-31,2020-12-31,1512,1512,1512,0,2192,6.0013689253935665,100.0
02894001,2014-12-31,2020-12-31,1512,1512,1512,0,2192,6.0013689253935665,100.0
02901101,2014-12-31,2020-12-31,1512,1512,1512,0,2192,6.0013689253935665,100.0
02902801,2014-12-31,2020-12-31,1512,1512,1512,0,2192,6.0013689253935665,100.0
02909901,2014-12-31,2020-12-31,1512,1512,1512,0,2192,6.0013689253935665,100.0
02910101,2014-12-31,2020-12-31,1512,1512,1512,0,2192,6.0013689253935665,100.0
02910801,2014-12-31,2020-12-31,1512,1512,1512,0,2192,6.0013689253935665,100.0
02913101,2014-12-31,2020-12-31,1512,1512,1512,0,2192,6.0013689253935665,100.0
02915601,2014-12-31,2020-12-31,1512,1512,1512,0,2192,6.0013689253935665,100.0
02920601,2014-12-31,2020-12-31,1512,1512,1512,0,2192,6.0013689253935665,100.0
02921101,2014-12-31,2020-12-31,1512,1512,1512,0,2192,6.0013689253935665,100.0
02921701,2014-12-31,2020-12-31,1512,1512,1512,0,2192,6.0013689253935665,100.0
02924101,2014-12-31,2020-12-31,1512,1512,1512,0,2192,6.0013689253935665,100.0
02928201,2014-12-31,2020-12-31,1512,1512,1512,0,2192,6.0013689253935665,100.0
02935901,2014-12-31,2020-12-31,1512,1512,1512,0,2192,6.0013689253935665,100.0
02938201,2014-12-31,2020-12-31,1512,1512,1512,0,2192,6.0013689253935665,100.0
02938901,2014-12-31,2020-12-31,1512,1512,1512,0,2192,6.0013689253935665,100.0
02939201,2014-12-31,2020-12-31,1512,1512,1512,0,2192,6.0013689253935665,100.0
02945301,2014-12-31,2020-12-31,1512,1512,1512,0,2192,6.0013689253935665,100.0
02951701,2014-12-31,2020-12-31,1512,1512,1512,0,2192,6.0013689253935665,100.0
02964901,2014-12-31,2020-12-31,1512,1512,1512,0,2192,6.0013689253935665,100.0
02973301,2014-12-31,2020-12-31,1512,1512,1512,0,2192,6.0013689253935665,100.0
02973601,2014-12-31,2020-12-31,1512,1512,1512,0,2192,6.0013689253935665,100.0
02975101,2014-12-31,2020-12-31,1512,1512,1512,0,2192,6.0013689253935665,100.0
02980402,2014-12-31,2020-12-31,1512,1512,1512,0,2192,6.0013689253935665,100.0
02983001,2014-12-31,2020-12-31,1512,1512,1512,0,2192,6.0013689253935665,100.0
02986801,2014-12-31,2020-12-31,1512,1512,1512,0,2192,6.0013689253935665,100.0
02987501,2014-12-31,2020-12-31,1512,1512,1512,0,2192,6.0013689253935665,100.0
02989401,2014-12-31,2020-12-31,1512,1512,1512,0,2192,6.0013689253935665,100.0
02995501,2014-12-31,2020-12-31,1512,1512,1512,0,2192,6.0013689253935665,100.0
02998401,2014-12-31,2020-12-31,1512,1512,1512,0,2192,6.0013689253935665,100.0
03003201,2014-12-31,2020-12-31,1512,1512,1512,0,2192,6.0013689253935665,100.0
03005901,2014-12-31,2020-12-31,1512,1512,1512,0,2192,6.0013689253935665,100.0
03017001,2014-12-31,2020-12-31,1512,1512,1512,0,2192,6.0013689253935665,100.0
03022201,2014-12-31,2020-12-31,1512,1512,1512,0,2192,6.0013689253935665,100.0
03025901,2014-12-31,2020-12-31,1512,1512,1512,0,2192,6.0013689253935665,100.0
03026001,2014-12-31,2020-12-31,1512,1512,1512,0,2192,6.0013689253935665,100.0
03028101,2014-12-31,2020-12-31,1512,1512,1512,0,2192,6.0013689253935665,100.0
03029301,2014-12-31,2020-12-31,1512,1512,1512,0,2192,6.0013689253935665,100.0
03044301,2014-12-31,2020-12-31,1512,1512,1512,0,2192,6.0013689253935665,100.0
03046301,2014-12-31,2020-12-31,1512,1512,1512,0,2192,6.0013689253935665,100.0
03047701,2014-12-31,2020-12-31,1512,1512,1512,0,2192,6.0013689253935665,100.0
03057601,2014-12-31,2020-12-31,1512,1512,1512,0,2192,6.0013689253935665,100.0
03066201,2014-12-31,2020-12-31,1512,1512,1512,0,2192,6.0013689253935665,100.0
03067101,2014-12-31,2020-12-31,1512,1512,1512,0,2192,6.0013689253935665,100.0
03082201,2014-12-31,2020-12-31,1512,1512,1512,0,2192,6.0013689253935665,100.0
03086101,2014-12-31,2020-12-31,1512,1512,1512,0,2192,6.0013689253935665,100.0
03087001,2014-12-31,2020-12-31,1512,1512,1512,0,2192,6.0013689253935665,100.0
03093201,2014-12-31,2020-12-31,1512,1512,1512,0,2192,6.0013689253935665,100.0
03099001,2014-12-31,2020-12-31,1512,1512,1512,0,2192,6.0013689253935665,100.0
03136801,2014-12-31,2020-12-31,1512,1512,1512,0,2192,6.0013689253935665,100.0
03146001,2014-12-31,2020-12-31,1512,1512,1512,0,2192,6.0013689253935665,100.0
03147701,2014-12-31,2020-12-31,1512,1512,1512,0,2192,6.0013689253935665,100.0
03151901,2014-12-31,2020-12-31,1512,1512,1512,0,2192,6.0013689253935665,100.0
03160701,2014-12-31,2020-12-31,1512,1512,1512,0,2192,6.0013689253935665,100.0
03167301,2014-12-31,2020-12-31,1512,1512,1512,0,2192,6.0013689253935665,100.0
03184601,2014-12-31,2020-12-31,1512,1512,1512,0,2192,6.0013689253935665,100.0
03188701,2014-12-31,2020-12-31,1512,1512,1512,0,2192,6.0013689253935665,100.0
06080001,2014-12-31,2020-12-31,1512,1512,1512,0,2192,6.0013689253935665,100.0
06090001,2014-12-31,2020-12-31,1512,1512,1512,0,2192,6.0013689253935665,100.0
06090201,2014-12-31,2020-12-31,1512,1512,1512,0,2192,6.0013689253935665,100.0
06092303,2014-12-31,2020-12-31,1512,1512,1512,0,2192,6.0013689253935665,100.0
06093101,2014-12-31,2020-12-31,1512,1512,1512,0,2192,6.0013689253935665,100.0
06097901,2014-12-31,2020-12-31,1512,1512,1512,0,2192,6.0013689253935665,100.0
06100401,2014-12-31,2020-12-31,1512,1512,1512,0,2192,6.0013689253935665,100.0
06103401,2014-12-31,2020-12-31,1512,1512,1512,0,2192,6.0013689253935665,100.0
06115502,2014-12-31,2020-12-31,1512,1512,1512,0,2192,6.0013689253935665,100.0
06117901,2014-12-31,2020-12-31,1512,1512,1512,0,2192,6.0013689253935665,100.0
06118101,2014-12-31,2020-12-31,1512,1512,1512,0,2192,6.0013689253935665,100.0
06130201,2014-12-31,2020-12-31,1512,1512,1512,0,2192,6.0013689253935665,100.0
06138001,2014-12-31,2020-12-31,1512,1512,1512,0,2192,6.0013689253935665,100.0
06138801,2014-12-31,2020-12-31,1512,1512,1512,0,2192,6.0013689253935665,100.0
06139901,2014-12-31,2020-12-31,1512,1512,1512,0,2192,6.0013689253935665,100.0
06140601,2014-12-31,2020-12-31,1512,1512,1512,0,2192,6.0013689253935665,100.0
06140801,2014-12-31,2020-12-31,1512,1512,1512,0,2192,6.0013689253935665,100.0
06142001,2014-12-31,2020-12-31,1512,1512,1512,0,2192,6.0013689253935665,100.0
06148701,2014-12-31,2020-12-31,1512,1512,1512,0,2192,6.0013689253935665,100.0
06149401,2014-12-31,2020-12-31,1512,1512,1512,0,2192,6.0013689253935665,100.0
06151901,2014-12-31,2020-12-31,1512,1512,1512,0,2192,6.0013689253935665,100.0
06156201,2014-12-31,2020-12-31,1512,1512,1512,0,2192,6.0013689253935665,100.0
06156701,2014-12-31,2020-12-31,1512,1512,1512,0,2192,6.0013689253935665,100.0
06158501,2014-12-31,2020-12-31,1512,1512,1512,0,2192,6.0013689253935665,100.0
06159101,2014-12-31,2020-12-31,1512,1512,1512,0,2192,6.0013689253935665,100.0
06167601,2014-12-31,2020-12-31,1512,1512,1512,0,2192,6.0013689253935665,100.0
06168501,2014-12-31,2020-12-31,1512,1512,1512,0,2192,6.0013689253935665,100.0
06169301,2014-12-31,2020-12-31,1512,1512,1512,0,2192,6.0013689253935665,100.0
06173201,2014-12-31,2020-12-31,1512,1512,1512,0,2192,6.0013689253935665,100.0
06173901,2014-12-31,2020-12-31,1512,1512,1512,0,2192,6.0013689253935665,100.0
06175901,2014-12-31,2020-12-31,1512,1512,1512,0,2192,6.0013689253935665,100.0
06187001,2014-12-31,2020-12-31,1512,1512,1512,0,2192,6.0013689253935665,100.0
06222101,2014-12-31,2020-12-31,1512,1512,1512,0,2192,6.0013689253935665,100.0
06226601,2014-12-31,2020-12-31,1512,1512,1512,0,2192,6.0013689253935665,100.0
06229001,2014-12-31,2020-12-31,1512,1512,1512,0,2192,6.0013689253935665,100.0
06233701,2014-12-31,2020-12-31,1512,1512,1512,0,2192,6.0013689253935665,100.0
06237401,2014-12-31,2020-12-31,1512,1512,1512,0,2192,6.0013689253935665,100.0
06237801,2014-12-31,2020-12-31,1512,1512,1512,0,2192,6.0013689253935665,100.0
06250101,2014-12-31,2020-12-31,1512,1512,1512,0,2192,6.0013689253935665,100.0
06251601,2014-12-31,2020-12-31,1512,1512,1512,0,2192,6.0013689253935665,100.0
06264007,2014-12-31,2020-12-31,1512,1512,1512,0,2192,6.0013689253935665,100.0
06265401,2014-12-31,2020-12-31,1512,1512,1512,0,2192,6.0013689253935665,100.0
06268905,2014-12-31,2020-12-31,1512,1512,1512,0,2192,6.0013689253935665,100.0
06289701,2014-12-31,2020-12-31,1512,1512,1512,0,2192,6.0013689253935665,100.0
06296502,2014-12-31,2020-12-31,1512,1512,1512,0,2192,6.0013689253935665,100.0
06297901,2014-12-31,2020-12-31,1512,1512,1512,0,2192,6.0013689253935665,100.0
06300002,2014-12-31,2020-12-31,1512,1512,1512,0,2192,6.0013689253935665,100.0
06313501,2014-12-31,2020-12-31,1512,1512,1512,0,2192,6.0013689253935665,100.0
06313901,2014-12-31,2020-12-31,1512,1512,1512,0,2192,6.0013689253935665,100.0
06317201,2014-12-31,2020-12-31,1512,1512,1512,0,2192,6.0013689253935665,100.0
06318601,2014-12-31,2020-12-31,1512,1512,1512,0,2192,6.0013689253935665,100.0
06323201,2014-12-31,2020-12-31,1512,1512,1512,0,2192,6.0013689253935665,100.0
06328801,2014-12-31,2020-12-31,1512,1512,1512,0,2192,6.0013689253935665,100.0
06329001,2014-12-31,2020-12-31,1512,1512,1512,0,2192,6.0013689253935665,100.0
06333801,2014-12-31,2020-12-31,1512,1512,1512,0,2192,6.0013689253935665,100.0
06340501,2014-12-31,2020-12-31,1512,1512,1512,0,2192,6.0013689253935665,100.0
06341701,2014-12-31,2020-12-31,1512,1512,1512,0,2192,6.0013689253935665,100.0
06342201,2014-12-31,2020-12-31,1512,1512,1512,0,2192,6.0013689253935665,100.0
06344701,2014-12-31,2020-12-31,1512,1512,1512,0,2192,6.0013689253935665,100.0
06352701,2014-12-31,2020-12-31,1512,1512,1512,0,2192,6.0013689253935665,100.0
06363901,2014-12-31,2020-12-31,1512,1512,1512,0,2192,6.0013689253935665,100.0
06364301,2014-12-31,2020-12-31,1512,1512,1512,0,2192,6.0013689253935665,100.0
06364501,2014-12-31,2020-12-31,1512,1512,1512,0,2192,6.0013689253935665,100.0
06365001,2014-12-31,2020-12-31,1512,1512,1512,0,2192,6.0013689253935665,100.0
06373901,2014-12-31,2020-12-31,1512,1512,1512,0,2192,6.0013689253935665,100.0
06376301,2014-12-31,2020-12-31,1512,1512,1512,0,2192,6.0013689253935665,100.0
06378101,2014-12-31,2020-12-31,1512,1512,1512,0,2192,6.0013689253935665,100.0
06384701,2014-12-31,2020-12-31,1512,1512,1512,0,2192,6.0013689253935665,100.0
06387601,2014-12-31,2020-12-31,1512,1512,1512,0,2192,6.0013689253935665,100.0
06389201,2014-12-31,2020-12-31,1512,1512,1512,0,2192,6.0013689253935665,100.0
06398601,2014-12-31,2020-12-31,1512,1512,1512,0,2192,6.0013689253935665,100.0
06402801,2014-12-31,2020-12-31,1512,1512,1512,0,2192,6.0013689253935665,100.0
06403001,2014-12-31,2020-12-31,1512,1512,1512,0,2192,6.0013689253935665,100.0
06406101,2014-12-31,2020-12-31,1512,1512,1512,0,2192,6.0013689253935665,100.0
06406301,2014-12-31,2020-12-31,1512,1512,1512,0,2192,6.0013689253935665,100.0
06416601,2014-12-31,2020-12-31,1512,1512,1512,0,2192,6.0013689253935665,100.0
06417501,2014-12-31,2020-12-31,1512,1512,1512,0,2192,6.0013689253935665,100.0
06425401,2014-12-31,2020-12-31,1512,1512,1512,0,2192,6.0013689253935665,100.0
06427501,2014-12-31,2020-12-31,1512,1512,1512,0,2192,6.0013689253935665,100.0
06430201,2014-12-31,2020-12-31,1512,1512,1512,0,2192,6.0013689253935665,100.0
06434401,2014-12-31,2020-12-31,1512,1512,1512,0,2192,6.0013689253935665,100.0
06438901,2014-12-31,2020-12-31,1512,1512,1512,0,2192,6.0013689253935665,100.0
06454701,2014-12-31,2020-12-31,1512,1512,1512,0,2192,6.0013689253935665,100.0
06463001,2014-12-31,2020-12-31,1512,1512,1512,0,2192,6.0013689253935665,100.0
06469001,2014-12-31,2020-12-31,1512,1512,1512,0,2192,6.0013689253935665,100.0
06469901,2014-12-31,2020-12-31,1512,1512,1512,0,2192,6.0013689253935665,100.0
06474502,2014-12-31,2020-12-31,1512,1512,1512,0,2192,6.0013689253935665,100.0
06479401,2014-12-31,2020-12-31,1512,1512,1512,0,2192,6.0013689253935665,100.0
06482101,2014-12-31,2020-12-31,1512,1512,1512,0,2192,6.0013689253935665,100.0
06489101,2014-12-31,2020-12-31,1512,1512,1512,0,2192,6.0013689253935665,100.0
06490101,2014-12-31,2020-12-31,1512,1512,1512,0,2192,6.0013689253935665,100.0
06492501,2014-12-31,2020-12-31,1512,1512,1512,0,2192,6.0013689253935665,100.0
06492901,2014-12-31,2020-12-31,1512,1512,1512,0,2192,6.0013689253935665,100.0
06497901,2014-12-31,2020-12-31,1512,1512,1512,0,2192,6.0013689253935665,100.0
06499701,2014-12-31,2020-12-31,1512,1512,1512,0,2192,6.0013689253935665,100.0
06500901,2014-12-31,2020-12-31,1512,1512,1512,0,2192,6.0013689253935665,100.0
06501101,2014-12-31,2020-12-31,1512,1512,1512,0,2192,6.0013689253935665,100.0
06510601,2014-12-31,2020-12-31,1512,1512,1512,0,2192,6.0013689253935665,100.0
06510801,2014-12-31,2020-12-31,1512,1512,1512,0,2192,6.0013689253935665,100.0
06522602,2014-12-31,2020-12-31,1512,1512,1512,0,2192,6.0013689253935665,100.0
06522801,2014-12-31,2020-12-31,1512,1512,1512,0,2192,6.0013689253935665,100.0
06523501,2014-12-31,2020-12-31,1512,1512,1512,0,2192,6.0013689253935665,100.0
06529001,2014-12-31,2020-12-31,1512,1512,1512,0,2192,6.0013689253935665,100.0
06534301,2014-12-31,2020-12-31,1512,1512,1512,0,2192,6.0013689253935665,100.0
06539901,2014-12-31,2020-12-31,1512,1512,1512,0,2192,6.0013689253935665,100.0
06540601,2014-12-31,2020-12-31,1512,1512,1512,0,2192,6.0013689253935665,100.0
06541701,2014-12-31,2020-12-31,1512,1512,1512,0,2192,6.0013689253935665,100.0
06543001,2014-12-31,2020-12-31,1512,1512,1512,0,2192,6.0013689253935665,100.0
06550001,2014-12-31,2020-12-31,1512,1512,1512,0,2192,6.0013689253935665,100.0
06555601,2014-12-31,2020-12-31,1512,1512,1512,0,2192,6.0013689253935665,100.0
06558702,2014-12-31,2020-12-31,1512,1512,1512,0,2192,6.0013689253935665,100.0
06560901,2014-12-31,2020-12-31,1512,1512,1512,0,2192,6.0013689253935665,100.0
06561501,2014-12-31,2020-12-31,1512,1512,1512,0,2192,6.0013689253935665,100.0
06571801,2014-12-31,2020-12-31,1512,1512,1512,0,2192,6.0013689253935665,100.0
06583101,2014-12-31,2020-12-31,1512,1512,1512,0,2192,6.0013689253935665,100.0
06588601,2014-12-31,2020-12-31,1512,1512,1512,0,2192,6.0013689253935665,100.0
06601601,2014-12-31,2020-12-31,1512,1512,1512,0,2192,6.0013689253935665,100.0
06603201,2014-12-31,2020-12-31,1512,1512,1512,0,2192,6.0013689253935665,100.0
06606501,2014-12-31,2020-12-31,1512,1512,1512,0,2192,6.0013689253935665,100.0
06623501,2014-12-31,2020-12-31,1512,1512,1512,0,2192,6.0013689253935665,100.0
06628501,2014-12-31,2020-12-31,1512,1512,1512,0,2192,6.0013689253935665,100.0
06629001,2014-12-31,2020-12-31,1512,1512,1512,0,2192,6.0013689253935665,100.0
06635401,2014-12-31,2020-12-31,1512,1512,1512,0,2192,6.0013689253935665,100.0
06636801,2014-12-31,2020-12-31,1512,1512,1512,0,2192,6.0013689253935665,100.0
06637901,2014-12-31,2020-12-31,1512,1512,1512,0,2192,6.0013689253935665,100.0
06644601,2014-12-31,2020-12-31,1512,1512,1512,0,2192,6.0013689253935665,100.0
06658601,2014-12-31,2020-12-31,1512,1512,1512,0,2192,6.0013689253935665,100.0
06659901,2014-12-31,2020-12-31,1512,1512,1512,0,2192,6.0013689253935665,100.0
06668601,2014-12-31,2020-12-31,1512,1512,1512,0,2192,6.0013689253935665,100.0
06673101,2014-12-31,2020-12-31,1512,1512,1512,0,2192,6.0013689253935665,100.0
10087303,2014-12-31,2020-12-31,1512,1512,1512,0,2192,6.0013689253935665,100.0
10536501,2014-12-31,2020-12-31,1512,1512,1512,0,2192,6.0013689253935665,100.0
10567001,2014-12-31,2020-12-31,1512,1512,1512,0,2192,6.0013689253935665,100.0
10586101,2014-12-31,2020-12-31,1512,1512,1512,0,2192,6.0013689253935665,100.0
10593601,2014-12-31,2020-12-31,1512,1512,1512,0,2192,6.0013689253935665,100.0
10832601,2014-12-31,2020-12-31,1512,1512,1512,0,2192,6.0013689253935665,100.0
10876801,2014-12-31,2020-12-31,1512,1512,1512,0,2192,6.0013689253935665,100.0
10918301,2014-12-31,2020-12-31,1512,1512,1512,0,2192,6.0013689253935665,100.0
10962101,2014-12-31,2020-12-31,1512,1512,1512,0,2192,6.0013689253935665,100.0
11003901,2014-12-31,2020-12-31,1512,1512,1512,0,2192,6.0013689253935665,100.0
11017901,2014-12-31,2020-12-31,1512,1512,1512,0,2192,6.0013689253935665,100.0
11056601,2014-12-31,2020-12-31,1512,1512,1512,0,2192,6.0013689253935665,100.0
11073201,2014-12-31,2020-12-31,1512,1512,1512,0,2192,6.0013689253935665,100.0
11148601,2014-12-31,2020-12-31,1512,1512,1512,0,2192,6.0013689253935665,100.0
11172101,2014-12-31,2020-12-31,1512,1512,1512,0,2192,6.0013689253935665,100.0
11186401,2014-12-31,2020-12-31,1512,1512,1512,0,2192,6.0013689253935665,100.0
11188001,2014-12-31,2020-12-31,1512,1512,1512,0,2192,6.0013689253935665,100.0
11216801,2014-12-31,2020-12-31,1512,1512,1512,0,2192,6.0013689253935665,100.0
11272101,2014-12-31,2020-12-31,1512,1512,1512,0,2192,6.0013689253935665,100.0
11287601,2014-12-31,2020-12-31,1512,1512,1512,0,2192,6.0013689253935665,100.0
11349001,2014-12-31,2020-12-31,1512,1512,1512,0,2192,6.0013689253935665,100.0
11452401,2014-12-31,2020-12-31,1512,1512,1512,0,2192,6.0013689253935665,100.0
11462801,2014-12-31,2020-12-31,1512,1512,1512,0,2192,6.0013689253935665,100.0
11575701,2014-12-31,2020-12-31,1512,1512,1512,0,2192,6.0013689253935665,100.0
11587601,2014-12-31,2020-12-31,1512,1512,1512,0,2192,6.0013689253935665,100.0
11602901,2014-12-31,2020-12-31,1512,1512,1512,0,2192,6.0013689253935665,100.0
11677201,2014-12-31,2020-12-31,1512,1512,1512,0,2192,6.0013689253935665,100.0
11703601,2014-12-31,2020-12-31,1512,1512,1512,0,2192,6.0013689253935665,100.0
11714101,2014-12-31,2020-12-31,1512,1512,1512,0,2192,6.0013689253935665,100.0
11716101,2014-12-31,2020-12-31,1512,1512,1512,0,2192,6.0013689253935665,100.0
11776801,2014-12-31,2020-12-31,1512,1512,1512,0,2192,6.0013689253935665,100.0
11786101,2014-12-31,2020-12-31,1512,1512,1512,0,2192,6.0013689253935665,100.0
11790201,2014-12-31,2020-12-31,1512,1512,1512,0,2192,6.0013689253935665,100.0
11804201,2014-12-31,2020-12-31,1512,1512,1512,0,2192,6.0013689253935665,100.0
11812204,2014-12-31,2020-12-31,1512,1512,1512,0,2192,6.0013689253935665,100.0
11822301,2014-12-31,2020-12-31,1512,1512,1512,0,2192,6.0013689253935665,100.0
11826701,2014-12-31,2020-12-31,1512,1512,1512,0,2192,6.0013689253935665,100.0
11927501,2014-12-31,2020-12-31,1512,1512,1512,0,2192,6.0013689253935665,100.0
11931401,2014-12-31,2020-12-31,1512,1512,1512,0,2192,6.0013689253935665,100.0
11941401,2014-12-31,2020-12-31,1512,1512,1512,0,2192,6.0013689253935665,100.0
12009301,2014-12-31,2020-12-31,1512,1512,1512,0,2192,6.0013689253935665,100.0
12031801,2014-12-31,2020-12-31,1512,1512,1512,0,2192,6.0013689253935665,100.0
12033401,2014-12-31,2020-12-31,1512,1512,1512,0,2192,6.0013689253935665,100.0
12044401,2014-12-31,2020-12-31,1512,1512,1512,0,2192,6.0013689253935665,100.0
12079401,2014-12-31,2020-12-31,1512,1512,1512,0,2192,6.0013689253935665,100.0
12082402,2014-12-31,2020-12-31,1512,1512,1512,0,2192,6.0013689253935665,100.0
12138201,2014-12-31,2020-12-31,1512,1512,1512,0,2192,6.0013689253935665,100.0
12171801,2014-12-31,2020-12-31,1512,1512,1512,0,2192,6.0013689253935665,100.0
12207801,2014-12-31,2020-12-31,1512,1512,1512,0,2192,6.0013689253935665,100.0
12217201,2014-12-31,2020-12-31,1512,1512,1512,0,2192,6.0013689253935665,100.0
12238001,2014-12-31,2020-12-31,1512,1512,1512,0,2192,6.0013689253935665,100.0
12239401,2014-12-31,2020-12-31,1512,1512,1512,0,2192,6.0013689253935665,100.0
12291501,2014-12-31,2020-12-31,1512,1512,1512,0,2192,6.0013689253935665,100.0
12345501,2014-12-31,2020-12-31,1512,1512,1512,0,2192,6.0013689253935665,100.0
12443401,2014-12-31,2020-12-31,1512,1512,1512,0,2192,6.0013689253935665,100.0
12477501,2014-12-31,2020-12-31,1512,1512,1512,0,2192,6.0013689253935665,100.0
12524001,2014-12-31,2020-12-31,1512,1512,1512,0,2192,6.0013689253935665,100.0
12629602,2014-12-31,2020-12-31,1512,1512,1512,0,2192,6.0013689253935665,100.0
12655401,2014-12-31,2020-12-31,1512,1512,1512,0,2192,6.0013689253935665,100.0
12737701,2014-12-31,2020-12-31,1512,1512,1512,0,2192,6.0013689253935665,100.0
12897801,2014-12-31,2020-12-31,1512,1512,1512,0,2192,6.0013689253935665,100.0
12946601,2014-12-31,2020-12-31,1512,1512,1512,0,2192,6.0013689253935665,100.0
13336701,2014-12-31,2020-12-31,1512,1512,1512,0,2192,6.0013689253935665,100.0
13350401,2014-12-31,2020-12-31,1512,1512,1512,0,2192,6.0013689253935665,100.0
13372601,2014-12-31,2020-12-31,1512,1512,1512,0,2192,6.0013689253935665,100.0
13376601,2014-12-31,2020-12-31,1512,1512,1512,0,2192,6.0013689253935665,100.0
13376801,2014-12-31,2020-12-31,1512,1512,1512,0,2192,6.0013689253935665,100.0
13430501,2014-12-31,2020-12-31,1512,1512,1512,0,2192,6.0013689253935665,100.0
13548401,2014-12-31,2020-12-31,1512,1512,1512,0,2192,6.0013689253935665,100.0
13578802,2014-12-31,2020-12-31,1512,1512,1512,0,2192,6.0013689253935665,100.0
13599003,2014-12-31,2020-12-31,1512,1512,1512,0,2192,6.0013689253935665,100.0
13626501,2014-12-31,2020-12-31,1512,1512,1512,0,2192,6.0013689253935665,100.0
13664802,2014-12-31,2020-12-31,1512,1512,1512,0,2192,6.0013689253935665,100.0
13668401,2014-12-31,2020-12-31,1512,1512,1512,0,2192,6.0013689253935665,100.0
13731001,2014-12-31,2020-12-31,1512,1512,1512,0,2192,6.0013689253935665,100.0
13735101,2014-12-31,2020-12-31,1512,1512,1512,0,2192,6.0013689253935665,100.0
13757301,2014-12-31,2020-12-31,1512,1512,1512,0,2192,6.0013689253935665,100.0
13794301,2014-12-31,2020-12-31,1512,1512,1512,0,2192,6.0013689253935665,100.0
13812201,2014-12-31,2020-12-31,1512,1512,1512,0,2192,6.0013689253935665,100.0
13820501,2014-12-31,2020-12-31,1512,1512,1512,0,2192,6.0013689253935665,100.0
13848301,2014-12-31,2020-12-31,1512,1512,1512,0,2192,6.0013689253935665,100.0
13874301,2014-12-31,2020-12-31,1512,1512,1512,0,2192,6.0013689253935665,100.0
13902501,2014-12-31,2020-12-31,1512,1512,1512,0,2192,6.0013689253935665,100.0
13966501,2014-12-31,2020-12-31,1512,1512,1512,0,2192,6.0013689253935665,100.0
14007301,2014-12-31,2020-12-31,1512,1512,1512,0,2192,6.0013689253935665,100.0
14054101,2014-12-31,2020-12-31,1512,1512,1512,0,2192,6.0013689253935665,100.0
14098801,2014-12-31,2020-12-31,1512,1512,1512,0,2192,6.0013689253935665,100.0
14136301,2014-12-31,2020-12-31,1512,1512,1512,0,2192,6.0013689253935665,100.0
14145901,2014-12-31,2020-12-31,1512,1512,1512,0,2192,6.0013689253935665,100.0
14146001,2014-12-31,2020-12-31,1512,1512,1512,0,2192,6.0013689253935665,100.0
14191301,2014-12-31,2020-12-31,1512,1512,1512,0,2192,6.0013689253935665,100.0
14223001,2014-12-31,2020-12-31,1512,1512,1512,0,2192,6.0013689253935665,100.0
14226001,2014-12-31,2020-12-31,1512,1512,1512,0,2192,6.0013689253935665,100.0
14233702,2014-12-31,2020-12-31,1512,1512,1512,0,2192,6.0013689253935665,100.0
14295301,2014-12-31,2020-12-31,1512,1512,1512,0,2192,6.0013689253935665,100.0
14335601,2014-12-31,2020-12-31,1512,1512,1512,0,2192,6.0013689253935665,100.0
14335701,2014-12-31,2020-12-31,1512,1512,1512,0,2192,6.0013689253935665,100.0
14397401,2014-12-31,2020-12-31,1512,1512,1512,0,2192,6.0013689253935665,100.0
14400901,2014-12-31,2020-12-31,1512,1512,1512,0,2192,6.0013689253935665,100.0
14443501,2014-12-31,2020-12-31,1512,1512,1512,0,2192,6.0013689253935665,100.0
14443601,2014-12-31,2020-12-31,1512,1512,1512,0,2192,6.0013689253935665,100.0
14455901,2014-12-31,2020-12-31,1512,1512,1512,0,2192,6.0013689253935665,100.0
14464001,2014-12-31,2020-12-31,1512,1512,1512,0,2192,6.0013689253935665,100.0
14499801,2014-12-31,2020-12-31,1512,1512,1512,0,2192,6.0013689253935665,100.0
14504601,2014-12-31,2020-12-31,1512,1512,1512,0,2192,6.0013689253935665,100.0
14504901,2014-12-31,2020-12-31,1512,1512,1512,0,2192,6.0013689253935665,100.0
14530801,2014-12-31,2020-12-31,1512,1512,1512,0,2192,6.0013689253935665,100.0
14570101,2014-12-31,2020-12-31,1512,1512,1512,0,2192,6.0013689253935665,100.0
14597701,2014-12-31,2020-12-31,1512,1512,1512,0,2192,6.0013689253935665,100.0
14601701,2014-12-31,2020-12-31,1512,1512,1512,0,2192,6.0013689253935665,100.0
14617101,2014-12-31,2020-12-31,1512,1512,1512,0,2192,6.0013689253935665,100.0
14720401,2014-12-31,2020-12-31,1512,1512,1512,0,2192,6.0013689253935665,100.0
14724201,2014-12-31,2020-12-31,1512,1512,1512,0,2192,6.0013689253935665,100.0
14739801,2014-12-31,2020-12-31,1512,1512,1512,0,2192,6.0013689253935665,100.0
14770801,2014-12-31,2020-12-31,1512,1512,1512,0,2192,6.0013689253935665,100.0
14784901,2014-12-31,2020-12-31,1512,1512,1512,0,2192,6.0013689253935665,100.0
14798801,2014-12-31,2020-12-31,1512,1512,1512,0,2192,6.0013689253935665,100.0
14821901,2014-12-31,2020-12-31,1512,1512,1512,0,2192,6.0013689253935665,100.0
14834901,2014-12-31,2020-12-31,1512,1512,1512,0,2192,6.0013689253935665,100.0
14846901,2014-12-31,2020-12-31,1512,1512,1512,0,2192,6.0013689253935665,100.0
14895001,2014-12-31,2020-12-31,1512,1512,1512,0,2192,6.0013689253935665,100.0
14907001,2014-12-31,2020-12-31,1512,1512,1512,0,2192,6.0013689253935665,100.0
14917701,2014-12-31,2020-12-31,1512,1512,1512,0,2192,6.0013689253935665,100.0
14931801,2014-12-31,2020-12-31,1512,1512,1512,0,2192,6.0013689253935665,100.0
14933701,2014-12-31,2020-12-31,1512,1512,1512,0,2192,6.0013689253935665,100.0
14961801,2014-12-31,2020-12-31,1512,1512,1512,0,2192,6.0013689253935665,100.0
14973806,2014-12-31,2020-12-31,1512,1512,1512,0,2192,6.0013689253935665,100.0
15013901,2014-12-31,2020-12-31,1512,1512,1512,0,2192,6.0013689253935665,100.0
15020101,2014-12-31,2020-12-31,1512,1512,1512,0,2192,6.0013689253935665,100.0
15027801,2014-12-31,2020-12-31,1512,1512,1512,0,2192,6.0013689253935665,100.0
15027901,2014-12-31,2020-12-31,1512,1512,1512,0,2192,6.0013689253935665,100.0
15047701,2014-12-31,2020-12-31,1512,1512,1512,0,2192,6.0013689253935665,100.0
15069901,2014-12-31,2020-12-31,1512,1512,1512,0,2192,6.0013689253935665,100.0
15083701,2014-12-31,2020-12-31,1512,1512,1512,0,2192,6.0013689253935665,100.0
15093701,2014-12-31,2020-12-31,1512,1512,1512,0,2192,6.0013689253935665,100.0
15313001,2014-12-31,2020-12-31,1512,1512,1512,0,2192,6.0013689253935665,100.0
15403901,2014-12-31,2020-12-31,1512,1512,1512,0,2192,6.0013689253935665,100.0
15435701,2014-12-31,2020-12-31,1512,1512,1512,0,2192,6.0013689253935665,100.0
15528001,2014-12-31,2020-12-31,1512,1512,1512,0,2192,6.0013689253935665,100.0
15539402,2014-12-31,2020-12-31,1512,1512,1512,0,2192,6.0013689253935665,100.0
15573801,2014-12-31,2020-12-31,1512,1512,1512,0,2192,6.0013689253935665,100.0
15615301,2014-12-31,2020-12-31,1512,1512,1512,0,2192,6.0013689253935665,100.0
15615501,2014-12-31,2020-12-31,1512,1512,1512,0,2192,6.0013689253935665,100.0
15638301,2014-12-31,2020-12-31,1512,1512,1512,0,2192,6.0013689253935665,100.0
15661401,2014-12-31,2020-12-31,1512,1512,1512,0,2192,6.0013689253935665,100.0
15686101,2014-12-31,2020-12-31,1512,1512,1512,0,2192,6.0013689253935665,100.0
15695301,2014-12-31,2020-12-31,1512,1512,1512,0,2192,6.0013689253935665,100.0
15705701,2014-12-31,2020-12-31,1512,1512,1512,0,2192,6.0013689253935665,100.0
15715301,2014-12-31,2020-12-31,1512,1512,1512,0,2192,6.0013689253935665,100.0
15735401,2014-12-31,2020-12-31,1512,1512,1512,0,2192,6.0013689253935665,100.0
15785501,2014-12-31,2020-12-31,1512,1512,1512,0,2192,6.0013689253935665,100.0
15795501,2014-12-31,2020-12-31,1512,1512,1512,0,2192,6.0013689253935665,100.0
15835401,2014-12-31,2020-12-31,1512,1512,1512,0,2192,6.0013689253935665,100.0
15873701,2014-12-31,2020-12-31,1512,1512,1512,0,2192,6.0013689253935665,100.0
15874201,2014-12-31,2020-12-31,1512,1512,1512,0,2192,6.0013689253935665,100.0
15874301,2014-12-31,2020-12-31,1512,1512,1512,0,2192,6.0013689253935665,100.0
16020701,2014-12-31,2020-12-31,1512,1512,1512,0,2192,6.0013689253935665,100.0
16021102,2014-12-31,2020-12-31,1512,1512,1512,0,2192,6.0013689253935665,100.0
16022501,2014-12-31,2020-12-31,1512,1512,1512,0,2192,6.0013689253935665,100.0
16023301,2014-12-31,2020-12-31,1512,1512,1512,0,2192,6.0013689253935665,100.0
16032901,2014-12-31,2020-12-31,1512,1512,1512,0,2192,6.0013689253935665,100.0
16032903,2014-12-31,2020-12-31,1512,1512,1512,0,2192,6.0013689253935665,100.0
16034101,2014-12-31,2020-12-31,1512,1512,1512,0,2192,6.0013689253935665,100.0
16037301,2014-12-31,2020-12-31,1512,1512,1512,0,2192,6.0013689253935665,100.0
16037601,2014-12-31,2020-12-31,1512,1512,1512,0,2192,6.0013689253935665,100.0
16047901,2014-12-31,2020-12-31,1512,1512,1512,0,2192,6.0013689253935665,100.0
16054101,2014-12-31,2020-12-31,1512,1512,1512,0,2192,6.0013689253935665,100.0
16054901,2014-12-31,2020-12-31,1512,1512,1512,0,2192,6.0013689253935665,100.0
16054905,2014-12-31,2020-12-31,1512,1512,1512,0,2192,6.0013689253935665,100.0
16062101,2014-12-31,2020-12-31,1512,1512,1512,0,2192,6.0013689253935665,100.0
16068102,2014-12-31,2020-12-31,1512,1512,1512,0,2192,6.0013689253935665,100.0
16068402,2014-12-31,2020-12-31,1512,1512,1512,0,2192,6.0013689253935665,100.0
16077601,2014-12-31,2020-12-31,1512,1512,1512,0,2192,6.0013689253935665,100.0
16078501,2014-12-31,2020-12-31,1512,1512,1512,0,2192,6.0013689253935665,100.0
16088801,2014-12-31,2020-12-31,1512,1512,1512,0,2192,6.0013689253935665,100.0
16089301,2014-12-31,2020-12-31,1512,1512,1512,0,2192,6.0013689253935665,100.0
16091301,2014-12-31,2020-12-31,1512,1512,1512,0,2192,6.0013689253935665,100.0
16099101,2014-12-31,2020-12-31,1512,1512,1512,0,2192,6.0013689253935665,100.0
16112001,2014-12-31,2020-12-31,1512,1512,1512,0,2192,6.0013689253935665,100.0
16184401,2014-12-31,2020-12-31,1512,1512,1512,0,2192,6.0013689253935665,100.0
16185301,2014-12-31,2020-12-31,1512,1512,1512,0,2192,6.0013689253935665,100.0
16196601,2014-12-31,2020-12-31,1512,1512,1512,0,2192,6.0013689253935665,100.0
16212701,2014-12-31,2020-12-31,1512,1512,1512,0,2192,6.0013689253935665,100.0
16212901,2014-12-31,2020-12-31,1512,1512,1512,0,2192,6.0013689253935665,100.0
16216001,2014-12-31,2020-12-31,1512,1512,1512,0,2192,6.0013689253935665,100.0
16225401,2014-12-31,2020-12-31,1512,1512,1512,0,2192,6.0013689253935665,100.0
16226401,2014-12-31,2020-12-31,1512,1512,1512,0,2192,6.0013689253935665,100.0
16233801,2014-12-31,2020-12-31,1512,1512,1512,0,2192,6.0013689253935665,100.0
16235401,2014-12-31,2020-12-31,1512,1512,1512,0,2192,6.0013689253935665,100.0
16238701,2014-12-31,2020-12-31,1512,1512,1512,0,2192,6.0013689253935665,100.0
16240101,2014-12-31,2020-12-31,1512,1512,1512,0,2192,6.0013689253935665,100.0
16240401,2014-12-31,2020-12-31,1512,1512,1512,0,2192,6.0013689253935665,100.0
16255901,2014-12-31,2020-12-31,1512,1512,1512,0,2192,6.0013689253935665,100.0
16273501,2014-12-31,2020-12-31,1512,1512,1512,0,2192,6.0013689253935665,100.0
16287601,2014-12-31,2020-12-31,1512,1512,1512,0,2192,6.0013689253935665,100.0
16289401,2014-12-31,2020-12-31,1512,1512,1512,0,2192,6.0013689253935665,100.0
16290601,2014-12-31,2020-12-31,1512,1512,1512,0,2192,6.0013689253935665,100.0
16303601,2014-12-31,2020-12-31,1512,1512,1512,0,2192,6.0013689253935665,100.0
16311301,2014-12-31,2020-12-31,1512,1512,1512,0,2192,6.0013689253935665,100.0
16361001,2014-12-31,2020-12-31,1512,1512,1512,0,2192,6.0013689253935665,100.0
16389101,2014-12-31,2020-12-31,1512,1512,1512,0,2192,6.0013689253935665,100.0
16392001,2014-12-31,2020-12-31,1512,1512,1512,0,2192,6.0013689253935665,100.0
16392402,2014-12-31,2020-12-31,1512,1512,1512,0,2192,6.0013689253935665,100.0
16393501,2014-12-31,2020-12-31,1512,1512,1512,0,2192,6.0013689253935665,100.0
16394601,2014-12-31,2020-12-31,1512,1512,1512,0,2192,6.0013689253935665,100.0
16411601,2014-12-31,2020-12-31,1512,1512,1512,0,2192,6.0013689253935665,100.0
16429601,2014-12-31,2020-12-31,1512,1512,1512,0,2192,6.0013689253935665,100.0
16436303,2014-12-31,2020-12-31,1512,1512,1512,0,2192,6.0013689253935665,100.0
16436401,2014-12-31,2020-12-31,1512,1512,1512,0,2192,6.0013689253935665,100.0
16447102,2014-12-31,2020-12-31,1512,1512,1512,0,2192,6.0013689253935665,100.0
16449401,2014-12-31,2020-12-31,1512,1512,1512,0,2192,6.0013689253935665,100.0
16450602,2014-12-31,2020-12-31,1512,1512,1512,0,2192,6.0013689253935665,100.0
16455701,2014-12-31,2020-12-31,1512,1512,1512,0,2192,6.0013689253935665,100.0
16457201,2014-12-31,2020-12-31,1512,1512,1512,0,2192,6.0013689253935665,100.0
16463301,2014-12-31,2020-12-31,1512,1512,1512,0,2192,6.0013689253935665,100.0
16465201,2014-12-31,2020-12-31,1512,1512,1512,0,2192,6.0013689253935665,100.0
16466001,2014-12-31,2020-12-31,1512,1512,1512,0,2192,6.0013689253935665,100.0
16470801,2014-12-31,2020-12-31,1512,1512,1512,0,2192,6.0013689253935665,100.0
16505101,2014-12-31,2020-12-31,1512,1512,1512,0,2192,6.0013689253935665,100.0
16512301,2014-12-31,2020-12-31,1512,1512,1512,0,2192,6.0013689253935665,100.0
16526201,2014-12-31,2020-12-31,1512,1512,1512,0,2192,6.0013689253935665,100.0
16526401,2014-12-31,2020-12-31,1512,1512,1512,0,2192,6.0013689253935665,100.0
16546601,2014-12-31,2020-12-31,1512,1512,1512,0,2192,6.0013689253935665,100.0
16564901,2014-12-31,2020-12-31,1512,1512,1512,0,2192,6.0013689253935665,100.0
16567801,2014-12-31,2020-12-31,1512,1512,1512,0,2192,6.0013689253935665,100.0
16584601,2014-12-31,2020-12-31,1512,1512,1512,0,2192,6.0013689253935665,100.0
16585601,2014-12-31,2020-12-31,1512,1512,1512,0,2192,6.0013689253935665,100.0
16599301,2014-12-31,2020-12-31,1512,1512,1512,0,2192,6.0013689253935665,100.0
16623001,2014-12-31,2020-12-31,1512,1512,1512,0,2192,6.0013689253935665,100.0
16636801,2014-12-31,2020-12-31,1512,1512,1512,0,2192,6.0013689253935665,100.0
16648201,2014-12-31,2020-12-31,1512,1512,1512,0,2192,6.0013689253935665,100.0
16656201,2014-12-31,2020-12-31,1512,1512,1512,0,2192,6.0013689253935665,100.0
16656301,2014-12-31,2020-12-31,1512,1512,1512,0,2192,6.0013689253935665,100.0
17033501,2014-12-31,2020-12-31,1512,1512,1512,0,2192,6.0013689253935665,100.0
17039601,2014-12-31,2020-12-31,1512,1512,1512,0,2192,6.0013689253935665,100.0
17052701,2014-12-31,2020-12-31,1512,1512,1512,0,2192,6.0013689253935665,100.0
17055501,2014-12-31,2020-12-31,1512,1512,1512,0,2192,6.0013689253935665,100.0
17061601,2014-12-31,2020-12-31,1512,1512,1512,0,2192,6.0013689253935665,100.0
17061701,2014-12-31,2020-12-31,1512,1512,1512,0,2192,6.0013689253935665,100.0
17075001,2014-12-31,2020-12-31,1512,1512,1512,0,2192,6.0013689253935665,100.0
17075801,2014-12-31,2020-12-31,1512,1512,1512,0,2192,6.0013689253935665,100.0
17084101,2014-12-31,2020-12-31,1512,1512,1512,0,2192,6.0013689253935665,100.0
17102301,2014-12-31,2020-12-31,1512,1512,1512,0,2192,6.0013689253935665,100.0
17104901,2014-12-31,2020-12-31,1512,1512,1512,0,2192,6.0013689253935665,100.0
17402202,2014-12-31,2020-12-31,1512,1512,1512,0,2192,6.0013689253935665,100.0
17404901,2014-12-31,2020-12-31,1512,1512,1512,0,2192,6.0013689253935665,100.0
17414701,2014-12-31,2020-12-31,1512,1512,1512,0,2192,6.0013689253935665,100.0
17423601,2014-12-31,2020-12-31,1512,1512,1512,0,2192,6.0013689253935665,100.0
17431001,2014-12-31,2020-12-31,1512,1512,1512,0,2192,6.0013689253935665,100.0
17463701,2014-12-31,2020-12-31,1512,1512,1512,0,2192,6.0013689253935665,100.0
17464701,2014-12-31,2020-12-31,1512,1512,1512,0,2192,6.0013689253935665,100.0
17472901,2014-12-31,2020-12-31,1512,1512,1512,0,2192,6.0013689253935665,100.0
17474401,2014-12-31,2020-12-31,1512,1512,1512,0,2192,6.0013689253935665,100.0
17500401,2014-12-31,2020-12-31,1512,1512,1512,0,2192,6.0013689253935665,100.0
17500701,2014-12-31,2020-12-31,1512,1512,1512,0,2192,6.0013689253935665,100.0
17526301,2014-12-31,2020-12-31,1512,1512,1512,0,2192,6.0013689253935665,100.0
17531901,2014-12-31,2020-12-31,1512,1512,1512,0,2192,6.0013689253935665,100.0
17568601,2014-12-31,2020-12-31,1512,1512,1512,0,2192,6.0013689253935665,100.0
17568901,2014-12-31,2020-12-31,1512,1512,1512,0,2192,6.0013689253935665,100.0
17595501,2014-12-31,2020-12-31,1512,1512,1512,0,2192,6.0013689253935665,100.0
17602201,2014-12-31,2020-12-31,1512,1512,1512,0,2192,6.0013689253935665,100.0
17624701,2014-12-31,2020-12-31,1512,1512,1512,0,2192,6.0013689253935665,100.0
17652301,2014-12-31,2020-12-31,1512,1512,1512,0,2192,6.0013689253935665,100.0
17659101,2014-12-31,2020-12-31,1512,1512,1512,0,2192,6.0013689253935665,100.0
17670101,2014-12-31,2020-12-31,1512,1512,1512,0,2192,6.0013689253935665,100.0
17672501,2014-12-31,2020-12-31,1512,1512,1512,0,2192,6.0013689253935665,100.0
17676001,2014-12-31,2020-12-31,1512,1512,1512,0,2192,6.0013689253935665,100.0
17676601,2014-12-31,2020-12-31,1512,1512,1512,0,2192,6.0013689253935665,100.0
17691401,2014-12-31,2020-12-31,1512,1512,1512,0,2192,6.0013689253935665,100.0
17692801,2014-12-31,2020-12-31,1512,1512,1512,0,2192,6.0013689253935665,100.0
17706701,2014-12-31,2020-12-31,1512,1512,1512,0,2192,6.0013689253935665,100.0
17708801,2014-12-31,2020-12-31,1512,1512,1512,0,2192,6.0013689253935665,100.0
17710801,2014-12-31,2020-12-31,1512,1512,1512,0,2192,6.0013689253935665,100.0
17711101,2014-12-31,2020-12-31,1512,1512,1512,0,2192,6.0013689253935665,100.0
17721601,2014-12-31,2020-12-31,1512,1512,1512,0,2192,6.0013689253935665,100.0
17726702,2014-12-31,2020-12-31,1512,1512,1512,0,2192,6.0013689253935665,100.0
17737602,2014-12-31,2020-12-31,1512,1512,1512,0,2192,6.0013689253935665,100.0
17763701,2014-12-31,2020-12-31,1512,1512,1512,0,2192,6.0013689253935665,100.0
17778201,2014-12-31,2020-12-31,1512,1512,1512,0,2192,6.0013689253935665,100.0
17787101,2014-12-31,2020-12-31,1512,1512,1512,0,2192,6.0013689253935665,100.0
17788101,2014-12-31,2020-12-31,1512,1512,1512,0,2192,6.0013689253935665,100.0
17788401,2014-12-31,2020-12-31,1512,1512,1512,0,2192,6.0013689253935665,100.0
17796601,2014-12-31,2020-12-31,1512,1512,1512,0,2192,6.0013689253935665,100.0
17798301,2014-12-31,2020-12-31,1512,1512,1512,0,2192,6.0013689253935665,100.0
17808101,2014-12-31,2020-12-31,1512,1512,1512,0,2192,6.0013689253935665,100.0
17808301,2014-12-31,2020-12-31,1512,1512,1512,0,2192,6.0013689253935665,100.0
17814801,2014-12-31,2020-12-31,1512,1512,1512,0,2192,6.0013689253935665,100.0
17837102,2014-12-31,2020-12-31,1512,1512,1512,0,2192,6.0013689253935665,100.0
17850701,2014-12-31,2020-12-31,1512,1512,1512,0,2192,6.0013689253935665,100.0
17851901,2014-12-31,2020-12-31,1512,1512,1512,0,2192,6.0013689253935665,100.0
17852901,2014-12-31,2020-12-31,1512,1512,1512,0,2192,6.0013689253935665,100.0
17855201,2014-12-31,2020-12-31,1512,1512,1512,0,2192,6.0013689253935665,100.0
17867201,2014-12-31,2020-12-31,1512,1512,1512,0,2192,6.0013689253935665,100.0
17870401,2014-12-31,2020-12-31,1512,1512,1512,0,2192,6.0013689253935665,100.0
17880301,2014-12-31,2020-12-31,1512,1512,1512,0,2192,6.0013689253935665,100.0
17881401,2014-12-31,2020-12-31,1512,1512,1512,0,2192,6.0013689253935665,100.0
17882301,2014-12-31,2020-12-31,1512,1512,1512,0,2192,6.0013689253935665,100.0
17883401,2014-12-31,2020-12-31,1512,1512,1512,0,2192,6.0013689253935665,100.0
17887701,2014-12-31,2020-12-31,1512,1512,1512,0,2192,6.0013689253935665,100.0
17899701,2014-12-31,2020-12-31,1512,1512,1512,0,2192,6.0013689253935665,100.0
17906001,2014-12-31,2020-12-31,1512,1512,1512,0,2192,6.0013689253935665,100.0
17908701,2014-12-31,2020-12-31,1512,1512,1512,0,2192,6.0013689253935665,100.0
17920201,2014-12-31,2020-12-31,1512,1512,1512,0,2192,6.0013689253935665,100.0
17929801,2014-12-31,2020-12-31,1512,1512,1512,0,2192,6.0013689253935665,100.0
17943701,2014-12-31,2020-12-31,1512,1512,1512,0,2192,6.0013689253935665,100.0
17944101,2014-12-31,2020-12-31,1512,1512,1512,0,2192,6.0013689253935665,100.0
17953401,2014-12-31,2020-12-31,1512,1512,1512,0,2192,6.0013689253935665,100.0
17957701,2014-12-31,2020-12-31,1512,1512,1512,0,2192,6.0013689253935665,100.0
17962101,2014-12-31,2020-12-31,1512,1512,1512,0,2192,6.0013689253935665,100.0
17965701,2014-12-31,2020-12-31,1512,1512,1512,0,2192,6.0013689253935665,100.0
17967101,2014-12-31,2020-12-31,1512,1512,1512,0,2192,6.0013689253935665,100.0
17974101,2014-12-31,2020-12-31,1512,1512,1512,0,2192,6.0013689253935665,100.0
17981901,2014-12-31,2020-12-31,1512,1512,1512,0,2192,6.0013689253935665,100.0
17984301,2014-12-31,2020-12-31,1512,1512,1512,0,2192,6.0013689253935665,100.0
17988901,2014-12-31,2020-12-31,1512,1512,1512,0,2192,6.0013689253935665,100.0
17995701,2014-12-31,2020-12-31,1512,1512,1512,0,2192,6.0013689253935665,100.0
18019301,2014-12-31,2020-12-31,1512,1512,1512,0,2192,6.0013689253935665,100.0
18040501,2014-12-31,2020-12-31,1512,1512,1512,0,2192,6.0013689253935665,100.0
18042301,2014-12-31,2020-12-31,1512,1512,1512,0,2192,6.0013689253935665,100.0
18046601,2014-12-31,2020-12-31,1512,1512,1512,0,2192,6.0013689253935665,100.0
18047401,2014-12-31,2020-12-31,1512,1512,1512,0,2192,6.0013689253935665,100.0
18048301,2014-12-31,2020-12-31,1512,1512,1512,0,2192,6.0013689253935665,100.0
18065201,2014-12-31,2020-12-31,1512,1512,1512,0,2192,6.0013689253935665,100.0
18071101,2014-12-31,2020-12-31,1512,1512,1512,0,2192,6.0013689253935665,100.0
18126901,2014-12-31,2020-12-31,1512,1512,1512,0,2192,6.0013689253935665,100.0
18198901,2014-12-31,2020-12-31,1512,1512,1512,0,2192,6.0013689253935665,100.0
18331201,2014-12-31,2020-12-31,1512,1512,1512,0,2192,6.0013689253935665,100.0
18336601,2014-12-31,2020-12-31,1512,1512,1512,0,2192,6.0013689253935665,100.0
18358101,2014-12-31,2020-12-31,1512,1512,1512,0,2192,6.0013689253935665,100.0
18360301,2014-12-31,2020-12-31,1512,1512,1512,0,2192,6.0013689253935665,100.0
18364001,2014-12-31,2020-12-31,1512,1512,1512,0,2192,6.0013689253935665,100.0
18373601,2014-12-31,2020-12-31,1512,1512,1512,0,2192,6.0013689253935665,100.0
18379101,2014-12-31,2020-12-31,1512,1512,1512,0,2192,6.0013689253935665,100.0
18379701,2014-12-31,2020-12-31,1512,1512,1512,0,2192,6.0013689253935665,100.0
18390201,2014-12-31,2020-12-31,1512,1512,1512,0,2192,6.0013689253935665,100.0
18394201,2014-12-31,2020-12-31,1512,1512,1512,0,2192,6.0013689253935665,100.0
18415701,2014-12-31,2020-12-31,1512,1512,1512,0,2192,6.0013689253935665,100.0
18416701,2014-12-31,2020-12-31,1512,1512,1512,0,2192,6.0013689253935665,100.0
18425401,2014-12-31,2020-12-31,1512,1512,1512,0,2192,6.0013689253935665,100.0
18425601,2014-12-31,2020-12-31,1512,1512,1512,0,2192,6.0013689253935665,100.0
18425801,2014-12-31,2020-12-31,1512,1512,1512,0,2192,6.0013689253935665,100.0
18428701,2014-12-31,2020-12-31,1512,1512,1512,0,2192,6.0013689253935665,100.0
18432301,2014-12-31,2020-12-31,1512,1512,1512,0,2192,6.0013689253935665,100.0
18435201,2014-12-31,2020-12-31,1512,1512,1512,0,2192,6.0013689253935665,100.0
18450001,2014-12-31,2020-12-31,1512,1512,1512,0,2192,6.0013689253935665,100.0
18454201,2014-12-31,2020-12-31,1512,1512,1512,0,2192,6.0013689253935665,100.0
18457601,2014-12-31,2020-12-31,1512,1512,1512,0,2192,6.0013689253935665,100.0
18468901,2014-12-31,2020-12-31,1512,1512,1512,0,2192,6.0013689253935665,100.0
18472501,2014-12-31,2020-12-31,1512,1512,1512,0,2192,6.0013689253935665,100.0
18474801,2014-12-31,2020-12-31,1512,1512,1512,0,2192,6.0013689253935665,100.0
18479701,2014-12-31,2020-12-31,1512,1512,1512,0,2192,6.0013689253935665,100.0
18489901,2014-12-31,2020-12-31,1512,1512,1512,0,2192,6.0013689253935665,100.0
18511201,2014-12-31,2020-12-31,1512,1512,1512,0,2192,6.0013689253935665,100.0
18522901,2014-12-31,2020-12-31,1512,1512,1512,0,2192,6.0013689253935665,100.0
18537001,2014-12-31,2020-12-31,1512,1512,1512,0,2192,6.0013689253935665,100.0
18537501,2014-12-31,2020-12-31,1512,1512,1512,0,2192,6.0013689253935665,100.0
18553201,2014-12-31,2020-12-31,1512,1512,1512,0,2192,6.0013689253935665,100.0
18558501,2014-12-31,2020-12-31,1512,1512,1512,0,2192,6.0013689253935665,100.0
18562401,2014-12-31,2020-12-31,1512,1512,1512,0,2192,6.0013689253935665,100.0
18564601,2014-12-31,2020-12-31,1512,1512,1512,0,2192,6.0013689253935665,100.0
18579701,2014-12-31,2020-12-31,1512,1512,1512,0,2192,6.0013689253935665,100.0
18582401,2014-12-31,2020-12-31,1512,1512,1512,0,2192,6.0013689253935665,100.0
18588101,2014-12-31,2020-12-31,1512,1512,1512,0,2192,6.0013689253935665,100.0
18592101,2014-12-31,2020-12-31,1512,1512,1512,0,2192,6.0013689253935665,100.0
18613901,2014-12-31,2020-12-31,1512,1512,1512,0,2192,6.0013689253935665,100.0
18627601,2014-12-31,2020-12-31,1512,1512,1512,0,2192,6.0013689253935665,100.0
18627801,2014-12-31,2020-12-31,1512,1512,1512,0,2192,6.0013689253935665,100.0
18631001,2014-12-31,2020-12-31,1512,1512,1512,0,2192,6.0013689253935665,100.0
18639201,2014-12-31,2020-12-31,1512,1512,1512,0,2192,6.0013689253935665,100.0
18650101,2014-12-31,2020-12-31,1512,1512,1512,0,2192,6.0013689253935665,100.0
18677301,2014-12-31,2020-12-31,1512,1512,1512,0,2192,6.0013689253935665,100.0
18678301,2014-12-31,2020-12-31,1512,1512,1512,0,2192,6.0013689253935665,100.0
18678501,2014-12-31,2020-12-31,1512,1512,1512,0,2192,6.0013689253935665,100.0
18683601,2014-12-31,2020-12-31,1512,1512,1512,0,2192,6.0013689253935665,100.0
18685801,2014-12-31,2020-12-31,1512,1512,1512,0,2192,6.0013689253935665,100.0
18698901,2014-12-31,2020-12-31,1512,1512,1512,0,2192,6.0013689253935665,100.0
18712801,2014-12-31,2020-12-31,1512,1512,1512,0,2192,6.0013689253935665,100.0
18716401,2014-12-31,2020-12-31,1512,1512,1512,0,2192,6.0013689253935665,100.0
18746201,2014-12-31,2020-12-31,1512,1512,1512,0,2192,6.0013689253935665,100.0
18755101,2014-12-31,2020-12-31,1512,1512,1512,0,2192,6.0013689253935665,100.0
18757601,2014-12-31,2020-12-31,1512,1512,1512,0,2192,6.0013689253935665,100.0
18763101,2014-12-31,2020-12-31,1512,1512,1512,0,2192,6.0013689253935665,100.0
18769801,2014-12-31,2020-12-31,1512,1512,1512,0,2192,6.0013689253935665,100.0
18770901,2014-12-31,2020-12-31,1512,1512,1512,0,2192,6.0013689253935665,100.0
18773901,2014-12-31,2020-12-31,1512,1512,1512,0,2192,6.0013689253935665,100.0
18781201,2014-12-31,2020-12-31,1512,1512,1512,0,2192,6.0013689253935665,100.0
18783301,2014-12-31,2020-12-31,1512,1512,1512,0,2192,6.0013689253935665,100.0
18825501,2014-12-31,2020-12-31,1512,1512,1512,0,2192,6.0013689253935665,100.0
18945901,2014-12-31,2020-12-31,1512,1512,1512,0,2192,6.0013689253935665,100.0
18949101,2014-12-31,2020-12-31,1512,1512,1512,0,2192,6.0013689253935665,100.0
19096302,2014-12-31,2020-12-31,1512,1512,1512,0,2192,6.0013689253935665,100.0
19125501,2014-12-31,2020-12-31,1512,1512,1512,0,2192,6.0013689253935665,100.0
19615901,2014-12-31,2020-12-31,1512,1512,1512,0,2192,6.0013689253935665,100.0
19755901,2014-12-31,2020-12-31,1512,1512,1512,0,2192,6.0013689253935665,100.0
19935601,2014-12-31,2020-12-31,1512,1512,1512,0,2192,6.0013689253935665,100.0
24915801,2014-12-31,2020-12-31,1512,1512,1512,0,2192,6.0013689253935665,100.0
26089301,2014-12-31,2020-12-31,1512,1512,1512,0,2192,6.0013689253935665,100.0
26438501,2014-12-31,2020-12-31,1512,1512,1512,0,2192,6.0013689253935665,100.0
26439501,2014-12-31,2020-12-31,1512,1512,1512,0,2192,6.0013689253935665,100.0
26450901,2014-12-31,2020-12-31,1512,1512,1512,0,2192,6.0013689253935665,100.0
26621401,2014-12-31,2020-12-31,1512,1512,1512,0,2192,6.0013689253935665,100.0
26625701,2014-12-31,2020-12-31,1512,1512,1512,0,2192,6.0013689253935665,100.0
29452401,2014-12-31,2020-12-31,1512,1512,1512,0,2192,6.0013689253935665,100.0
31531801,2014-12-31,2020-12-31,1512,1512,1512,0,2192,6.0013689253935665,100.0
31605601,2014-12-31,2020-12-31,1512,1512,1512,0,2192,6.0013689253935665,100.0
31726401,2014-12-31,2020-12-31,1512,1512,1512,0,2192,6.0013689253935665,100.0
00123401,2014-12-31,2020-12-31,1511,1511,1511,0,2192,6.0013689253935665,100.0
00833401,2014-12-31,2020-12-31,1511,1511,1511,0,2192,6.0013689253935665,100.0
01707301,2014-12-31,2020-12-31,1511,1511,1511,0,2192,6.0013689253935665,100.0
02381201,2014-12-31,2020-12-31,1511,1511,1511,0,2192,6.0013689253935665,100.0
02446801,2014-12-31,2020-12-31,1511,1511,1511,0,2192,6.0013689253935665,100.0
02778601,2014-12-31,2020-12-31,1511,1511,1511,0,2192,6.0013689253935665,100.0
06140901,2014-12-31,2020-12-31,1511,1511,1511,0,2192,6.0013689253935665,100.0
16066801,2014-12-31,2020-12-31,1511,1511,1511,0,2192,6.0013689253935665,100.0
18535501,2014-12-31,2020-12-31,1511,1511,1511,0,2192,6.0013689253935665,100.0
02487801,2014-12-31,2020-12-30,1511,1511,1511,0,2191,5.9986310746064335,100.0
01192501,2014-12-31,2020-12-31,1510,1510,1510,0,2192,6.0013689253935665,100.0
02430201,2014-12-31,2020-12-31,1510,1510,1510,0,2192,6.0013689253935665,100.0
00227001,2014-12-31,2020-12-31,1509,1509,1509,0,2192,6.0013689253935665,100.0
03002401,2014-12-31,2020-12-31,1509,1509,1509,0,2192,6.0013689253935665,100.0
10771001,2014-12-31,2020-12-31,1509,1509,1509,0,2192,6.0013689253935665,100.0
00182801C,2014-12-31,2020-12-31,1507,1507,1507,0,2192,6.0013689253935665,100.0
00213701C,2014-12-31,2020-12-31,1507,1507,1507,0,2192,6.0013689253935665,100.0
00240801C,2014-12-31,2020-12-31,1507,1507,1507,0,2192,6.0013689253935665,100.0
00252601C,2014-12-31,2020-12-31,1507,1507,1507,0,2192,6.0013689253935665,100.0
00267501C,2014-12-31,2020-12-31,1507,1507,1507,0,2192,6.0013689253935665,100.0
00270301C,2014-12-31,2020-12-31,1507,1507,1507,0,2192,6.0013689253935665,100.0
00401903C,2014-12-31,2020-12-31,1507,1507,1507,0,2192,6.0013689253935665,100.0
00459901C,2014-12-31,2020-12-31,1507,1507,1507,0,2192,6.0013689253935665,100.0
00466901C,2014-12-31,2020-12-31,1507,1507,1507,0,2192,6.0013689253935665,100.0
00590303C,2014-12-31,2020-12-31,1507,1507,1507,0,2192,6.0013689253935665,100.0
00677101C,2014-12-31,2020-12-31,1507,1507,1507,0,2192,6.0013689253935665,100.0
00870201C,2014-12-31,2020-12-31,1507,1507,1507,0,2192,6.0013689253935665,100.0
00887002C,2014-12-31,2020-12-31,1507,1507,1507,0,2192,6.0013689253935665,100.0
00921501C,2014-12-31,2020-12-31,1507,1507,1507,0,2192,6.0013689253935665,100.0
00964702C,2014-12-31,2020-12-31,1507,1507,1507,0,2192,6.0013689253935665,100.0
01038501C,2014-12-31,2020-12-31,1507,1507,1507,0,2192,6.0013689253935665,100.0
01067101C,2014-12-31,2020-12-31,1507,1507,1507,0,2192,6.0013689253935665,100.0
01144301C,2014-12-31,2020-12-31,1507,1507,1507,0,2192,6.0013689253935665,100.0
01178101C,2014-12-31,2020-12-31,1507,1507,1507,0,2192,6.0013689253935665,100.0
01219803C,2014-12-31,2020-12-31,1507,1507,1507,0,2192,6.0013689253935665,100.0
01399201C,2014-12-31,2020-12-31,1507,1507,1507,0,2192,6.0013689253935665,100.0
01399401C,2014-12-31,2020-12-31,1507,1507,1507,0,2192,6.0013689253935665,100.0
01404201C,2014-12-31,2020-12-31,1507,1507,1507,0,2192,6.0013689253935665,100.0
01406201C,2014-12-31,2020-12-31,1507,1507,1507,0,2192,6.0013689253935665,100.0
01406501C,2014-12-31,2020-12-31,1507,1507,1507,0,2192,6.0013689253935665,100.0
01407801C,2014-12-31,2020-12-31,1507,1507,1507,0,2192,6.0013689253935665,100.0
01431201C,2014-12-31,2020-12-31,1507,1507,1507,0,2192,6.0013689253935665,100.0
01431301C,2014-12-31,2020-12-31,1507,1507,1507,0,2192,6.0013689253935665,100.0
01432601C,2014-12-31,2020-12-31,1507,1507,1507,0,2192,6.0013689253935665,100.0
01433001C,2014-12-31,2020-12-31,1507,1507,1507,0,2192,6.0013689253935665,100.0
01433301C,2014-12-31,2020-12-31,1507,1507,1507,0,2192,6.0013689253935665,100.0
01435201C,2014-12-31,2020-12-31,1507,1507,1507,0,2192,6.0013689253935665,100.0
01435301C,2014-12-31,2020-12-31,1507,1507,1507,0,2192,6.0013689253935665,100.0
01439001C,2014-12-31,2020-12-31,1507,1507,1507,0,2192,6.0013689253935665,100.0
01439101C,2014-12-31,2020-12-31,1507,1507,1507,0,2192,6.0013689253935665,100.0
01443301C,2014-12-31,2020-12-31,1507,1507,1507,0,2192,6.0013689253935665,100.0
01451701C,2014-12-31,2020-12-31,1507,1507,1507,0,2192,6.0013689253935665,100.0
01502001C,2014-12-31,2020-12-31,1507,1507,1507,0,2192,6.0013689253935665,100.0
01503801C,2014-12-31,2020-12-31,1507,1507,1507,0,2192,6.0013689253935665,100.0
01504201C,2014-12-31,2020-12-31,1507,1507,1507,0,2192,6.0013689253935665,100.0
01508302C,2014-12-31,2020-12-31,1507,1507,1507,0,2192,6.0013689253935665,100.0
01558001C,2014-12-31,2020-12-31,1507,1507,1507,0,2192,6.0013689253935665,100.0
01558101C,2014-12-31,2020-12-31,1507,1507,1507,0,2192,6.0013689253935665,100.0
01558201C,2014-12-31,2020-12-31,1507,1507,1507,0,2192,6.0013689253935665,100.0
01562001C,2014-12-31,2020-12-31,1507,1507,1507,0,2192,6.0013689253935665,100.0
01563301C,2014-12-31,2020-12-31,1507,1507,1507,0,2192,6.0013689253935665,100.0
01570401C,2014-12-31,2020-12-31,1507,1507,1507,0,2192,6.0013689253935665,100.0
01570601C,2014-12-31,2020-12-31,1507,1507,1507,0,2192,6.0013689253935665,100.0
01642801C,2014-12-31,2020-12-31,1507,1507,1507,0,2192,6.0013689253935665,100.0
01643101C,2014-12-31,2020-12-31,1507,1507,1507,0,2192,6.0013689253935665,100.0
01643201C,2014-12-31,2020-12-31,1507,1507,1507,0,2192,6.0013689253935665,100.0
01652101C,2014-12-31,2020-12-31,1507,1507,1507,0,2192,6.0013689253935665,100.0
01658201C,2014-12-31,2020-12-31,1507,1507,1507,0,2192,6.0013689253935665,100.0
01755601C,2014-12-31,2020-12-31,1507,1507,1507,0,2192,6.0013689253935665,100.0
01789901C,2014-12-31,2020-12-31,1507,1507,1507,0,2192,6.0013689253935665,100.0
01851301C,2014-12-31,2020-12-31,1507,1507,1507,0,2192,6.0013689253935665,100.0
01935901C,2014-12-31,2020-12-31,1507,1507,1507,0,2192,6.0013689253935665,100.0
01969601C,2014-12-31,2020-12-31,1507,1507,1507,0,2192,6.0013689253935665,100.0
01998701C,2014-12-31,2020-12-31,1507,1507,1507,0,2192,6.0013689253935665,100.0
02000701C,2014-12-31,2020-12-31,1507,1507,1507,0,2192,6.0013689253935665,100.0
02028501C,2014-12-31,2020-12-31,1507,1507,1507,0,2192,6.0013689253935665,100.0
02031501C,2014-12-31,2020-12-31,1507,1507,1507,0,2192,6.0013689253935665,100.0
02032302C,2014-12-31,2020-12-31,1507,1507,1507,0,2192,6.0013689253935665,100.0
02048701C,2014-12-31,2020-12-31,1507,1507,1507,0,2192,6.0013689253935665,100.0
02056101C,2014-12-31,2020-12-31,1507,1507,1507,0,2192,6.0013689253935665,100.0
02067001C,2014-12-31,2020-12-31,1507,1507,1507,0,2192,6.0013689253935665,100.0
02067601C,2014-12-31,2020-12-31,1507,1507,1507,0,2192,6.0013689253935665,100.0
02069501C,2014-12-31,2020-12-31,1507,1507,1507,0,2192,6.0013689253935665,100.0
02071001C,2014-12-31,2020-12-31,1507,1507,1507,0,2192,6.0013689253935665,100.0
02086001C,2014-12-31,2020-12-31,1507,1507,1507,0,2192,6.0013689253935665,100.0
02186401C,2014-12-31,2020-12-31,1507,1507,1507,0,2192,6.0013689253935665,100.0
02189401C,2014-12-31,2020-12-31,1507,1507,1507,0,2192,6.0013689253935665,100.0
02204902C,2014-12-31,2020-12-31,1507,1507,1507,0,2192,6.0013689253935665,100.0
02399401C,2014-12-31,2020-12-31,1507,1507,1507,0,2192,6.0013689253935665,100.0
02494301C,2014-12-31,2020-12-31,1507,1507,1507,0,2192,6.0013689253935665,100.0
02579201C,2014-12-31,2020-12-31,1507,1507,1507,0,2192,6.0013689253935665,100.0
02653901C,2014-12-31,2020-12-31,1507,1507,1507,0,2192,6.0013689253935665,100.0
02676801C,2014-12-31,2020-12-31,1507,1507,1507,0,2192,6.0013689253935665,100.0
02701301C,2014-12-31,2020-12-31,1507,1507,1507,0,2192,6.0013689253935665,100.0
02726501C,2014-12-31,2020-12-31,1507,1507,1507,0,2192,6.0013689253935665,100.0
02855501C,2014-12-31,2020-12-31,1507,1507,1507,0,2192,6.0013689253935665,100.0
02866101C,2014-12-31,2020-12-31,1507,1507,1507,0,2192,6.0013689253935665,100.0
02890303C,2014-12-31,2020-12-31,1507,1507,1507,0,2192,6.0013689253935665,100.0
02913501C,2014-12-31,2020-12-31,1507,1507,1507,0,2192,6.0013689253935665,100.0
02917501C,2014-12-31,2020-12-31,1507,1507,1507,0,2192,6.0013689253935665,100.0
02998501C,2014-12-31,2020-12-31,1507,1507,1507,0,2192,6.0013689253935665,100.0
03007501C,2014-12-31,2020-12-31,1507,1507,1507,0,2192,6.0013689253935665,100.0
03036901C,2014-12-31,2020-12-31,1507,1507,1507,0,2192,6.0013689253935665,100.0
03042101C,2014-12-31,2020-12-31,1507,1507,1507,0,2192,6.0013689253935665,100.0
03092701C,2014-12-31,2020-12-31,1507,1507,1507,0,2192,6.0013689253935665,100.0
06307501C,2014-12-31,2020-12-31,1507,1507,1507,0,2192,6.0013689253935665,100.0
06313901C,2014-12-31,2020-12-31,1507,1507,1507,0,2192,6.0013689253935665,100.0
06347601C,2014-12-31,2020-12-31,1507,1507,1507,0,2192,6.0013689253935665,100.0
06407201C,2014-12-31,2020-12-31,1507,1507,1507,0,2192,6.0013689253935665,100.0
06410701C,2014-12-31,2020-12-31,1507,1507,1507,0,2192,6.0013689253935665,100.0
06419601C,2014-12-31,2020-12-31,1507,1507,1507,0,2192,6.0013689253935665,100.0
06426001C,2014-12-31,2020-12-31,1507,1507,1507,0,2192,6.0013689253935665,100.0
06449201C,2014-12-31,2020-12-31,1507,1507,1507,0,2192,6.0013689253935665,100.0
06462502C,2014-12-31,2020-12-31,1507,1507,1507,0,2192,6.0013689253935665,100.0
06465503C,2014-12-31,2020-12-31,1507,1507,1507,0,2192,6.0013689253935665,100.0
06480302C,2014-12-31,2020-12-31,1507,1507,1507,0,2192,6.0013689253935665,100.0
06544101C,2014-12-31,2020-12-31,1507,1507,1507,0,2192,6.0013689253935665,100.0
06560501C,2014-12-31,2020-12-31,1507,1507,1507,0,2192,6.0013689253935665,100.0
06561301C,2014-12-31,2020-12-31,1507,1507,1507,0,2192,6.0013689253935665,100.0
06561402C,2014-12-31,2020-12-31,1507,1507,1507,0,2192,6.0013689253935665,100.0
06631801C,2014-12-31,2020-12-31,1507,1507,1507,0,2192,6.0013689253935665,100.0
06631902C,2014-12-31,2020-12-31,1507,1507,1507,0,2192,6.0013689253935665,100.0
06640101C,2014-12-31,2020-12-31,1507,1507,1507,0,2192,6.0013689253935665,100.0
10523901C,2014-12-31,2020-12-31,1507,1507,1507,0,2192,6.0013689253935665,100.0
10551701C,2014-12-31,2020-12-31,1507,1507,1507,0,2192,6.0013689253935665,100.0
10563201C,2014-12-31,2020-12-31,1507,1507,1507,0,2192,6.0013689253935665,100.0
10566101C,2014-12-31,2020-12-31,1507,1507,1507,0,2192,6.0013689253935665,100.0
10572801C,2014-12-31,2020-12-31,1507,1507,1507,0,2192,6.0013689253935665,100.0
10578601C,2014-12-31,2020-12-31,1507,1507,1507,0,2192,6.0013689253935665,100.0
10615601C,2014-12-31,2020-12-31,1507,1507,1507,0,2192,6.0013689253935665,100.0
10646401C,2014-12-31,2020-12-31,1507,1507,1507,0,2192,6.0013689253935665,100.0
10652801C,2014-12-31,2020-12-31,1507,1507,1507,0,2192,6.0013689253935665,100.0
10666001C,2014-12-31,2020-12-31,1507,1507,1507,0,2192,6.0013689253935665,100.0
10771001C,2014-12-31,2020-12-31,1507,1507,1507,0,2192,6.0013689253935665,100.0
10778101C,2014-12-31,2020-12-31,1507,1507,1507,0,2192,6.0013689253935665,100.0
10807101C,2014-12-31,2020-12-31,1507,1507,1507,0,2192,6.0013689253935665,100.0
10829701C,2014-12-31,2020-12-31,1507,1507,1507,0,2192,6.0013689253935665,100.0
10876801C,2014-12-31,2020-12-31,1507,1507,1507,0,2192,6.0013689253935665,100.0
10880401C,2014-12-31,2020-12-31,1507,1507,1507,0,2192,6.0013689253935665,100.0
11421101C,2014-12-31,2020-12-31,1507,1507,1507,0,2192,6.0013689253935665,100.0
11504401C,2014-12-31,2020-12-31,1507,1507,1507,0,2192,6.0013689253935665,100.0
12219401C,2014-12-31,2020-12-31,1507,1507,1507,0,2192,6.0013689253935665,100.0
12341501C,2014-12-31,2020-12-31,1507,1507,1507,0,2192,6.0013689253935665,100.0
12404201C,2014-12-31,2020-12-31,1507,1507,1507,0,2192,6.0013689253935665,100.0
12647401C,2014-12-31,2020-12-31,1507,1507,1507,0,2192,6.0013689253935665,100.0
12947201C,2014-12-31,2020-12-31,1507,1507,1507,0,2192,6.0013689253935665,100.0
13061801C,2014-12-31,2020-12-31,1507,1507,1507,0,2192,6.0013689253935665,100.0
13328901C,2014-12-31,2020-12-31,1507,1507,1507,0,2192,6.0013689253935665,100.0
14244301C,2014-12-31,2020-12-31,1507,1507,1507,0,2192,6.0013689253935665,100.0
14329701C,2014-12-31,2020-12-31,1507,1507,1507,0,2192,6.0013689253935665,100.0
14340301C,2014-12-31,2020-12-31,1507,1507,1507,0,2192,6.0013689253935665,100.0
14447501C,2014-12-31,2020-12-31,1507,1507,1507,0,2192,6.0013689253935665,100.0
14581201C,2014-12-31,2020-12-31,1507,1507,1507,0,2192,6.0013689253935665,100.0
15076401C,2014-12-31,2020-12-31,1507,1507,1507,0,2192,6.0013689253935665,100.0
15201101C,2014-12-31,2020-12-31,1507,1507,1507,0,2192,6.0013689253935665,100.0
15413501C,2014-12-31,2020-12-31,1507,1507,1507,0,2192,6.0013689253935665,100.0
15465301C,2014-12-31,2020-12-31,1507,1507,1507,0,2192,6.0013689253935665,100.0
15477401C,2014-12-31,2020-12-31,1507,1507,1507,0,2192,6.0013689253935665,100.0
15609301C,2014-12-31,2020-12-31,1507,1507,1507,0,2192,6.0013689253935665,100.0
15729301C,2014-12-31,2020-12-31,1507,1507,1507,0,2192,6.0013689253935665,100.0
15747601C,2014-12-31,2020-12-31,1507,1507,1507,0,2192,6.0013689253935665,100.0
16077801C,2014-12-31,2020-12-31,1507,1507,1507,0,2192,6.0013689253935665,100.0
16077901C,2014-12-31,2020-12-31,1507,1507,1507,0,2192,6.0013689253935665,100.0
16249101C,2014-12-31,2020-12-31,1507,1507,1507,0,2192,6.0013689253935665,100.0
16287001C,2014-12-31,2020-12-31,1507,1507,1507,0,2192,6.0013689253935665,100.0
16396801C,2014-12-31,2020-12-31,1507,1507,1507,0,2192,6.0013689253935665,100.0
16409401C,2014-12-31,2020-12-31,1507,1507,1507,0,2192,6.0013689253935665,100.0
16416901C,2014-12-31,2020-12-31,1507,1507,1507,0,2192,6.0013689253935665,100.0
16525601C,2014-12-31,2020-12-31,1507,1507,1507,0,2192,6.0013689253935665,100.0
16594801C,2014-12-31,2020-12-31,1507,1507,1507,0,2192,6.0013689253935665,100.0
16647701C,2014-12-31,2020-12-31,1507,1507,1507,0,2192,6.0013689253935665,100.0
17031101C,2014-12-31,2020-12-31,1507,1507,1507,0,2192,6.0013689253935665,100.0
17415202C,2014-12-31,2020-12-31,1507,1507,1507,0,2192,6.0013689253935665,100.0
17418501C,2014-12-31,2020-12-31,1507,1507,1507,0,2192,6.0013689253935665,100.0
17430201C,2014-12-31,2020-12-31,1507,1507,1507,0,2192,6.0013689253935665,100.0
17507801C,2014-12-31,2020-12-31,1507,1507,1507,0,2192,6.0013689253935665,100.0
17921601C,2014-12-31,2020-12-31,1507,1507,1507,0,2192,6.0013689253935665,100.0
18008101C,2014-12-31,2020-12-31,1507,1507,1507,0,2192,6.0013689253935665,100.0
18046401C,2014-12-31,2020-12-31,1507,1507,1507,0,2192,6.0013689253935665,100.0
18050601C,2014-12-31,2020-12-31,1507,1507,1507,0,2192,6.0013689253935665,100.0
18318701C,2014-12-31,2020-12-31,1507,1507,1507,0,2192,6.0013689253935665,100.0
18323101C,2014-12-31,2020-12-31,1507,1507,1507,0,2192,6.0013689253935665,100.0
18368301C,2014-12-31,2020-12-31,1507,1507,1507,0,2192,6.0013689253935665,100.0
18385501C,2014-12-31,2020-12-31,1507,1507,1507,0,2192,6.0013689253935665,100.0
18454301C,2014-12-31,2020-12-31,1507,1507,1507,0,2192,6.0013689253935665,100.0
18458201C,2014-12-31,2020-12-31,1507,1507,1507,0,2192,6.0013689253935665,100.0
18490501C,2014-12-31,2020-12-31,1507,1507,1507,0,2192,6.0013689253935665,100.0
18523001C,2014-12-31,2020-12-31,1507,1507,1507,0,2192,6.0013689253935665,100.0
18530901C,2014-12-31,2020-12-31,1507,1507,1507,0,2192,6.0013689253935665,100.0
18548901C,2014-12-31,2020-12-31,1507,1507,1507,0,2192,6.0013689253935665,100.0
18588001C,2014-12-31,2020-12-31,1507,1507,1507,0,2192,6.0013689253935665,100.0
18595601C,2014-12-31,2020-12-31,1507,1507,1507,0,2192,6.0013689253935665,100.0
18739201C,2014-12-31,2020-12-31,1507,1507,1507,0,2192,6.0013689253935665,100.0
26065101C,2014-12-31,2020-12-31,1507,1507,1507,0,2192,6.0013689253935665,100.0
27784601C,2014-12-31,2020-12-31,1507,1507,1507,0,2192,6.0013689253935665,100.0
27812001C,2014-12-31,2020-12-31,1507,1507,1507,0,2192,6.0013689253935665,100.0
10876801W,2015-01-02,2020-12-30,1507,1507,1507,0,2189,5.993155373032169,100.0
01781201,2014-12-31,2020-12-23,1507,1507,1507,0,2184,5.979466119096509,100.0
10670901C,2014-12-31,2020-12-31,1506,1506,1506,0,2192,6.0013689253935665,100.0
26448501C,2014-12-31,2020-12-31,1506,1506,1506,0,2192,6.0013689253935665,100.0
12876501C,2014-12-31,2020-12-31,1504,1504,1504,0,2192,6.0013689253935665,100.0
01366401,2014-12-31,2020-12-18,1504,1504,1504,0,2179,5.965776865160849,100.0
02163301,2014-12-31,2020-12-31,1503,1503,1503,0,2192,6.0013689253935665,100.0
16214601,2014-12-31,2020-12-31,1502,1502,1502,0,2192,6.0013689253935665,100.0
17422201,2014-12-31,2020-12-14,1500,1500,1500,0,2175,5.95482546201232,100.0
06574401C,2014-12-31,2020-12-31,1497,1497,1497,0,2192,6.0013689253935665,100.0
02033001,2014-12-31,2020-11-30,1490,1490,1490,0,2161,5.916495550992471,100.0
14342101,2014-12-31,2020-11-10,1477,1477,1477,0,2141,5.861738535249829,100.0
01393202W,2014-12-31,2020-12-31,1475,1475,1475,0,2192,6.0013689253935665,100.0
00590201,2014-12-31,2020-10-22,1464,1464,1464,0,2122,5.809719370294319,100.0
02260301,2015-03-12,2020-12-31,1464,1464,1464,0,2121,5.806981519507187,100.0
02335301,2015-03-18,2020-12-31,1460,1460,1460,0,2115,5.790554414784395,100.0
02216501,2014-12-31,2020-10-12,1456,1456,1456,0,2112,5.782340862422998,100.0
06455201,2014-12-31,2020-10-05,1451,1451,1451,0,2105,5.763175906913073,100.0
00791201,2014-12-31,2020-10-02,1450,1450,1450,0,2102,5.754962354551677,100.0
06350101,2014-12-31,2020-10-01,1449,1449,1449,0,2101,5.752224503764545,100.0
00584901,2014-12-31,2020-09-30,1448,1448,1448,0,2100,5.749486652977413,100.0
26441401,2014-12-31,2020-09-30,1448,1448,1448,0,2100,5.749486652977413,100.0
24591801,2015-04-07,2020-12-31,1447,1447,1447,0,2095,5.735797399041752,100.0
02165201,2014-12-31,2020-09-25,1445,1445,1445,0,2095,5.735797399041752,100.0
17449001,2014-12-31,2020-09-21,1441,1441,1441,0,2091,5.724845995893224,100.0
02343201,2015-04-16,2020-12-31,1440,1440,1440,0,2086,5.711156741957564,100.0
02065301,2014-12-31,2020-09-18,1438,1438,1438,0,2088,5.716632443531828,100.0
02307701,2015-04-20,2020-12-31,1438,1438,1438,0,2082,5.700205338809035,100.0
15621401C,2014-12-31,2020-09-18,1436,1436,1436,0,2088,5.716632443531828,100.0
02329601,2015-04-29,2020-12-31,1431,1431,1431,0,2073,5.675564681724846,100.0
01887501,2014-12-31,2020-12-31,1429,1429,1429,0,2192,6.0013689253935665,100.0
02343301,2015-05-01,2020-12-31,1429,1429,1429,0,2071,5.670088980150582,100.0
17966601,2014-12-31,2020-08-28,1426,1426,1426,0,2067,5.6591375770020536,100.0
14037201C,2014-12-31,2020-08-26,1420,1420,1420,0,2065,5.653661875427789,100.0
01829303,2015-05-15,2020-12-31,1419,1419,1419,0,2057,5.631759069130732,100.0
01948401,2015-05-15,2020-12-31,1419,1419,1419,0,2057,5.631759069130732,100.0
18027202,2015-05-20,2020-12-31,1416,1416,1416,0,2052,5.618069815195072,100.0
02679601C,2014-12-31,2020-08-13,1411,1411,1411,0,2052,5.618069815195072,100.0
02411601,2015-06-02,2020-12-31,1408,1408,1408,0,2039,5.582477754962355,100.0
00665301,2014-12-31,2020-07-31,1406,1406,1406,0,2039,5.582477754962355,100.0
11288101C,2014-12-31,2020-08-05,1405,1405,1405,0,2044,5.596167008898015,100.0
02073901,2014-12-31,2020-07-30,1405,1405,1405,0,2038,5.579739904175223,100.0
00424101,2014-12-31,2020-07-29,1404,1404,1404,0,2037,5.577002053388091,100.0
02308301,2015-06-12,2020-12-31,1400,1400,1400,0,2029,5.555099247091033,100.0
02384301,2015-06-12,2020-12-31,1400,1400,1400,0,2029,5.555099247091033,100.0
02386501,2015-06-16,2020-12-31,1398,1398,1398,0,2025,5.544147843942505,100.0
02042302,2014-12-31,2020-07-20,1397,1397,1397,0,2028,5.552361396303901,100.0
02322501,2015-06-11,2020-12-31,1396,1396,1396,0,2030,5.557837097878165,100.0
02151501,2015-06-18,2020-12-31,1396,1396,1396,0,2023,5.538672142368241,100.0
02385601,2015-06-18,2020-12-31,1396,1396,1396,0,2023,5.538672142368241,100.0
02274101,2015-06-19,2020-12-31,1395,1395,1395,0,2022,5.535934291581109,100.0
02463801,2015-06-25,2020-12-31,1391,1391,1391,0,2016,5.519507186858316,100.0
02472402,2015-06-23,2020-12-31,1388,1388,1388,0,2018,5.5249828884325805,100.0
02408401,2015-07-01,2020-12-31,1387,1387,1387,0,2010,5.503080082135524,100.0
02446601,2014-12-31,2020-07-01,1385,1385,1385,0,2009,5.500342231348392,100.0
00556804,2015-07-06,2020-12-31,1385,1385,1385,0,2005,5.489390828199863,100.0
02841501C,2014-12-31,2020-07-06,1384,1384,1384,0,2014,5.514031485284052,100.0
02973401,2014-12-31,2020-06-30,1384,1384,1384,0,2008,5.49760438056126,100.0
17063901,2014-12-31,2020-07-01,1383,1383,1383,0,2009,5.500342231348392,100.0
01217101,2014-12-31,2020-06-29,1383,1383,1383,0,2007,5.494866529774128,100.0
00619601,2014-12-31,2020-06-19,1377,1377,1377,0,1997,5.467488021902806,100.0
06587201,2014-12-31,2020-06-19,1377,1377,1377,0,1997,5.467488021902806,100.0
17074801,2014-12-31,2020-06-16,1374,1374,1374,0,1994,5.45927446954141,100.0
02584801,2014-12-31,2020-06-12,1372,1372,1372,0,1990,5.448323066392882,100.0
02029901,2015-07-23,2020-12-31,1372,1372,1372,0,1988,5.4428473648186175,100.0
02530401C,2015-07-16,2020-12-31,1371,1371,1371,0,1995,5.462012320328542,100.0
14208801,2014-12-31,2020-06-05,1367,1367,1367,0,1983,5.429158110882957,100.0
02244901,2015-01-12,2020-12-31,1363,1363,1363,0,2180,5.968514715947981,100.0
02027701,2014-12-31,2020-05-29,1362,1362,1362,0,1976,5.409993155373032,100.0
06448001,2014-12-31,2020-05-29,1362,1362,1362,0,1976,5.409993155373032,100.0
02486101,2015-08-06,2020-12-31,1362,1362,1362,0,1974,5.404517453798768,100.0
02550701C,2015-07-30,2020-12-31,1361,1361,1361,0,1981,5.423682409308693,100.0
17792501,2014-12-31,2020-05-28,1361,1361,1361,0,1975,5.4072553045859,100.0
02534901,2015-08-12,2020-12-31,1358,1358,1358,0,1968,5.388090349075975,100.0
02521901,2015-08-13,2020-12-31,1357,1357,1357,0,1967,5.385352498288843,100.0
02784501,2014-12-31,2020-05-08,1348,1348,1348,0,1955,5.352498288843258,100.0
17636301,2014-12-31,2020-04-24,1338,1338,1338,0,1941,5.314168377823409,100.0
02461101,2015-09-14,2020-12-31,1336,1336,1336,0,1935,5.297741273100616,100.0
01221501,2014-12-31,2020-04-15,1331,1331,1331,0,1932,5.28952772073922,100.0
02448101,2015-09-17,2020-12-31,1330,1330,1330,0,1932,5.28952772073922,100.0
02324701,2015-09-22,2020-12-31,1330,1330,1330,0,1927,5.27583846680356,100.0
01839201,2014-12-31,2020-05-01,1327,1327,1327,0,1948,5.333333333333333,100.0
02460101,2015-09-30,2020-12-31,1324,1324,1324,0,1919,5.253935660506502,100.0
00897201,2014-12-31,2020-04-02,1323,1323,1323,0,1919,5.253935660506502,100.0
00107201,2014-12-31,2020-03-27,1319,1319,1319,0,1913,5.23750855578371,100.0
17511001,2014-12-31,2020-03-27,1319,1319,1319,0,1913,5.23750855578371,100.0
27939801C,2014-12-31,2020-06-05,1318,1318,1318,0,1983,5.429158110882957,100.0
02615601,2015-10-19,2020-12-31,1311,1311,1311,0,1900,5.201916495550993,100.0
02633201C,2015-10-09,2020-12-31,1310,1310,1310,0,1910,5.229295003422314,100.0
01867701,2014-12-31,2020-03-13,1309,1309,1309,0,1899,5.19917864476386,100.0
02996801,2014-12-31,2020-03-12,1308,1308,1308,0,1898,5.196440793976728,100.0
02507701,2015-08-06,2020-10-12,1305,1305,1305,0,1894,5.1854893908282,100.0
02143301,2014-12-31,2020-03-06,1304,1304,1304,0,1892,5.1800136892539355,100.0
02386401,2015-10-27,2020-12-31,1302,1302,1302,0,1892,5.1800136892539355,100.0
00577003C,2014-12-31,2020-03-04,1299,1299,1299,0,1890,5.174537987679671,100.0
01941701C,2014-12-31,2020-03-27,1296,1296,1296,0,1913,5.23750855578371,100.0
02494401C,2015-11-05,2020-12-31,1294,1294,1294,0,1883,5.155373032169747,100.0
06571701,2014-12-31,2020-02-13,1289,1289,1289,0,1870,5.119780971937029,100.0
01560701C,2014-12-31,2020-02-18,1288,1288,1288,0,1875,5.13347022587269,100.0
17456701,2014-12-31,2020-02-06,1284,1284,1284,0,1863,5.100616016427105,100.0
03035401,2014-12-31,2020-02-03,1281,1281,1281,0,1860,5.092402464065708,100.0
01944201,2014-12-31,2020-01-31,1280,1280,1280,0,1857,5.084188911704312,100.0
17659801C,2014-12-31,2020-02-03,1278,1278,1278,0,1860,5.092402464065708,100.0
00821009,2015-12-01,2020-12-31,1278,1278,1278,0,1857,5.084188911704312,100.0
17625901,2014-12-31,2020-01-22,1273,1273,1273,0,1848,5.059548254620124,100.0
02626901,2015-10-29,2020-11-16,1272,1272,1272,0,1845,5.0513347022587265,100.0
02654501,2015-12-14,2020-12-31,1272,1272,1272,0,1844,5.048596851471594,100.0
02665801,2015-12-17,2020-12-31,1269,1269,1269,0,1841,5.040383299110198,100.0
02675301,2015-12-24,2020-12-31,1264,1264,1264,0,1834,5.021218343600274,100.0
18771401,2014-12-31,2020-01-08,1264,1264,1264,0,1834,5.021218343600274,100.0
00192001,2014-12-31,2020-01-03,1261,1261,1261,0,1829,5.007529089664613,100.0
02068304C,2014-12-31,2020-01-08,1260,1260,1260,0,1834,5.021218343600274,100.0
13860801,2014-12-31,2020-01-03,1260,1260,1260,0,1829,5.007529089664613,100.0
06312301,2014-12-31,2019-12-27,1257,1257,1257,0,1822,4.988364134154689,100.0
02297001C,2014-12-31,2019-12-27,1253,1253,1253,0,1822,4.988364134154689,100.0
06522001,2014-12-31,2019-12-20,1253,1253,1253,0,1815,4.969199178644764,100.0
00436701,2014-12-31,2019-12-13,1247,1247,1247,0,1808,4.950034223134839,100.0
12201701C,2014-12-31,2019-12-13,1245,1245,1245,0,1808,4.950034223134839,100.0
02325601,2015-05-07,2020-04-16,1245,1245,1245,0,1806,4.944558521560575,100.0
01978801C,2014-12-31,2020-01-13,1244,1244,1244,0,1839,5.034907597535934,100.0
01018701,2014-12-31,2019-12-06,1243,1243,1243,0,1801,4.930869267624915,100.0
16567501,2014-12-31,2019-12-04,1241,1241,1241,0,1799,4.9253935660506505,100.0
18403501,2014-12-31,2019-12-04,1241,1241,1241,0,1799,4.9253935660506505,100.0
01383901,2014-12-31,2019-12-03,1240,1240,1240,0,1798,4.922655715263518,100.0
17635101,2014-12-31,2019-11-29,1238,1238,1238,0,1794,4.91170431211499,100.0
02270901,2015-01-30,2019-12-16,1228,1228,1228,0,1781,4.876112251882272,100.0
16460901,2014-12-31,2019-11-07,1223,1223,1223,0,1772,4.851471594798084,100.0
01352601,2014-12-31,2019-10-31,1218,1218,1218,0,1765,4.832306639288158,100.0
16255701,2014-12-31,2019-10-31,1218,1218,1218,0,1765,4.832306639288158,100.0
17431301,2014-12-31,2019-10-31,1218,1218,1218,0,1765,4.832306639288158,100.0
18230801,2014-12-31,2019-10-28,1215,1215,1215,0,1762,4.824093086926762,100.0
00611602,2014-12-31,2019-10-17,1208,1208,1208,0,1751,4.7939767282683095,100.0
06372401,2014-12-31,2019-10-10,1203,1203,1203,0,1744,4.774811772758385,100.0
17709901,2014-12-31,2019-10-10,1203,1203,1203,0,1744,4.774811772758385,100.0
16276801,2014-12-31,2019-10-10,1202,1202,1202,0,1744,4.774811772758385,100.0
00339401,2014-12-31,2019-10-09,1202,1202,1202,0,1743,4.772073921971253,100.0
02034001C,2014-12-31,2019-11-06,1198,1198,1198,0,1771,4.848733744010952,100.0
01441201,2014-12-31,2019-10-02,1197,1197,1197,0,1736,4.7529089664613275,100.0
06263401,2014-12-31,2019-10-02,1197,1197,1197,0,1736,4.7529089664613275,100.0
18749102,2014-12-31,2019-09-27,1194,1194,1194,0,1731,4.739219712525667,100.0
10839101C,2014-12-31,2019-10-01,1193,1193,1193,0,1735,4.7501711156741955,100.0
02807501C,2014-12-31,2019-09-30,1192,1192,1192,0,1734,4.747433264887063,100.0
17537601,2014-12-31,2019-09-24,1191,1191,1191,0,1728,4.731006160164271,100.0
02152001,2015-01-02,2019-10-28,1190,1190,1190,0,1760,4.818617385352498,100.0
01072606,2014-12-31,2019-09-18,1187,1187,1187,0,1722,4.714579055441479,100.0
02718603,2016-04-18,2020-12-31,1187,1187,1187,0,1718,4.70362765229295,100.0
02718701,2016-04-18,2020-12-31,1187,1187,1187,0,1718,4.70362765229295,100.0
01063101,2014-12-31,2019-09-17,1186,1186,1186,0,1721,4.7118412046543465,100.0
03156001,2014-12-31,2019-09-17,1186,1186,1186,0,1721,4.7118412046543465,100.0
02636101,2016-04-27,2020-12-31,1180,1180,1180,0,1709,4.678986995208761,100.0
18710501,2014-12-31,2019-08-29,1174,1174,1174,0,1702,4.659822039698836,100.0
06692901,2016-05-11,2020-12-31,1170,1170,1170,0,1695,4.640657084188912,100.0
06183901,2014-12-31,2019-08-21,1168,1168,1168,0,1694,4.63791923340178,100.0
02672201,2016-05-13,2020-12-31,1168,1168,1168,0,1693,4.635181382614648,100.0
02638101,2015-11-19,2020-06-30,1160,1160,1160,0,1685,4.61327857631759,100.0
01192301,2014-12-31,2019-08-08,1159,1159,1159,0,1681,4.602327173169062,100.0
02689201,2016-05-26,2020-12-31,1159,1159,1159,0,1680,4.59958932238193,100.0
02686402,2016-04-15,2020-12-31,1158,1158,1158,0,1721,4.7118412046543465,100.0
02892401,2014-12-31,2019-08-06,1157,1157,1157,0,1679,4.596851471594798,100.0
01519701,2014-12-31,2019-07-31,1153,1153,1153,0,1673,4.5804243668720055,100.0
01769501,2014-12-31,2019-07-31,1153,1153,1153,0,1673,4.5804243668720055,100.0
19495601,2014-12-31,2019-07-30,1152,1152,1152,0,1672,4.577686516084873,100.0
14119701,2014-12-31,2019-07-29,1151,1151,1151,0,1671,4.574948665297741,100.0
18620601,2014-12-31,2019-07-29,1151,1151,1151,0,1671,4.574948665297741,100.0
02701401,2016-06-10,2020-12-31,1149,1149,1149,0,1665,4.558521560574949,100.0
02672101C,2016-06-08,2020-12-31,1146,1146,1146,0,1667,4.563997262149213,100.0
02577401,2014-12-31,2019-07-22,1146,1146,1146,0,1664,4.555783709787817,100.0
02659001,2016-06-13,2020-12-31,1145,1145,1145,0,1662,4.550308008213553,100.0
02674901,2016-06-20,2020-12-31,1143,1143,1143,0,1655,4.531143052703627,100.0
18534401,2014-12-31,2019-07-15,1141,1141,1141,0,1657,4.5366187542778915,100.0
12284101,2014-12-31,2019-07-08,1136,1136,1136,0,1650,4.517453798767967,100.0
01378201,2014-12-31,2019-07-01,1132,1132,1132,0,1643,4.498288843258043,100.0
17659201,2014-12-31,2019-07-01,1132,1132,1132,0,1643,4.498288843258043,100.0
03088801,2014-12-31,2019-06-28,1131,1131,1131,0,1640,4.490075290896646,100.0
11068501,2014-12-31,2019-06-28,1131,1131,1131,0,1640,4.490075290896646,100.0
01539601,2014-12-31,2019-06-27,1130,1130,1130,0,1639,4.487337440109514,100.0
26327701,2016-07-13,2020-12-31,1127,1127,1127,0,1632,4.468172484599589,100.0
17981702,2016-07-19,2020-12-31,1123,1123,1123,0,1626,4.4517453798767965,100.0
01805001,2014-12-31,2019-06-13,1120,1120,1120,0,1625,4.4490075290896645,100.0
00215401,2014-12-31,2019-06-10,1117,1117,1117,0,1622,4.440793976728268,100.0
02765201,2016-07-28,2020-12-31,1116,1116,1116,0,1617,4.427104722792608,100.0
02382101,2015-06-23,2019-11-19,1112,1112,1112,0,1610,4.407939767282683,100.0
17437001C,2014-12-31,2019-06-04,1111,1111,1111,0,1616,4.424366872005476,100.0
02614401,2016-08-04,2020-12-31,1111,1111,1111,0,1610,4.407939767282683,100.0
02766501,2016-08-04,2020-12-31,1111,1111,1111,0,1610,4.407939767282683,100.0
02356901,2015-06-25,2019-11-20,1111,1111,1111,0,1609,4.405201916495551,100.0
02181601,2014-12-31,2019-05-30,1110,1110,1110,0,1611,4.4106776180698155,100.0
01707401,2014-12-31,2019-05-22,1105,1105,1105,0,1603,4.388774811772758,100.0
11106401,2014-12-31,2019-05-02,1091,1091,1091,0,1583,4.334017796030117,100.0
01081601,2014-12-31,2019-04-23,1084,1084,1084,0,1574,4.309377138945927,100.0
02641101,2016-09-15,2020-12-31,1082,1082,1082,0,1568,4.292950034223135,100.0
01503701,2014-12-31,2019-04-17,1081,1081,1081,0,1568,4.292950034223135,100.0
02807001,2016-09-15,2020-12-31,1081,1081,1081,0,1568,4.292950034223135,100.0
02787101,2016-09-16,2020-12-31,1081,1081,1081,0,1567,4.290212183436003,100.0
26075101,2016-09-16,2020-12-31,1081,1081,1081,0,1567,4.290212183436003,100.0
13886101,2014-12-31,2019-04-16,1080,1080,1080,0,1567,4.290212183436003,100.0
17464801,2014-12-31,2019-04-16,1080,1080,1080,0,1567,4.290212183436003,100.0
18695501,2014-12-31,2019-04-16,1080,1080,1080,0,1567,4.290212183436003,100.0
16362601C,2014-12-31,2019-04-17,1079,1079,1079,0,1568,4.292950034223135,100.0
00925801,2014-12-31,2019-04-10,1076,1076,1076,0,1561,4.27378507871321,100.0
02737301,2016-09-23,2020-12-31,1076,1076,1076,0,1560,4.271047227926078,100.0
02784101,2016-08-18,2020-12-31,1074,1074,1074,0,1596,4.369609856262834,100.0
02885301,2014-12-31,2019-04-03,1071,1071,1071,0,1554,4.254620123203286,100.0
02830901C,2016-09-28,2020-12-31,1069,1069,1069,0,1555,4.257357973990418,100.0
00600301,2014-12-31,2019-03-29,1068,1068,1068,0,1549,4.240930869267625,100.0
15737302,2016-10-04,2020-12-31,1068,1068,1068,0,1549,4.240930869267625,100.0
01479306,2016-10-05,2020-12-31,1068,1068,1068,0,1548,4.238193018480493,100.0
02808401,2016-10-06,2020-12-31,1067,1067,1067,0,1547,4.2354551676933605,100.0
13760901,2014-12-31,2020-12-31,1066,1066,1066,0,2192,6.0013689253935665,100.0
01907101,2016-10-07,2020-12-31,1066,1066,1066,0,1546,4.232717316906228,100.0
03169201,2014-12-31,2019-03-21,1062,1062,1062,0,1541,4.219028062970568,100.0
02183401,2016-10-14,2020-12-31,1061,1061,1061,0,1539,4.213552361396304,100.0
01288601,2014-12-31,2019-03-19,1060,1060,1060,0,1539,4.213552361396304,100.0
02733301,2016-10-17,2020-12-31,1060,1060,1060,0,1536,4.205338809034908,100.0
02763801,2016-10-18,2020-12-31,1058,1058,1058,0,1535,4.202600958247776,100.0
00446001,2014-12-31,2019-03-13,1056,1056,1056,0,1533,4.1971252566735116,100.0
01977001,2014-12-31,2019-03-12,1055,1055,1055,0,1532,4.1943874058863795,100.0
02808001,2014-12-31,2019-03-07,1052,1052,1052,0,1527,4.180698151950718,100.0
03122701,2014-12-31,2019-03-07,1052,1052,1052,0,1527,4.180698151950718,100.0
02842101,2016-10-27,2020-12-31,1052,1052,1052,0,1526,4.177960301163586,100.0
02757501,2016-10-28,2020-12-31,1051,1051,1051,0,1525,4.175222450376454,100.0
02819201,2016-11-01,2020-12-31,1049,1049,1049,0,1521,4.164271047227926,100.0
02879001,2016-11-01,2020-12-31,1048,1048,1048,0,1521,4.164271047227926,100.0
03014601,2014-12-31,2019-02-28,1047,1047,1047,0,1520,4.161533196440794,100.0
17730001,2014-12-31,2019-02-28,1047,1047,1047,0,1520,4.161533196440794,100.0
17978201,2014-12-31,2019-02-28,1047,1047,1047,0,1520,4.161533196440794,100.0
17983101,2014-12-31,2019-02-27,1046,1046,1046,0,1519,4.158795345653662,100.0
16359401,2014-12-31,2019-02-26,1045,1045,1045,0,1518,4.15605749486653,100.0
02061902,2014-12-31,2019-02-28,1044,1044,1044,0,1520,4.161533196440794,100.0
10522203C,2016-11-03,2020-12-31,1042,1042,1042,0,1519,4.158795345653662,100.0
18503001,2014-12-31,2019-02-21,1042,1042,1042,0,1513,4.142368240930869,100.0
02101601,2014-12-31,2019-02-14,1038,1038,1038,0,1506,4.123203285420945,100.0
15735301,2014-12-31,2019-02-14,1038,1038,1038,0,1506,4.123203285420945,100.0
02917301,2014-12-31,2019-02-13,1037,1037,1037,0,1505,4.120465434633813,100.0
00844005,2016-11-15,2020-12-31,1035,1035,1035,0,1507,4.125941136208077,100.0
17793001,2014-12-31,2019-02-11,1035,1035,1035,0,1503,4.114989733059549,100.0
00427401,2014-12-31,2019-02-01,1029,1029,1029,0,1493,4.087611225188227,100.0
00591801,2014-12-31,2019-01-31,1028,1028,1028,0,1492,4.084873374401095,100.0
18652001,2014-12-31,2019-01-31,1028,1028,1028,0,1492,4.084873374401095,100.0
01098101,2014-12-31,2019-01-30,1027,1027,1027,0,1491,4.082135523613963,100.0
06522601,2014-12-31,2020-12-30,1026,1026,1026,0,2191,5.9986310746064335,100.0
01509301,2014-12-31,2019-01-28,1025,1025,1025,0,1489,4.076659822039699,100.0
02191801,2014-12-31,2019-01-25,1024,1024,1024,0,1486,4.068446269678303,100.0
15027701,2014-12-31,2019-01-25,1024,1024,1024,0,1486,4.068446269678303,100.0
17096901,2014-12-31,2019-01-18,1020,1020,1020,0,1479,4.049281314168378,100.0
01241301,2014-12-31,2019-01-11,1015,1015,1015,0,1472,4.030116358658453,100.0
02329401,2015-03-19,2019-03-29,1015,1015,1015,0,1471,4.027378507871321,100.0
01877401,2014-12-31,2019-01-09,1013,1013,1013,0,1470,4.024640657084189,100.0
18749001,2014-12-31,2019-01-09,1013,1013,1013,0,1470,4.024640657084189,100.0
00944501,2014-12-31,2018-12-31,1007,1007,1007,0,1461,4.0,100.0
02132601,2014-12-31,2018-12-31,1007,1007,1007,0,1461,4.0,100.0
16248902,2014-12-31,2018-12-31,1007,1007,1007,0,1461,4.0,100.0
18382601,2014-12-31,2018-12-31,1007,1007,1007,0,1461,4.0,100.0
18725201,2014-12-31,2018-12-31,1007,1007,1007,0,1461,4.0,100.0
02535601,2014-12-31,2018-12-20,1001,1001,1001,0,1450,3.969883641341547,100.0
18542801,2014-12-31,2018-12-20,1001,1001,1001,0,1450,3.969883641341547,100.0
02481001,2014-12-31,2018-12-19,1000,1000,1000,0,1449,3.9671457905544147,100.0
15083801,2014-12-31,2018-12-19,1000,1000,1000,0,1449,3.9671457905544147,100.0
03092301,2017-01-17,2020-12-31,998,998,998,0,1444,3.9534565366187544,100.0
17773901,2014-12-31,2018-12-14,997,997,997,0,1444,3.9534565366187544,100.0
02952401,2017-01-20,2020-12-31,995,995,995,0,1441,3.9452429842573578,100.0
00484201,2014-12-31,2018-12-07,992,992,992,0,1437,3.9342915811088295,100.0
13394401,2014-12-31,2018-12-07,992,992,992,0,1437,3.9342915811088295,100.0
02369701,2014-12-31,2018-12-06,991,991,991,0,1436,3.9315537303216974,100.0
16535801,2014-12-31,2018-12-04,990,990,990,0,1434,3.9260780287474333,100.0
18595201,2017-01-27,2020-12-31,990,990,990,0,1434,3.9260780287474333,100.0
29631801,2014-12-31,2018-12-04,990,990,990,0,1434,3.9260780287474333,100.0
00435101,2014-12-31,2018-11-29,987,987,987,0,1429,3.912388774811773,100.0
02630501,2017-02-01,2020-12-31,987,987,987,0,1429,3.912388774811773,100.0
03000401,2017-02-01,2020-12-31,987,987,987,0,1429,3.912388774811773,100.0
00117701,2014-12-31,2018-11-28,986,986,986,0,1428,3.909650924024641,100.0
16600502,2014-12-31,2018-11-28,986,986,986,0,1428,3.909650924024641,100.0
14406601,2014-12-31,2018-11-26,984,984,984,0,1426,3.9041752224503763,100.0
03024101,2017-02-10,2020-12-31,980,980,980,0,1420,3.887748117727584,100.0
12029701,2014-12-31,2018-11-15,978,978,978,0,1415,3.8740588637919235,100.0
06484801,2014-12-31,2018-11-14,977,977,977,0,1414,3.871321013004791,100.0
15467701C,2014-12-31,2018-11-09,970,970,970,0,1409,3.8576317590691307,100.0
00331001,2014-12-31,2018-11-02,969,969,969,0,1402,3.838466803559206,100.0
16468001,2014-12-31,2018-11-02,969,969,969,0,1402,3.838466803559206,100.0
03007601,2017-03-01,2020-12-31,968,968,968,0,1401,3.8357289527720737,100.0
18533401,2014-12-31,2018-10-25,963,963,963,0,1394,3.8165639972621492,100.0
01019001,2014-12-31,2018-10-19,959,959,959,0,1388,3.800136892539357,100.0
03057101,2017-03-15,2020-12-31,958,958,958,0,1387,3.7973990417522243,100.0
14172001,2014-12-31,2018-10-18,957,957,957,0,1387,3.7973990417522243,100.0
00567101,2014-12-31,2018-10-12,954,954,954,0,1381,3.780971937029432,100.0
15193001C,2014-12-31,2018-10-17,953,953,953,0,1386,3.7946611909650922,100.0
06596701,2014-12-31,2018-10-10,952,952,952,0,1379,3.7754962354551678,100.0
16391601,2014-12-31,2018-10-10,952,952,952,0,1379,3.7754962354551678,100.0
06527001,2014-12-31,2018-10-09,951,951,951,0,1378,3.7727583846680357,100.0
02234301,2014-12-31,2018-10-08,950,950,950,0,1377,3.7700205338809036,100.0
11341901,2014-12-31,2018-10-04,948,948,948,0,1373,3.759069130732375,100.0
14246003,2017-04-03,2020-12-31,945,945,945,0,1368,3.7453798767967146,100.0
01046601,2014-12-31,2018-09-28,944,944,944,0,1367,3.7426420260095825,100.0
11177901,2014-12-31,2018-09-28,944,944,944,0,1367,3.7426420260095825,100.0
02183301,2017-04-05,2020-12-31,943,943,943,0,1366,3.7399041752224504,100.0
26419301,2017-04-06,2020-12-31,942,942,942,0,1365,3.7371663244353184,100.0
01929601,2014-12-31,2018-09-19,937,937,937,0,1358,3.7180013689253935,100.0
03039701,2017-04-13,2020-12-31,937,937,937,0,1358,3.7180013689253935,100.0
03096201,2017-04-13,2020-12-31,937,937,937,0,1358,3.7180013689253935,100.0
02359401,2015-05-08,2019-01-25,936,936,936,0,1358,3.7180013689253935,100.0
02968001,2017-04-21,2020-12-31,932,932,932,0,1350,3.696098562628337,100.0
02431801,2014-12-31,2018-09-11,931,931,931,0,1350,3.696098562628337,100.0
03099801,2017-04-28,2020-12-31,927,927,927,0,1343,3.676933607118412,100.0
03100401,2017-04-28,2020-12-31,927,927,927,0,1343,3.676933607118412,100.0
18039501,2014-12-31,2018-08-31,925,925,925,0,1339,3.6659822039698837,100.0
02307201,2015-05-12,2019-01-10,924,924,924,0,1339,3.6659822039698837,100.0
03066401,2017-03-23,2020-12-31,923,923,923,0,1379,3.7754962354551678,100.0
03109401,2017-05-04,2020-12-31,923,923,923,0,1337,3.6605065023956196,100.0
03110901,2017-05-04,2020-12-31,923,923,923,0,1337,3.6605065023956196,100.0
02393501,2015-06-19,2019-02-14,921,921,921,0,1336,3.6577686516084875,100.0
17088901C,2014-12-31,2018-08-27,918,918,918,0,1335,3.6550308008213555,100.0
03009802,2017-05-12,2020-12-31,917,917,917,0,1329,3.6386036960985626,100.0
02721501,2016-07-20,2020-06-01,916,916,916,0,1412,3.865845311430527,100.0
00947201,2014-12-31,2018-08-20,916,916,916,0,1328,3.6358658453114305,100.0
16273301,2014-12-31,2018-08-17,915,915,915,0,1325,3.6276522929500343,100.0
16392101,2014-12-31,2018-08-10,910,910,910,0,1318,3.6084873374401094,100.0
25951801,2017-05-30,2020-12-31,906,906,906,0,1311,3.589322381930185,100.0
02488801,2014-12-31,2018-07-31,902,902,902,0,1308,3.5811088295687883,100.0
16387801,2014-12-31,2018-07-31,902,902,902,0,1308,3.5811088295687883,100.0
10854801C,2014-12-31,2018-08-10,895,895,895,0,1318,3.6084873374401094,100.0
02215901,2014-12-31,2018-07-20,895,895,895,0,1297,3.5509924709103355,100.0
17413501,2014-12-31,2018-07-20,895,895,895,0,1297,3.5509924709103355,100.0
03181901,2017-06-14,2020-12-31,895,895,895,0,1296,3.5482546201232035,100.0
02065001C,2014-12-31,2018-07-23,894,894,894,0,1300,3.5592060232717317,100.0
01917101,2014-12-31,2018-07-18,893,893,893,0,1295,3.5455167693360714,100.0
18400901,2014-12-31,2018-07-18,893,893,893,0,1295,3.5455167693360714,100.0
16475601,2014-12-31,2018-07-17,892,892,892,0,1294,3.542778918548939,100.0
17799601,2014-12-31,2018-07-17,892,892,892,0,1294,3.542778918548939,100.0
06545903,2014-12-31,2018-07-13,890,890,890,0,1290,3.5318275154004106,100.0
01248512,2017-06-22,2020-12-31,889,889,889,0,1288,3.5263518138261465,100.0
17970001,2014-12-31,2018-07-09,886,886,886,0,1286,3.5208761122518824,100.0
01129601,2014-12-31,2018-07-06,885,885,885,0,1283,3.512662559890486,100.0
17722501,2014-12-31,2018-07-05,884,884,884,0,1282,3.509924709103354,100.0
11006501,2014-12-31,2018-07-02,882,882,882,0,1279,3.5017111567419574,100.0
27372601,2014-12-31,2018-07-02,882,882,882,0,1279,3.5017111567419574,100.0
01511701,2014-12-31,2018-06-29,881,881,881,0,1276,3.4934976043805612,100.0
01723902,2014-12-31,2018-06-29,881,881,881,0,1276,3.4934976043805612,100.0
03210601,2017-07-05,2020-12-31,881,881,881,0,1275,3.490759753593429,100.0
27372601W,2015-01-02,2018-07-02,878,878,878,0,1277,3.4962354551676933,100.0
02766901,2016-07-20,2020-01-14,878,878,878,0,1273,3.485284052019165,100.0
00163301,2014-12-31,2018-06-22,876,876,876,0,1269,3.4743326488706368,100.0
03179601C,2017-07-07,2020-12-31,875,875,875,0,1273,3.485284052019165,100.0
18630801,2014-12-31,2018-06-18,872,872,872,0,1265,3.463381245722108,100.0
02535701,2014-12-31,2018-06-15,871,871,871,0,1262,3.455167693360712,100.0
01755001,2014-12-31,2018-06-14,870,870,870,0,1261,3.4524298425735798,100.0
02505601,2014-12-31,2018-06-14,870,870,870,0,1261,3.4524298425735798,100.0
02322001,2014-12-31,2018-06-06,864,864,864,0,1253,3.430527036276523,100.0
14076001,2014-12-31,2018-06-06,864,864,864,0,1253,3.430527036276523,100.0
02847001,2016-10-26,2020-04-01,863,863,863,0,1253,3.430527036276523,100.0
02540501,2014-12-31,2018-06-05,863,863,863,0,1252,3.4277891854893907,100.0
00633401,2014-12-31,2018-06-04,862,862,862,0,1251,3.4250513347022586,100.0
16636301,2014-12-31,2018-05-31,860,860,860,0,1247,3.4140999315537304,100.0
18527701,2014-12-31,2018-05-31,860,860,860,0,1247,3.4140999315537304,100.0
10785301C,2014-12-31,2018-05-31,858,858,858,0,1247,3.4140999315537304,100.0
17431401C,2014-12-31,2018-05-30,857,857,857,0,1246,3.4113620807665983,100.0
00734601,2014-12-31,2018-05-25,857,857,857,0,1241,3.3976728268309375,100.0
01964001C,2014-12-31,2018-05-23,852,852,852,0,1239,3.3921971252566734,100.0
01647401C,2014-12-31,2018-05-14,846,846,846,0,1230,3.3675564681724848,100.0
06454901,2014-12-31,2018-05-10,846,846,846,0,1226,3.356605065023956,100.0
18047501C,2014-12-31,2018-05-11,844,844,844,0,1227,3.359342915811088,100.0
17574101,2014-12-31,2018-04-26,836,836,836,0,1212,3.3182751540041067,100.0
00370701,2014-12-31,2018-04-16,828,828,828,0,1202,3.2908966461327855,100.0
02549503,2014-12-31,2018-04-06,822,822,822,0,1192,3.263518138261465,100.0
03238301,2017-09-28,2020-12-31,821,821,821,0,1190,3.2580424366872007,100.0
03228501,2017-09-29,2020-12-31,820,820,820,0,1189,3.2553045859000687,100.0
01380001,2014-12-31,2018-03-29,817,817,817,0,1184,3.241615331964408,100.0
02311101,2014-12-31,2018-03-29,817,817,817,0,1184,3.241615331964408,100.0
02496501,2014-12-31,2018-03-29,817,817,817,0,1184,3.241615331964408,100.0
17036001,2014-12-31,2018-03-29,817,817,817,0,1184,3.241615331964408,100.0
19415801C,2014-12-31,2018-04-02,816,816,816,0,1188,3.252566735112936,100.0
03246901,2017-10-06,2020-12-31,815,815,815,0,1182,3.2361396303901437,100.0
00657401,2014-12-31,2018-03-23,813,813,813,0,1178,3.2251882272416155,100.0
03258001,2017-10-18,2020-12-31,804,804,804,0,1170,3.2032854209445585,100.0
01337501,2014-12-31,2018-03-08,802,802,802,0,1163,3.184120465434634,100.0
01340601,2014-12-31,2018-03-08,802,802,802,0,1163,3.184120465434634,100.0
03241301,2017-10-26,2020-12-31,801,801,801,0,1162,3.1813826146475015,100.0
18016701,2014-12-31,2018-03-06,800,800,800,0,1161,3.1786447638603694,100.0
02223001,2014-12-31,2018-03-05,799,799,799,0,1160,3.1759069130732374,100.0
03253001,2017-11-01,2020-12-31,797,797,797,0,1156,3.164955509924709,100.0
03261001,2017-11-02,2020-12-31,796,796,796,0,1155,3.162217659137577,100.0
14763801,2014-12-31,2018-02-28,796,796,796,0,1155,3.162217659137577,100.0
03125202,2017-06-29,2020-12-31,793,793,793,0,1281,3.5071868583162216,100.0
03267001C,2017-11-03,2020-12-31,793,793,793,0,1154,3.159479808350445,100.0
03260001,2017-11-08,2020-12-31,792,792,792,0,1149,3.1457905544147846,100.0
06413501,2014-12-31,2018-02-20,790,790,790,0,1147,3.14031485284052,100.0
01187702,2017-11-17,2020-12-31,785,785,785,0,1140,3.1211498973305956,100.0
03264101,2017-11-17,2020-12-31,785,785,785,0,1140,3.1211498973305956,100.0
01000202,2014-12-31,2018-02-12,785,785,785,0,1139,3.1184120465434635,100.0
01883801,2014-12-31,2018-02-09,784,784,784,0,1136,3.1101984941820673,100.0
03237201,2017-11-14,2020-12-31,782,782,782,0,1143,3.1293634496919918,100.0
01911601,2014-12-31,2018-02-07,782,782,782,0,1134,3.1047227926078027,100.0
01523501,2014-12-31,2018-02-06,781,781,781,0,1133,3.1019849418206706,100.0
15721801,2014-12-31,2018-02-02,779,779,779,0,1129,3.0910335386721424,100.0
18451401,2014-12-31,2018-02-01,778,778,778,0,1128,3.0882956878850103,100.0
03277101,2017-11-30,2020-12-31,777,777,777,0,1127,3.0855578370978782,100.0
01958001,2014-12-31,2018-01-30,776,776,776,0,1126,3.082819986310746,100.0
02243901,2017-12-07,2020-12-31,772,772,772,0,1120,3.0663928815879533,100.0
02670901,2016-09-19,2019-10-04,767,767,767,0,1110,3.0390143737166326,100.0
03274801,2017-12-15,2020-12-31,766,766,766,0,1112,3.0444900752908968,100.0
00228201,2014-12-31,2018-01-11,764,764,764,0,1107,3.030800821355236,100.0
02816901,2014-12-31,2017-12-29,756,756,756,0,1094,2.9952087611225187,100.0
18040201,2014-12-31,2017-12-29,756,756,756,0,1094,2.9952087611225187,100.0
00204401,2014-12-31,2017-12-28,755,755,755,0,1093,2.9924709103353866,100.0
17659501,2014-12-31,2017-12-26,753,753,753,0,1091,2.9869952087611225,100.0
03028401,2018-01-16,2020-12-31,747,747,747,0,1080,2.9568788501026693,100.0
14146202,2015-06-25,2018-06-11,746,746,746,0,1082,2.9623545516769334,100.0
03293001,2018-01-19,2020-12-31,744,744,744,0,1077,2.948665297741273,100.0
02956501,2017-01-27,2020-01-09,743,743,743,0,1077,2.948665297741273,100.0
17792401,2014-12-31,2017-12-07,741,741,741,0,1072,2.9349760438056127,100.0
01863501,2014-12-31,2017-11-30,736,736,736,0,1065,2.915811088295688,100.0
18754901,2014-12-31,2017-11-30,736,736,736,0,1065,2.915811088295688,100.0
03306701,2018-02-02,2020-12-31,734,734,734,0,1063,2.9103353867214237,100.0
02179901,2018-02-08,2020-12-31,730,730,730,0,1057,2.8939082819986313,100.0
03293801,2018-02-08,2020-12-31,730,730,730,0,1057,2.8939082819986313,100.0
02107901,2014-12-31,2017-11-17,728,728,728,0,1052,2.8802190280629705,100.0
12077401,2014-12-31,2017-11-16,727,727,727,0,1051,2.8774811772758384,100.0
01937701,2014-12-31,2017-11-10,723,723,723,0,1045,2.861054072553046,100.0
03180201,2017-11-21,2020-10-01,720,720,720,0,1045,2.861054072553046,100.0
01553301,2014-12-31,2017-11-01,716,716,716,0,1036,2.836413415468857,100.0
01843101,2014-12-31,2017-10-30,714,714,714,0,1034,2.830937713894593,100.0
03287901,2018-02-01,2020-11-30,713,713,713,0,1033,2.8281998631074607,100.0
03255701,2017-10-27,2020-08-14,704,704,704,0,1022,2.7980835044490076,100.0
02504701,2014-12-31,2017-10-13,703,703,703,0,1017,2.784394250513347,100.0
18633603,2017-01-19,2019-10-30,701,701,701,0,1014,2.7761806981519506,100.0
06405502,2014-12-31,2017-10-10,700,700,700,0,1014,2.7761806981519506,100.0
18589401,2017-03-10,2019-12-18,700,700,700,0,1013,2.7734428473648185,100.0
00186001,2014-12-31,2017-10-05,697,697,697,0,1009,2.7624914442162902,100.0
03344901,2018-04-02,2020-12-31,695,695,695,0,1004,2.74880219028063,100.0
06627701C,2014-12-31,2017-10-04,694,694,694,0,1008,2.759753593429158,100.0
02064301,2014-12-31,2017-10-02,694,694,694,0,1006,2.754277891854894,100.0
14615601,2014-12-31,2017-10-02,694,694,694,0,1006,2.754277891854894,100.0
02924601,2014-12-31,2017-09-29,693,693,693,0,1003,2.746064339493498,100.0
06160001,2014-12-31,2017-09-29,693,693,693,0,1003,2.746064339493498,100.0
17568801,2014-12-31,2017-09-27,691,691,691,0,1001,2.7405886379192332,100.0
25951801W,2014-12-31,2020-11-27,687,687,687,0,2158,5.908281998631074,100.0
01833901,2014-12-31,2017-09-18,684,684,684,0,992,2.7159479808350446,100.0
32668801,2018-04-17,2020-12-31,684,684,684,0,989,2.707734428473648,100.0
11540401,2014-12-31,2017-09-15,683,683,683,0,989,2.707734428473648,100.0
06115303,2018-04-19,2020-12-31,682,682,682,0,987,2.702258726899384,100.0
16369701C,2014-12-31,2017-09-15,681,681,681,0,989,2.707734428473648,100.0
01552101,2014-12-31,2017-09-12,680,680,680,0,986,2.6995208761122518,100.0
02453901,2014-12-31,2017-09-11,679,679,679,0,985,2.6967830253251197,100.0
03327501,2018-04-27,2020-12-31,676,676,676,0,979,2.6803559206023273,100.0
03332601,2018-04-27,2020-12-31,676,676,676,0,979,2.6803559206023273,100.0
03342101,2018-04-27,2020-12-31,676,676,676,0,979,2.6803559206023273,100.0
01343103,2017-07-26,2020-12-31,675,675,675,0,1254,3.433264887063655,100.0
00408701,2014-12-31,2017-08-31,673,673,673,0,974,2.6666666666666665,100.0
11808101,2014-12-31,2017-08-31,673,673,673,0,974,2.6666666666666665,100.0
16622401,2014-12-31,2017-08-31,673,673,673,0,974,2.6666666666666665,100.0
02489301,2014-12-31,2017-08-25,669,669,669,0,968,2.650239561943874,100.0
03345901,2018-05-09,2020-12-31,668,668,668,0,967,2.647501711156742,100.0
03276701,2018-05-10,2020-12-31,667,667,667,0,966,2.64476386036961,100.0
03344601,2018-05-17,2020-12-31,662,662,662,0,959,2.625598904859685,100.0
03324301,2018-05-18,2020-12-31,660,660,660,0,958,2.622861054072553,100.0
03353301,2018-05-23,2020-12-31,658,658,658,0,953,2.6091718001368926,100.0
02485301,2014-12-31,2017-08-09,657,657,657,0,952,2.6064339493497606,100.0
03343901,2018-05-24,2020-12-31,657,657,657,0,952,2.6064339493497606,100.0
03365201,2018-06-01,2020-12-31,652,652,652,0,944,2.5845311430527036,100.0
03208601,2017-06-30,2020-01-30,650,650,650,0,944,2.5845311430527036,100.0
12087701,2014-12-31,2017-07-24,645,645,645,0,936,2.5626283367556466,100.0
03155301C,2017-05-30,2019-12-18,643,643,643,0,932,2.5516769336071183,100.0
03260803,2017-11-17,2020-12-31,642,642,642,0,1140,3.1211498973305956,100.0
03361001,2018-06-15,2020-12-31,642,642,642,0,930,2.546201232032854,100.0
02411301,2014-12-31,2017-07-17,640,640,640,0,929,2.543463381245722,100.0
00676801,2014-12-31,2017-07-11,636,636,636,0,923,2.5270362765229293,100.0
03360101,2018-06-28,2020-12-31,633,633,633,0,917,2.510609171800137,100.0
00197601,2014-12-31,2017-07-03,631,631,631,0,915,2.5051334702258727,100.0
02891901,2014-12-31,2017-06-30,630,630,630,0,912,2.4969199178644765,100.0
16393901,2014-12-31,2017-06-30,630,630,630,0,912,2.4969199178644765,100.0
01769901,2014-12-31,2017-06-27,627,627,627,0,909,2.48870636550308,100.0
02887702,2018-07-10,2020-12-31,626,626,626,0,905,2.4777549623545516,100.0
12181601,2014-12-31,2017-06-22,624,624,624,0,904,2.4750171115674195,100.0
03372001,2018-07-18,2020-12-31,620,620,620,0,897,2.455852156057495,100.0
10969901,2014-12-31,2017-06-15,619,619,619,0,897,2.455852156057495,100.0
03372401,2018-07-19,2020-12-31,619,619,619,0,896,2.4531143052703626,100.0
14654301C,2014-12-31,2017-06-15,618,618,618,0,897,2.455852156057495,100.0
18083301,2014-12-31,2017-06-14,618,618,618,0,896,2.4531143052703626,100.0
18642801,2014-12-31,2017-06-08,614,614,614,0,890,2.43668720054757,100.0
03129501,2018-07-26,2020-12-31,614,614,614,0,889,2.433949349760438,100.0
16565201,2014-12-31,2017-06-01,609,609,609,0,883,2.4175222450376452,100.0
01109601,2014-12-31,2017-05-31,608,608,608,0,882,2.414784394250513,100.0
02893801,2014-12-31,2017-05-26,606,606,606,0,877,2.401095140314853,100.0
13723201,2014-12-31,2017-05-26,606,606,606,0,877,2.401095140314853,100.0
01817701,2014-12-31,2017-05-22,602,602,602,0,873,2.3901437371663246,100.0
03401001,2018-08-14,2020-12-31,601,601,601,0,870,2.3819301848049284,100.0
18518001,2014-12-31,2017-05-17,599,599,599,0,868,2.3764544832306638,100.0
02630401,2015-11-16,2018-04-03,598,598,598,0,869,2.379192334017796,100.0
06157601,2014-12-31,2017-05-05,591,591,591,0,856,2.3436002737850785,100.0
19475501,2014-12-31,2017-05-04,590,590,590,0,855,2.3408624229979464,100.0
02531401,2014-12-31,2017-05-01,587,587,587,0,852,2.3326488706365502,100.0
14720801,2014-12-31,2017-04-28,586,586,586,0,849,2.324435318275154,100.0
01726601,2014-12-31,2017-04-27,585,585,585,0,848,2.321697467488022,100.0
18765301,2014-12-31,2017-04-27,585,585,585,0,848,2.321697467488022,100.0
11262601,2014-12-31,2017-04-21,581,581,581,0,842,2.305270362765229,100.0
01378901,2014-12-31,2017-04-20,580,580,580,0,841,2.302532511978097,100.0
02790901,2016-09-23,2019-01-09,577,577,577,0,838,2.294318959616701,100.0
03405101,2018-09-17,2020-12-31,577,577,577,0,836,2.2888432580424367,100.0
01897501,2014-12-31,2017-04-13,576,576,576,0,834,2.2833675564681726,100.0
02148701,2014-12-31,2017-04-12,575,575,575,0,833,2.2806297056810405,100.0
01354001,2014-12-31,2017-04-11,574,574,574,0,832,2.2778918548939084,100.0
03414001,2018-09-26,2020-12-31,571,571,571,0,827,2.2642026009582477,100.0
01300302,2014-12-31,2017-04-05,570,570,570,0,826,2.2614647501711156,100.0
02184501,2014-12-31,2017-04-05,570,570,570,0,826,2.2614647501711156,100.0
11850201,2014-12-31,2017-04-04,569,569,569,0,825,2.2587268993839835,100.0
02681801,2016-02-11,2018-05-14,568,568,568,0,823,2.2532511978097194,100.0
02724501,2016-05-26,2018-08-24,567,567,567,0,820,2.245037645448323,100.0
00725101,2014-12-31,2017-03-30,566,566,566,0,820,2.245037645448323,100.0
15224901,2014-12-31,2017-03-28,564,564,564,0,818,2.239561943874059,100.0
11460802,2014-12-31,2017-03-27,563,563,563,0,817,2.236824093086927,100.0
03404801,2018-10-11,2020-12-31,560,560,560,0,812,2.223134839151266,100.0
00493601,2014-12-31,2017-03-21,559,559,559,0,811,2.220396988364134,100.0
03423601,2018-10-12,2020-12-31,559,559,559,0,811,2.220396988364134,100.0
06501801C,2014-12-31,2017-03-20,557,557,557,0,810,2.217659137577002,100.0
17969002,2018-10-19,2020-12-31,554,554,554,0,804,2.2012320328542097,100.0
01221601,2014-12-31,2017-03-10,552,552,552,0,800,2.190280629705681,100.0
01278801,2014-12-31,2017-03-10,552,552,552,0,800,2.190280629705681,100.0
12251501,2014-12-31,2017-03-10,552,552,552,0,800,2.190280629705681,100.0
32879501,2018-10-30,2020-12-31,547,547,547,0,793,2.1711156741957565,100.0
03433701,2018-10-31,2020-12-31,546,546,546,0,792,2.1683778234086244,100.0
03434201,2018-10-31,2020-12-31,546,546,546,0,792,2.1683778234086244,100.0
00309301,2014-12-31,2017-02-27,543,543,543,0,789,2.1601642710472277,100.0
06239101,2014-12-31,2017-02-24,542,542,542,0,786,2.1519507186858315,100.0
17628201,2014-12-31,2017-02-24,542,542,542,0,786,2.1519507186858315,100.0
13076201,2014-12-31,2017-02-23,541,541,541,0,785,2.1492128678986995,100.0
03432701,2018-11-14,2020-12-31,536,536,536,0,778,2.130047912388775,100.0
03067401,2014-12-31,2017-02-15,536,536,536,0,777,2.127310061601643,100.0
02913801,2016-12-14,2019-01-31,535,535,535,0,778,2.130047912388775,100.0
03441501,2018-11-15,2020-12-31,535,535,535,0,777,2.127310061601643,100.0
14518603,2014-12-31,2017-02-10,533,533,533,0,772,2.113620807665982,100.0
17876701,2014-12-31,2017-02-09,532,532,532,0,771,2.11088295687885,100.0
01403201,2014-12-31,2017-02-08,531,531,531,0,770,2.108145106091718,100.0
03092301W,2014-12-31,2017-01-16,525,525,525,0,747,2.0451745379876796,100.0
00460002,2014-12-31,2017-01-23,519,519,519,0,754,2.0643394934976045,100.0
14281101,2014-12-31,2017-01-13,514,514,514,0,744,2.0369609856262834,100.0
02189501,2015-02-06,2017-02-16,512,512,512,0,741,2.028747433264887,100.0
02069301,2014-12-31,2017-01-10,511,511,511,0,741,2.028747433264887,100.0
00937201,2014-12-31,2017-01-04,507,507,507,0,735,2.0123203285420943,100.0
01448908,2018-12-28,2020-12-31,507,507,507,0,734,2.0095824777549622,100.0
06534501,2014-12-31,2017-01-03,506,506,506,0,734,2.0095824777549622,100.0
00433101,2014-12-31,2016-12-30,505,505,505,0,730,1.998631074606434,100.0
01266901,2014-12-31,2016-12-20,498,498,498,0,720,1.9712525667351128,100.0
02126101,2014-12-31,2016-12-13,493,493,493,0,713,1.9520876112251881,100.0
03228001,2014-12-31,2016-12-08,490,490,490,0,708,1.9383983572895278,100.0
18634201,2014-12-31,2016-12-07,489,489,489,0,707,1.9356605065023955,100.0
06391901,2014-12-31,2016-12-05,487,487,487,0,705,1.9301848049281314,100.0
01843201,2014-12-31,2016-12-01,485,485,485,0,701,1.919233401779603,100.0
01867901,2014-12-31,2016-12-01,485,485,485,0,701,1.919233401779603,100.0
03441801,2019-01-31,2020-12-31,485,485,485,0,700,1.9164955509924708,100.0
17731301,2014-12-31,2016-11-29,483,483,483,0,699,1.9137577002053388,100.0
06155201,2014-12-31,2016-11-28,482,482,482,0,698,1.9110198494182067,100.0
03476501,2019-02-05,2020-12-31,482,482,482,0,695,1.9028062970568105,100.0
06626801,2014-12-31,2016-11-11,472,472,472,0,681,1.864476386036961,100.0
13680401,2014-12-31,2016-11-04,467,467,467,0,674,1.8453114305270362,100.0
17044401,2014-12-31,2016-11-04,467,467,467,0,674,1.8453114305270362,100.0
17908401,2014-12-31,2016-11-04,467,467,467,0,674,1.8453114305270362,100.0
17992501,2014-12-31,2016-11-02,465,465,465,0,672,1.839835728952772,100.0
10522201,2014-12-31,2016-11-01,463,463,463,0,671,1.83709787816564,100.0
00135601,2014-12-31,2016-10-31,463,463,463,0,670,1.834360027378508,100.0
06415601,2014-12-31,2016-10-31,463,463,463,0,670,1.834360027378508,100.0
14411501,2014-12-31,2016-10-28,462,462,462,0,667,1.8261464750171115,100.0
03485401,2019-03-07,2020-12-31,461,461,461,0,665,1.8206707734428473,100.0
03463602,2019-03-13,2020-12-31,457,457,457,0,659,1.8042436687200547,100.0
03444301,2019-03-20,2020-12-31,452,452,452,0,652,1.78507871321013,100.0
18586801C,2014-12-31,2016-10-17,451,451,451,0,656,1.7960301163586585,100.0
16366901,2014-12-31,2016-10-13,451,451,451,0,652,1.78507871321013,100.0
01647603,2019-03-21,2020-12-31,451,451,451,0,651,1.782340862422998,100.0
03425902,2018-11-26,2020-12-31,447,447,447,0,766,2.0971937029431897,100.0
02724002,2019-03-29,2020-12-31,445,445,445,0,643,1.7604380561259412,100.0
02044002C,2014-12-31,2016-10-04,443,443,443,0,643,1.7604380561259412,100.0
00857701,2014-12-31,2016-10-03,443,443,443,0,642,1.757700205338809,100.0
01479301,2014-12-31,2016-10-04,442,442,442,0,643,1.7604380561259412,100.0
18781401,2014-12-31,2016-09-29,441,441,441,0,638,1.7467488021902806,100.0
03422101,2019-04-04,2020-12-31,441,441,441,0,637,1.7440109514031485,100.0
03488201,2019-04-04,2020-12-31,441,441,441,0,637,1.7440109514031485,100.0
03491901,2019-04-04,2020-12-31,441,441,441,0,637,1.7440109514031485,100.0
18400602,2017-01-10,2018-10-18,440,440,440,0,646,1.7686516084873374,100.0
16426601,2014-12-31,2016-09-27,439,439,439,0,636,1.7412731006160165,100.0
06273001,2014-12-31,2016-09-26,438,438,438,0,635,1.7385352498288844,100.0
06502601,2014-12-31,2016-09-26,438,438,438,0,635,1.7385352498288844,100.0
00572301,2014-12-31,2016-09-22,436,436,436,0,631,1.727583846680356,100.0
03188101,2014-12-31,2016-09-19,433,433,433,0,628,1.7193702943189597,100.0
00887301,2014-12-31,2016-09-16,432,432,432,0,625,1.7111567419575633,100.0
06564301,2014-12-31,2016-09-16,432,432,432,0,625,1.7111567419575633,100.0
00844001,2014-12-31,2016-09-12,428,428,428,0,621,1.700205338809035,100.0
12439401,2014-12-31,2016-09-07,425,425,425,0,616,1.6865160848733745,100.0
01205301,2014-12-31,2016-09-06,424,424,424,0,615,1.6837782340862424,100.0
01078701,2014-12-31,2016-09-02,423,423,423,0,611,1.672826830937714,100.0
01303201,2014-12-31,2016-09-01,422,422,422,0,610,1.6700889801505818,100.0
18536301,2014-12-31,2016-09-01,422,422,422,0,610,1.6700889801505818,100.0
01897601,2014-12-31,2016-08-31,421,421,421,0,609,1.6673511293634498,100.0
19245801,2014-12-31,2016-08-31,421,421,421,0,609,1.6673511293634498,100.0
03505501,2019-05-03,2020-12-31,421,421,421,0,608,1.6646132785763177,100.0
01289502,2014-12-31,2016-08-30,420,420,420,0,608,1.6646132785763177,100.0
26040802,2014-12-31,2016-08-30,420,420,420,0,608,1.6646132785763177,100.0
03503501,2019-05-09,2020-12-31,416,416,416,0,602,1.648186173853525,100.0
16091201,2014-12-31,2016-08-22,414,414,414,0,600,1.6427104722792607,100.0
27179401,2014-12-31,2016-08-22,414,414,414,0,600,1.6427104722792607,100.0
00467801,2014-12-31,2016-08-15,409,409,409,0,593,1.623545516769336,100.0
02979101,2014-12-31,2016-08-15,409,409,409,0,593,1.623545516769336,100.0
03516801,2019-05-24,2020-12-31,406,406,406,0,587,1.6071184120465434,100.0
17090401,2014-12-31,2016-08-01,399,399,399,0,579,1.5852156057494866,100.0
06421801,2014-12-31,2016-07-29,398,398,398,0,576,1.5770020533880904,100.0
10968301,2014-12-31,2016-07-29,398,398,398,0,576,1.5770020533880904,100.0
10024303,2019-06-11,2020-12-31,395,395,395,0,569,1.5578370978781657,100.0
03375001,2019-06-17,2020-12-31,391,391,391,0,563,1.541409993155373,100.0
17981701,2014-12-31,2016-07-15,386,386,386,0,562,1.538672142368241,100.0
01862501,2014-12-31,2016-07-12,385,385,385,0,559,1.5304585900068446,100.0
16458501,2014-12-31,2016-07-12,385,385,385,0,559,1.5304585900068446,100.0
01861301,2014-12-31,2016-07-11,384,384,384,0,558,1.5277207392197125,100.0
18768701,2014-12-31,2016-07-08,383,383,383,0,555,1.5195071868583163,100.0
03495401,2019-06-27,2020-12-31,383,383,383,0,553,1.514031485284052,100.0
03528001,2019-06-27,2020-12-31,383,383,383,0,553,1.514031485284052,100.0
03529001,2019-06-28,2020-12-31,382,382,382,0,552,1.51129363449692,100.0
00183701,2014-12-31,2016-06-30,378,378,378,0,547,1.4976043805612593,100.0
01027701,2014-12-31,2016-06-30,378,378,378,0,547,1.4976043805612593,100.0
17029701,2014-12-31,2016-06-23,373,373,373,0,540,1.4784394250513346,100.0
17943801,2014-12-31,2016-06-23,373,373,373,0,540,1.4784394250513346,100.0
01248501,2014-12-31,2016-06-20,370,370,370,0,537,1.4702258726899384,100.0
03333701,2019-07-18,2020-12-31,369,369,369,0,532,1.4565366187542779,100.0
03537401,2019-07-19,2020-12-31,368,368,368,0,531,1.4537987679671458,100.0
01991001,2014-12-31,2016-06-13,365,365,365,0,530,1.4510609171800137,100.0
01758101,2014-12-31,2016-06-10,364,364,364,0,527,1.4428473648186173,100.0
14839401C,2014-12-31,2016-05-31,356,356,356,0,517,1.4154688569472964,100.0
01641601,2014-12-31,2016-05-26,354,354,354,0,512,1.4017796030116358,100.0
15111801C,2014-12-31,2016-05-24,351,351,351,0,510,1.3963039014373717,100.0
01295001,2014-12-31,2016-05-20,350,350,350,0,506,1.3853524982888432,100.0
16663901,2014-12-31,2016-05-18,348,348,348,0,504,1.379876796714579,100.0
17640401,2014-12-31,2016-05-17,347,347,347,0,503,1.377138945927447,100.0
06151301,2014-12-31,2016-05-11,343,343,343,0,497,1.3607118412046544,100.0
00788301,2014-12-31,2016-04-29,335,335,335,0,485,1.3278576317590691,100.0
01443801,2014-12-31,2016-04-29,335,335,335,0,485,1.3278576317590691,100.0
16104001,2014-12-31,2016-04-22,330,330,330,0,478,1.3086926762491444,100.0
10522201C,2014-12-31,2016-04-18,326,326,326,0,474,1.297741273100616,100.0
02798001,2014-12-31,2016-04-15,325,325,325,0,471,1.2895277207392197,100.0
00285901,2014-12-31,2016-04-13,323,323,323,0,469,1.2840520191649556,100.0
00227101,2014-12-31,2016-04-11,321,321,321,0,467,1.2785763175906912,100.0
03539401,2019-07-25,2020-10-29,321,321,321,0,462,1.264887063655031,100.0
15201201C,2014-12-31,2016-04-07,319,319,319,0,463,1.267624914442163,100.0
02376701,2014-12-31,2016-04-04,316,316,316,0,460,1.2594113620807665,100.0
01707001,2014-12-31,2016-04-01,315,315,315,0,457,1.2511978097193703,100.0
06089401,2014-12-31,2016-04-01,315,315,315,0,457,1.2511978097193703,100.0
10522202W,2015-01-02,2016-04-18,314,314,314,0,472,1.2922655715263518,100.0
00869401,2014-12-31,2016-03-23,309,309,309,0,448,1.2265571526351813,100.0
02971001,2014-12-31,2016-03-23,309,309,309,0,448,1.2265571526351813,100.0
10544801C,2014-12-31,2016-03-23,309,309,309,0,448,1.2265571526351813,100.0
02909701,2014-12-31,2016-03-17,305,305,305,0,442,1.2101300479123889,100.0
11975601,2014-12-31,2016-03-07,297,297,297,0,432,1.1827515400410678,100.0
17742901,2014-12-31,2016-03-03,295,295,295,0,428,1.1718001368925393,100.0
16362701,2014-12-31,2016-02-26,291,291,291,0,422,1.1553730321697468,100.0
17487601,2014-12-31,2016-02-26,291,291,291,0,422,1.1553730321697468,100.0
02981901,2017-01-12,2018-03-08,290,290,290,0,420,1.1498973305954825,100.0
01570901,2014-12-31,2016-02-19,286,286,286,0,415,1.136208076659822,100.0
03171301C,2017-06-07,2018-07-26,286,286,286,0,414,1.1334702258726899,100.0
17665901,2014-12-31,2016-02-16,283,283,283,0,412,1.1279945242984257,100.0
03053501,2017-03-17,2018-05-01,283,283,283,0,410,1.1225188227241616,100.0
01998503,2016-07-21,2017-09-01,283,283,283,0,407,1.1143052703627652,100.0
03442901,2018-12-07,2020-01-22,282,282,282,0,411,1.1252566735112937,100.0
02398501,2017-11-14,2018-12-19,276,276,276,0,400,1.0951403148528405,100.0
00847501,2014-12-31,2016-02-03,275,275,275,0,399,1.0924024640657084,100.0
00871701,2014-12-31,2016-01-29,272,272,272,0,394,1.0787132101300478,100.0
01281501,2014-12-31,2016-01-29,272,272,272,0,394,1.0787132101300478,100.0
06670801,2014-12-31,2016-01-29,272,272,272,0,394,1.0787132101300478,100.0
16670501,2014-12-31,2016-01-29,272,272,272,0,394,1.0787132101300478,100.0
13770401,2014-12-31,2016-01-27,270,270,270,0,392,1.0732375085557837,100.0
14100101,2014-12-31,2016-01-21,266,266,266,0,386,1.056810403832991,100.0
02382701,2015-06-17,2016-06-30,263,263,263,0,379,1.0376454483230664,100.0
00302401,2014-12-31,2016-01-14,262,262,262,0,379,1.0376454483230664,100.0
02239701,2014-12-31,2016-01-07,257,257,257,0,372,1.0184804928131417,100.0
02988701,2014-12-31,2016-01-04,254,254,254,0,369,1.0102669404517455,100.0
02297005C,2019-12-30,2020-12-31,254,254,254,0,367,1.0047912388774811,100.0
01432401,2014-12-31,2015-12-24,249,249,249,0,358,0.9801505817932923,100.0
27416501,2014-12-31,2015-12-23,248,248,248,0,357,0.9774127310061602,100.0
02273401,2015-06-15,2016-06-02,245,245,245,0,353,0.9664613278576317,100.0
01090501,2014-12-31,2015-12-16,243,243,243,0,350,0.9582477754962354,100.0
02061101,2014-12-31,2015-12-16,243,243,243,0,350,0.9582477754962354,100.0
18671401,2014-12-31,2015-12-14,241,241,241,0,348,0.9527720739219713,100.0
00322602,2014-12-31,2015-12-11,240,240,240,0,345,0.944558521560575,100.0
06397101,2014-12-31,2015-12-09,238,238,238,0,343,0.9390828199863107,100.0
02951101,2014-12-31,2015-12-08,237,237,237,0,342,0.9363449691991786,100.0
06231701,2014-12-31,2015-12-08,237,237,237,0,342,0.9363449691991786,100.0
18551701,2014-12-31,2015-12-07,236,236,236,0,341,0.9336071184120466,100.0
03148801,2014-12-31,2015-12-04,235,235,235,0,338,0.9253935660506503,100.0
14877001,2014-12-31,2015-12-03,234,234,234,0,337,0.9226557152635181,100.0
03587401,2020-01-31,2020-12-31,233,233,233,0,335,0.917180013689254,100.0
03602501,2020-01-31,2020-12-31,233,233,233,0,335,0.917180013689254,100.0
03604901,2020-02-06,2020-12-31,229,229,229,0,329,0.9007529089664613,100.0
03617501,2020-02-10,2020-12-31,227,227,227,0,325,0.8898015058179329,100.0
02714801,2016-07-15,2017-06-07,226,226,226,0,327,0.8952772073921971,100.0
17929901,2014-12-31,2015-11-20,226,226,226,0,324,0.8870636550308009,100.0
00969901,2014-12-31,2015-11-17,223,223,223,0,321,0.8788501026694046,100.0
17079101,2016-04-15,2017-02-28,220,220,220,0,319,0.8733744010951403,100.0
01705601,2014-12-31,2015-11-11,219,219,219,0,315,0.8624229979466119,100.0
06569703,2014-12-31,2015-11-10,218,218,218,0,314,0.8596851471594799,100.0
00308201,2014-12-31,2015-10-30,211,211,211,0,303,0.8295687885010267,100.0
12201501,2014-12-31,2015-10-30,211,211,211,0,303,0.8295687885010267,100.0
03561201C,2020-03-03,2020-12-31,210,210,210,0,303,0.8295687885010267,100.0
00341601,2014-12-31,2015-10-29,210,210,210,0,302,0.8268309377138946,100.0
02587701,2014-12-31,2015-10-27,208,208,208,0,300,0.8213552361396304,100.0
02900101,2014-12-31,2015-10-27,208,208,208,0,300,0.8213552361396304,100.0
03619001,2020-03-19,2020-12-31,200,200,200,0,287,0.785763175906913,100.0
03619101,2020-03-19,2020-12-31,200,200,200,0,287,0.785763175906913,100.0
06663001,2014-12-31,2015-10-13,198,198,198,0,286,0.783025325119781,100.0
16387201,2014-12-31,2015-10-06,193,193,193,0,279,0.7638603696098563,100.0
03588201,2020-03-31,2020-12-31,192,192,192,0,275,0.7529089664613279,100.0
03597801,2020-04-01,2020-12-31,191,191,191,0,274,0.7501711156741958,100.0
18505801,2014-12-31,2015-10-01,190,190,190,0,274,0.7501711156741958,100.0
00524101,2014-12-31,2015-09-30,189,189,189,0,273,0.7474332648870636,100.0
00930201,2014-12-31,2015-09-30,189,189,189,0,273,0.7474332648870636,100.0
01890001,2014-12-31,2015-09-30,189,189,189,0,273,0.7474332648870636,100.0
16442201,2014-12-31,2015-09-30,189,189,189,0,273,0.7474332648870636,100.0
17712401,2014-12-31,2015-09-30,189,189,189,0,273,0.7474332648870636,100.0
03630901,2020-04-09,2020-12-31,185,185,185,0,266,0.7282683093771389,100.0
17795301,2014-12-31,2015-09-16,179,179,179,0,259,0.7091033538672142,100.0
16025501,2014-12-31,2015-09-02,170,170,170,0,245,0.6707734428473648,100.0
00830401,2014-12-31,2015-08-28,167,167,167,0,240,0.6570841889117043,100.0
01768801,2014-12-31,2015-08-27,166,166,166,0,239,0.6543463381245722,100.0
16066101,2014-12-31,2015-08-25,164,164,164,0,237,0.648870636550308,100.0
02182801,2014-12-31,2015-08-21,162,162,162,0,233,0.6379192334017796,100.0
03588001,2020-03-16,2020-12-31,158,158,158,0,290,0.7939767282683093,100.0
00813301,2014-12-31,2015-08-17,158,158,158,0,229,0.6269678302532512,100.0
03623601,2020-05-22,2020-12-31,155,155,155,0,223,0.6105407255304586,100.0
12013401,2014-12-31,2015-08-06,151,151,151,0,218,0.5968514715947981,100.0
03114701,2014-12-31,2015-08-03,148,148,148,0,215,0.5886379192334018,100.0
16311803,2020-06-03,2020-12-31,148,148,148,0,211,0.5776865160848734,100.0
01723301,2014-12-31,2015-07-31,147,147,147,0,212,0.5804243668720055,100.0
14893201,2014-12-31,2015-07-31,147,147,147,0,212,0.5804243668720055,100.0
01220601,2014-12-31,2015-07-24,142,142,142,0,205,0.5612594113620808,100.0
03161601,2014-12-31,2015-07-23,141,141,141,0,204,0.5585215605749486,100.0
03661301,2015-08-27,2020-12-31,140,140,140,0,1953,5.347022587268994,100.0
01665001,2014-12-31,2015-07-22,140,140,140,0,203,0.5557837097878165,100.0
03647401,2020-06-16,2020-12-31,139,139,139,0,198,0.5420944558521561,100.0
16606101,2014-12-31,2015-07-20,138,138,138,0,201,0.5503080082135524,100.0
02564501,2020-06-26,2020-12-31,131,131,131,0,188,0.5147159479808351,100.0
06155701,2014-12-31,2015-07-07,129,129,129,0,188,0.5147159479808351,100.0
00456001,2014-12-31,2015-07-06,128,128,128,0,187,0.5119780971937029,100.0
00409403,2020-07-01,2020-12-31,128,128,128,0,183,0.5010266940451745,100.0
03669101,2020-07-01,2020-12-31,128,128,128,0,183,0.5010266940451745,100.0
01297801,2014-12-31,2015-07-02,127,127,127,0,183,0.5010266940451745,100.0
15284801,2014-12-31,2015-07-02,127,127,127,0,183,0.5010266940451745,100.0
03626301,2020-07-02,2020-12-31,127,127,127,0,182,0.49828884325804246,100.0
01144601,2014-12-31,2015-07-01,126,126,126,0,182,0.49828884325804246,100.0
06416501,2014-12-31,2015-07-01,126,126,126,0,182,0.49828884325804246,100.0
16394801,2014-12-31,2015-06-30,125,125,125,0,181,0.49555099247091033,100.0
01155501,2014-12-31,2015-06-29,124,124,124,0,180,0.4928131416837782,100.0
18392001,2014-12-31,2015-06-22,119,119,119,0,173,0.4736481861738535,100.0
19285601,2014-12-31,2015-06-22,119,119,119,0,173,0.4736481861738535,100.0
03666001,2020-07-17,2020-12-31,117,117,117,0,167,0.45722108145106094,100.0
03673701C,2020-07-17,2020-12-31,115,115,115,0,167,0.45722108145106094,100.0
14717501,2014-12-31,2015-06-11,112,112,112,0,162,0.44353182751540043,100.0
16018302,2014-12-31,2015-06-10,111,111,111,0,161,0.4407939767282683,100.0
03679001C,2020-07-24,2020-12-31,110,110,110,0,160,0.4380561259411362,100.0
18949001,2014-12-31,2015-05-28,102,102,102,0,148,0.405201916495551,100.0
06144801,2014-12-31,2015-05-22,99,99,99,0,142,0.3887748117727584,100.0
15741501,2014-12-31,2015-05-14,93,93,93,0,134,0.3668720054757016,100.0
01431601,2014-12-31,2015-05-07,88,88,88,0,127,0.34770704996577684,100.0
17109701,2014-12-31,2015-05-07,88,88,88,0,127,0.34770704996577684,100.0
01941801,2014-12-31,2015-05-04,85,85,85,0,124,0.3394934976043806,100.0
16569901,2014-12-31,2015-04-29,82,82,82,0,119,0.3258042436687201,100.0
17431701,2014-12-31,2015-04-24,79,79,79,0,114,0.31211498973305957,100.0
10789801C,2014-12-31,2015-04-07,67,67,67,0,97,0.2655715263518138,100.0
00609701,2014-12-31,2015-04-06,65,65,65,0,96,0.26283367556468173,100.0
02829801C,2014-12-31,2015-04-02,65,65,65,0,92,0.2518822724161533,100.0
24591801W,2015-01-02,2015-04-02,65,65,65,0,90,0.2464065708418891,100.0
02428701W,2018-09-06,2020-12-29,64,64,64,0,845,2.3134839151266258,100.0
01247801,2014-12-31,2015-03-31,62,62,62,0,90,0.2464065708418891,100.0
06297702,2014-12-31,2015-03-31,62,62,62,0,90,0.2464065708418891,100.0
01570801,2014-12-31,2015-03-16,51,51,51,0,75,0.2053388090349076,100.0
03139201,2014-12-31,2015-03-16,51,51,51,0,75,0.2053388090349076,100.0
18325701,2014-12-31,2015-03-16,51,51,51,0,75,0.2053388090349076,100.0
15170801,2014-12-31,2015-03-13,50,50,50,0,72,0.1971252566735113,100.0
02864801,2014-12-31,2015-03-11,48,48,48,0,70,0.19164955509924708,100.0
14841401,2014-12-31,2015-03-02,41,41,41,0,61,0.16700889801505817,100.0
14409701,2014-12-31,2015-02-27,40,40,40,0,58,0.15879534565366188,100.0
03025501,2014-12-31,2015-02-20,35,35,35,0,51,0.13963039014373715,100.0
06416201,2014-12-31,2015-02-18,33,33,33,0,49,0.13415468856947296,100.0
01383601,2014-12-31,2015-02-17,32,32,32,0,48,0.13141683778234087,100.0
17411801,2014-12-31,2015-02-17,32,32,32,0,48,0.13141683778234087,100.0
18684601,2014-12-31,2015-02-13,31,31,31,0,44,0.12046543463381246,100.0
11336201,2014-12-31,2015-02-12,30,30,30,0,43,0.11772758384668036,100.0
06260201,2014-12-31,2015-02-05,25,25,25,0,36,0.09856262833675565,100.0
13020001,2014-12-31,2015-02-02,22,22,22,0,33,0.09034907597535935,100.0
18432101,2014-12-31,2015-02-02,22,22,22,0,33,0.09034907597535935,100.0
00878901,2014-12-31,2015-01-30,21,21,21,0,30,0.08213552361396304,100.0
00935901,2014-12-31,2015-01-29,20,20,20,0,29,0.07939767282683094,100.0
16027201,2014-12-31,2015-01-29,20,20,20,0,29,0.07939767282683094,100.0
17726402,2014-12-31,2015-01-26,17,17,17,0,26,0.07118412046543464,100.0
06386601,2014-12-31,2015-01-21,14,14,14,0,21,0.057494866529774126,100.0
00610901,2014-12-31,2015-01-13,9,9,9,0,13,0.03559206023271732,100.0
02177601,2014-12-31,2015-01-12,8,8,8,0,12,0.03285420944558522,100.0
16295701,2014-12-31,2015-01-12,8,8,8,0,12,0.03285420944558522,100.0
01088404,2014-12-31,2015-01-06,4,4,4,0,6,0.01642710472279261,100.0
02938601,2014-12-31,2014-12-31,1,1,1,0,0,0.0,100.0
